action,curr_lane,free_E,free_NE,free_NW,free_SE,free_SW,free_W,orig_label_lc,latent_collision,iaction,probability,elapsed_time,group_id
change_to_right,False,False,False,False,False,False,False,True,True,change_to_left,1.0,1.4476103782653809,1
change_to_right,False,False,False,False,False,False,False,True,True,change_to_right,1.0,1.4463350772857666,1
change_to_right,False,False,False,False,False,False,False,True,True,cruise,1.0,1.43080472946167,1
change_to_right,False,False,False,False,False,False,False,True,True,keep,1.0,1.443070411682129,1
change_to_right,False,False,False,False,False,False,False,True,True,swerve_left,1.0,1.4102873802185059,1
change_to_right,False,False,False,False,False,False,False,True,True,swerve_right,1.0,1.445957899093628,1
cruise,False,False,False,False,False,False,False,True,True,change_to_left,1.0,1.4397616386413574,2
cruise,False,False,False,False,False,False,False,True,True,change_to_right,1.0,1.463627815246582,2
cruise,False,False,False,False,False,False,False,True,True,cruise,1.0,1.386554479598999,2
cruise,False,False,False,False,False,False,False,True,True,keep,1.0,1.4571681022644043,2
cruise,False,False,False,False,False,False,False,True,True,swerve_left,1.0,1.3875176906585693,2
cruise,False,False,False,False,False,False,False,True,True,swerve_right,1.0,1.4517180919647217,2
change_to_left,False,False,False,False,False,False,False,True,True,change_to_left,1.0,1.4546608924865723,3
change_to_left,False,False,False,False,False,False,False,True,True,change_to_right,1.0,1.444119930267334,3
change_to_left,False,False,False,False,False,False,False,True,True,cruise,1.0,1.4088964462280273,3
change_to_left,False,False,False,False,False,False,False,True,True,keep,1.0,1.4163105487823486,3
change_to_left,False,False,False,False,False,False,False,True,True,swerve_left,1.0,1.3975856304168701,3
change_to_left,False,False,False,False,False,False,False,True,True,swerve_right,1.0,1.453378677368164,3
change_to_right,False,False,False,False,False,False,True,True,True,change_to_left,1.0,1.466620922088623,4
change_to_right,False,False,False,False,False,False,True,True,True,change_to_right,1.0,1.4481608867645264,4
change_to_right,False,False,False,False,False,False,True,True,True,cruise,1.0,1.422813892364502,4
change_to_right,False,False,False,False,False,False,True,True,True,keep,1.0,1.4703946113586426,4
change_to_right,False,False,False,False,False,False,True,True,True,swerve_left,1.0,1.4248428344726562,4
change_to_right,False,False,False,False,False,False,True,True,True,swerve_right,1.0,1.458040714263916,4
cruise,False,False,False,False,False,False,True,True,True,change_to_left,1.0,1.4322426319122314,5
cruise,False,False,False,False,False,False,True,True,True,change_to_right,1.0,1.4459614753723145,5
cruise,False,False,False,False,False,False,True,True,True,cruise,1.0,1.3885433673858643,5
cruise,False,False,False,False,False,False,True,True,True,keep,1.0,1.4492316246032715,5
cruise,False,False,False,False,False,False,True,True,True,swerve_left,1.0,1.3938777446746826,5
cruise,False,False,False,False,False,False,True,True,True,swerve_right,1.0,1.471266508102417,5
change_to_left,False,False,False,False,False,False,True,True,True,change_to_left,1.0,1.4489197731018066,6
change_to_left,False,False,False,False,False,False,True,True,True,change_to_right,1.0,1.4287364482879639,6
change_to_left,False,False,False,False,False,False,True,True,True,cruise,1.0,1.4031083583831787,6
change_to_left,False,False,False,False,False,False,True,True,True,keep,1.0,1.443769931793213,6
change_to_left,False,False,False,False,False,False,True,True,True,swerve_left,1.0,1.4153127670288086,6
change_to_left,False,False,False,False,False,False,True,True,True,swerve_right,1.0,1.460890293121338,6
change_to_right,False,False,False,False,False,True,False,True,True,change_to_left,1.0,1.4321415424346924,7
change_to_right,False,False,False,False,False,True,False,True,True,change_to_right,1.0,1.4355969429016113,7
change_to_right,False,False,False,False,False,True,False,True,True,cruise,1.0,1.418513536453247,7
change_to_right,False,False,False,False,False,True,False,True,True,keep,1.0,1.4555416107177734,7
change_to_right,False,False,False,False,False,True,False,True,True,swerve_left,1.0,1.3838562965393066,7
change_to_right,False,False,False,False,False,True,False,True,True,swerve_right,1.0,1.4337308406829834,7
cruise,False,False,False,False,False,True,False,True,True,change_to_left,1.0,1.4531419277191162,8
cruise,False,False,False,False,False,True,False,True,True,change_to_right,1.0,1.4348232746124268,8
cruise,False,False,False,False,False,True,False,True,True,cruise,1.0,1.416682243347168,8
cruise,False,False,False,False,False,True,False,True,True,keep,1.0,1.4403259754180908,8
cruise,False,False,False,False,False,True,False,True,True,swerve_left,1.0,1.390709638595581,8
cruise,False,False,False,False,False,True,False,True,True,swerve_right,1.0,1.4782991409301758,8
change_to_left,False,False,False,False,False,True,False,True,True,change_to_left,1.0,1.4551565647125244,9
change_to_left,False,False,False,False,False,True,False,True,True,change_to_right,1.0,1.4316117763519287,9
change_to_left,False,False,False,False,False,True,False,True,True,cruise,1.0,1.3992598056793213,9
change_to_left,False,False,False,False,False,True,False,True,True,keep,1.0,1.4430744647979736,9
change_to_left,False,False,False,False,False,True,False,True,True,swerve_left,1.0,1.390939712524414,9
change_to_left,False,False,False,False,False,True,False,True,True,swerve_right,1.0,1.4518063068389893,9
change_to_right,False,False,False,False,False,True,True,True,True,change_to_left,1.0,1.4341306686401367,10
change_to_right,False,False,False,False,False,True,True,True,True,change_to_right,1.0,1.4350166320800781,10
change_to_right,False,False,False,False,False,True,True,True,True,cruise,1.0,1.4177005290985107,10
change_to_right,False,False,False,False,False,True,True,True,True,keep,1.0,1.4455201625823975,10
change_to_right,False,False,False,False,False,True,True,True,True,swerve_left,1.0,1.4124641418457031,10
change_to_right,False,False,False,False,False,True,True,True,True,swerve_right,1.0,1.4424724578857422,10
cruise,False,False,False,False,False,True,True,True,True,change_to_left,1.0,1.5070126056671143,11
cruise,False,False,False,False,False,True,True,True,True,change_to_right,1.0,1.4793214797973633,11
cruise,False,False,False,False,False,True,True,True,True,cruise,1.0,1.4648487567901611,11
cruise,False,False,False,False,False,True,True,True,True,keep,1.0,1.4936234951019287,11
cruise,False,False,False,False,False,True,True,True,True,swerve_left,1.0,1.4772248268127441,11
cruise,False,False,False,False,False,True,True,True,True,swerve_right,1.0,1.4491074085235596,11
change_to_left,False,False,False,False,False,True,True,True,True,change_to_left,1.0,1.446833610534668,12
change_to_left,False,False,False,False,False,True,True,True,True,change_to_right,1.0,1.4267783164978027,12
change_to_left,False,False,False,False,False,True,True,True,True,cruise,1.0,1.426542043685913,12
change_to_left,False,False,False,False,False,True,True,True,True,keep,1.0,1.461197853088379,12
change_to_left,False,False,False,False,False,True,True,True,True,swerve_left,1.0,1.4259917736053467,12
change_to_left,False,False,False,False,False,True,True,True,True,swerve_right,1.0,1.4540505409240723,12
change_to_right,False,False,False,False,True,False,False,True,True,change_to_left,1.0,1.453104019165039,13
change_to_right,False,False,False,False,True,False,False,True,True,change_to_right,1.0,1.4605984687805176,13
change_to_right,False,False,False,False,True,False,False,True,True,cruise,1.0,1.4100165367126465,13
change_to_right,False,False,False,False,True,False,False,True,True,keep,1.0,1.472949743270874,13
change_to_right,False,False,False,False,True,False,False,True,True,swerve_left,1.0,1.4959254264831543,13
change_to_right,False,False,False,False,True,False,False,True,True,swerve_right,1.0,1.4600605964660645,13
cruise,False,False,False,False,True,False,False,True,True,change_to_left,1.0,1.4555206298828125,14
cruise,False,False,False,False,True,False,False,True,True,change_to_right,1.0,1.4706838130950928,14
cruise,False,False,False,False,True,False,False,True,True,cruise,1.0,1.390976905822754,14
cruise,False,False,False,False,True,False,False,True,True,keep,1.0,1.4454193115234375,14
cruise,False,False,False,False,True,False,False,True,True,swerve_left,1.0,1.4072456359863281,14
cruise,False,False,False,False,True,False,False,True,True,swerve_right,1.0,1.4404633045196533,14
change_to_left,False,False,False,False,True,False,False,True,True,change_to_left,1.0,1.4706883430480957,15
change_to_left,False,False,False,False,True,False,False,True,True,change_to_right,1.0,1.4470884799957275,15
change_to_left,False,False,False,False,True,False,False,True,True,cruise,1.0,1.4107272624969482,15
change_to_left,False,False,False,False,True,False,False,True,True,keep,1.0,1.4747130870819092,15
change_to_left,False,False,False,False,True,False,False,True,True,swerve_left,1.0,1.4224951267242432,15
change_to_left,False,False,False,False,True,False,False,True,True,swerve_right,1.0,1.459719181060791,15
change_to_right,False,False,False,False,True,False,True,True,True,change_to_left,1.0,1.4448020458221436,16
change_to_right,False,False,False,False,True,False,True,True,True,change_to_right,1.0,1.4466147422790527,16
change_to_right,False,False,False,False,True,False,True,True,True,cruise,1.0,1.4389050006866455,16
change_to_right,False,False,False,False,True,False,True,True,True,keep,1.0,1.4518957138061523,16
change_to_right,False,False,False,False,True,False,True,True,True,swerve_left,1.0,1.4334616661071777,16
change_to_right,False,False,False,False,True,False,True,True,True,swerve_right,1.0,1.462096929550171,16
cruise,False,False,False,False,True,False,True,True,True,change_to_left,1.0,1.4444115161895752,17
cruise,False,False,False,False,True,False,True,True,True,change_to_right,1.0,1.4603497982025146,17
cruise,False,False,False,False,True,False,True,True,True,cruise,1.0,1.4148023128509521,17
cruise,False,False,False,False,True,False,True,True,True,keep,1.0,1.4625561237335205,17
cruise,False,False,False,False,True,False,True,True,True,swerve_left,1.0,1.4446759223937988,17
cruise,False,False,False,False,True,False,True,True,True,swerve_right,1.0,1.4536609649658203,17
change_to_left,False,False,False,False,True,False,True,True,True,change_to_left,1.0,1.472548484802246,18
change_to_left,False,False,False,False,True,False,True,True,True,change_to_right,1.0,1.4448952674865723,18
change_to_left,False,False,False,False,True,False,True,True,True,cruise,1.0,1.4102075099945068,18
change_to_left,False,False,False,False,True,False,True,True,True,keep,1.0,1.4646313190460205,18
change_to_left,False,False,False,False,True,False,True,True,True,swerve_left,1.0,1.403285026550293,18
change_to_left,False,False,False,False,True,False,True,True,True,swerve_right,1.0,1.458010196685791,18
change_to_right,False,False,False,False,True,True,False,True,True,change_to_left,1.0,1.4804186820983887,19
change_to_right,False,False,False,False,True,True,False,True,True,change_to_right,1.0,1.4601848125457764,19
change_to_right,False,False,False,False,True,True,False,True,True,cruise,1.0,1.4184134006500244,19
change_to_right,False,False,False,False,True,True,False,True,True,keep,1.0,1.4604904651641846,19
change_to_right,False,False,False,False,True,True,False,True,True,swerve_left,1.0,1.439682960510254,19
change_to_right,False,False,False,False,True,True,False,True,True,swerve_right,1.0,1.4601047039031982,19
cruise,False,False,False,False,True,True,False,True,True,change_to_left,1.0,1.443075180053711,20
cruise,False,False,False,False,True,True,False,True,True,change_to_right,1.0,1.4328575134277344,20
cruise,False,False,False,False,True,True,False,True,True,cruise,1.0,1.4065392017364502,20
cruise,False,False,False,False,True,True,False,True,True,keep,1.0,1.4577369689941406,20
cruise,False,False,False,False,True,True,False,True,True,swerve_left,1.0,1.4028456211090088,20
cruise,False,False,False,False,True,True,False,True,True,swerve_right,1.0,1.4566261768341064,20
change_to_left,False,False,False,False,True,True,False,True,True,change_to_left,1.0,1.4661312103271484,21
change_to_left,False,False,False,False,True,True,False,True,True,change_to_right,1.0,1.4795236587524414,21
change_to_left,False,False,False,False,True,True,False,True,True,cruise,1.0,1.3989887237548828,21
change_to_left,False,False,False,False,True,True,False,True,True,keep,1.0,1.4739649295806885,21
change_to_left,False,False,False,False,True,True,False,True,True,swerve_left,1.0,1.4060664176940918,21
change_to_left,False,False,False,False,True,True,False,True,True,swerve_right,1.0,1.4724228382110596,21
cruise,False,False,False,False,True,True,True,True,True,change_to_left,1.0,1.4597110748291016,22
cruise,False,False,False,False,True,True,True,True,True,change_to_right,1.0,1.4460513591766357,22
cruise,False,False,False,False,True,True,True,True,True,cruise,1.0,1.410043716430664,22
cruise,False,False,False,False,True,True,True,True,True,keep,1.0,1.448599100112915,22
cruise,False,False,False,False,True,True,True,True,True,swerve_left,1.0,1.420630693435669,22
cruise,False,False,False,False,True,True,True,True,True,swerve_right,1.0,1.4582977294921875,22
change_to_right,False,False,False,False,True,True,True,True,True,change_to_left,1.0,1.4768242835998535,23
change_to_right,False,False,False,False,True,True,True,True,True,change_to_right,1.0,1.4601538181304932,23
change_to_right,False,False,False,False,True,True,True,True,True,cruise,1.0,1.438237190246582,23
change_to_right,False,False,False,False,True,True,True,True,True,keep,1.0,1.46164870262146,23
change_to_right,False,False,False,False,True,True,True,True,True,swerve_left,1.0,1.4528768062591553,23
change_to_right,False,False,False,False,True,True,True,True,True,swerve_right,1.0,1.484107255935669,23
change_to_left,False,False,False,False,True,True,True,True,True,change_to_left,1.0,1.4471349716186523,24
change_to_left,False,False,False,False,True,True,True,True,True,change_to_right,1.0,1.4484846591949463,24
change_to_left,False,False,False,False,True,True,True,True,True,cruise,1.0,1.432387351989746,24
change_to_left,False,False,False,False,True,True,True,True,True,keep,1.0,1.4677343368530273,24
change_to_left,False,False,False,False,True,True,True,True,True,swerve_left,1.0,1.4236929416656494,24
change_to_left,False,False,False,False,True,True,True,True,True,swerve_right,1.0,1.4762401580810547,24
change_to_right,False,False,False,True,False,False,False,True,True,change_to_left,1.0,1.4544923305511475,25
change_to_right,False,False,False,True,False,False,False,True,True,change_to_right,1.0,1.446976661682129,25
change_to_right,False,False,False,True,False,False,False,True,True,cruise,1.0,1.4005489349365234,25
change_to_right,False,False,False,True,False,False,False,True,True,keep,1.0,1.4549288749694824,25
change_to_right,False,False,False,True,False,False,False,True,True,swerve_left,1.0,1.3919329643249512,25
change_to_right,False,False,False,True,False,False,False,True,True,swerve_right,1.0,1.4888360500335693,25
change_to_left,False,False,False,True,False,False,False,True,True,change_to_left,1.0,1.4531240463256836,26
change_to_left,False,False,False,True,False,False,False,True,True,change_to_right,1.0,1.441359043121338,26
change_to_left,False,False,False,True,False,False,False,True,True,cruise,1.0,1.4412391185760498,26
change_to_left,False,False,False,True,False,False,False,True,True,keep,1.0,1.46433424949646,26
change_to_left,False,False,False,True,False,False,False,True,True,swerve_left,1.0,1.3978867530822754,26
change_to_left,False,False,False,True,False,False,False,True,True,swerve_right,1.0,1.4518077373504639,26
change_to_right,False,False,False,True,False,False,True,True,True,change_to_left,1.0,1.457611322402954,27
change_to_right,False,False,False,True,False,False,True,True,True,change_to_right,1.0,1.4433903694152832,27
change_to_right,False,False,False,True,False,False,True,True,True,cruise,1.0,1.4207525253295898,27
change_to_right,False,False,False,True,False,False,True,True,True,keep,1.0,1.4310359954833984,27
change_to_right,False,False,False,True,False,False,True,True,True,swerve_left,1.0,1.401207447052002,27
change_to_right,False,False,False,True,False,False,True,True,True,swerve_right,1.0,1.43221116065979,27
change_to_left,False,False,False,True,False,False,True,True,True,change_to_left,1.0,1.468872308731079,28
change_to_left,False,False,False,True,False,False,True,True,True,change_to_right,1.0,1.4715206623077393,28
change_to_left,False,False,False,True,False,False,True,True,True,cruise,1.0,1.4386255741119385,28
change_to_left,False,False,False,True,False,False,True,True,True,keep,1.0,1.4789519309997559,28
change_to_left,False,False,False,True,False,False,True,True,True,swerve_left,1.0,1.4144706726074219,28
change_to_left,False,False,False,True,False,False,True,True,True,swerve_right,1.0,1.456235647201538,28
change_to_right,False,False,False,True,False,True,False,True,True,change_to_left,1.0,1.4499163627624512,29
change_to_right,False,False,False,True,False,True,False,True,True,change_to_right,1.0,1.44443941116333,29
change_to_right,False,False,False,True,False,True,False,True,True,cruise,1.0,1.416855812072754,29
change_to_right,False,False,False,True,False,True,False,True,True,keep,1.0,1.454679012298584,29
change_to_right,False,False,False,True,False,True,False,True,True,swerve_left,1.0,1.4184117317199707,29
change_to_right,False,False,False,True,False,True,False,True,True,swerve_right,1.0,1.4684135913848877,29
change_to_left,False,False,False,True,False,True,False,True,True,change_to_left,1.0,1.4279844760894775,30
change_to_left,False,False,False,True,False,True,False,True,True,change_to_right,1.0,1.4454045295715332,30
change_to_left,False,False,False,True,False,True,False,True,True,cruise,1.0,1.4032955169677734,30
change_to_left,False,False,False,True,False,True,False,True,True,keep,1.0,1.4499051570892334,30
change_to_left,False,False,False,True,False,True,False,True,True,swerve_left,1.0,1.41396164894104,30
change_to_left,False,False,False,True,False,True,False,True,True,swerve_right,1.0,1.4464960098266602,30
change_to_right,False,False,False,True,False,True,True,True,True,change_to_left,1.0,1.458132266998291,31
change_to_right,False,False,False,True,False,True,True,True,True,change_to_right,1.0,1.4609477519989014,31
change_to_right,False,False,False,True,False,True,True,True,True,cruise,1.0,1.4138457775115967,31
change_to_right,False,False,False,True,False,True,True,True,True,keep,1.0,1.458571434020996,31
change_to_right,False,False,False,True,False,True,True,True,True,swerve_left,1.0,1.3991899490356445,31
change_to_right,False,False,False,True,False,True,True,True,True,swerve_right,1.0,1.4722578525543213,31
change_to_left,False,False,False,True,False,True,True,True,True,change_to_left,1.0,1.4522979259490967,32
change_to_left,False,False,False,True,False,True,True,True,True,change_to_right,1.0,1.4659099578857422,32
change_to_left,False,False,False,True,False,True,True,True,True,cruise,1.0,1.39481520652771,32
change_to_left,False,False,False,True,False,True,True,True,True,keep,1.0,1.458479881286621,32
change_to_left,False,False,False,True,False,True,True,True,True,swerve_left,1.0,1.4195680618286133,32
change_to_left,False,False,False,True,False,True,True,True,True,swerve_right,1.0,1.4838531017303467,32
change_to_right,False,False,False,True,True,False,False,True,True,change_to_left,1.0,1.463148593902588,33
change_to_right,False,False,False,True,True,False,False,True,True,change_to_right,1.0,1.4386146068572998,33
change_to_right,False,False,False,True,True,False,False,True,True,cruise,1.0,1.4221482276916504,33
change_to_right,False,False,False,True,True,False,False,True,True,keep,1.0,1.4505765438079834,33
change_to_right,False,False,False,True,True,False,False,True,True,swerve_left,1.0,1.4144189357757568,33
change_to_right,False,False,False,True,True,False,False,True,True,swerve_right,1.0,1.4569017887115479,33
change_to_left,False,False,False,True,True,False,False,True,True,change_to_left,1.0,1.454467535018921,34
change_to_left,False,False,False,True,True,False,False,True,True,change_to_right,1.0,1.4604341983795166,34
change_to_left,False,False,False,True,True,False,False,True,True,cruise,1.0,1.442991018295288,34
change_to_left,False,False,False,True,True,False,False,True,True,keep,1.0,1.461665391921997,34
change_to_left,False,False,False,True,True,False,False,True,True,swerve_left,1.0,1.421128511428833,34
change_to_left,False,False,False,True,True,False,False,True,True,swerve_right,1.0,1.476151704788208,34
change_to_right,False,False,False,True,True,False,True,True,True,change_to_left,1.0,1.479917049407959,35
change_to_right,False,False,False,True,True,False,True,True,True,change_to_right,1.0,1.466902256011963,35
change_to_right,False,False,False,True,True,False,True,True,True,cruise,1.0,1.4425206184387207,35
change_to_right,False,False,False,True,True,False,True,True,True,keep,1.0,1.457446813583374,35
change_to_right,False,False,False,True,True,False,True,True,True,swerve_left,1.0,1.4222066402435303,35
change_to_right,False,False,False,True,True,False,True,True,True,swerve_right,1.0,1.4725286960601807,35
change_to_left,False,False,False,True,True,False,True,True,True,change_to_left,1.0,1.4610595703125,36
change_to_left,False,False,False,True,True,False,True,True,True,change_to_right,1.0,1.4436695575714111,36
change_to_left,False,False,False,True,True,False,True,True,True,cruise,1.0,1.376462459564209,36
change_to_left,False,False,False,True,True,False,True,True,True,keep,1.0,1.4287443161010742,36
change_to_left,False,False,False,True,True,False,True,True,True,swerve_left,1.0,1.378124713897705,36
change_to_left,False,False,False,True,True,False,True,True,True,swerve_right,1.0,1.4427196979522705,36
change_to_right,False,False,False,True,True,True,False,True,True,change_to_left,1.0,1.4713685512542725,37
change_to_right,False,False,False,True,True,True,False,True,True,change_to_right,1.0,1.4551751613616943,37
change_to_right,False,False,False,True,True,True,False,True,True,cruise,1.0,1.4142448902130127,37
change_to_right,False,False,False,True,True,True,False,True,True,keep,1.0,1.4690628051757812,37
change_to_right,False,False,False,True,True,True,False,True,True,swerve_left,1.0,1.4298503398895264,37
change_to_right,False,False,False,True,True,True,False,True,True,swerve_right,1.0,1.4610800743103027,37
change_to_left,False,False,False,True,True,True,False,True,True,change_to_left,1.0,1.4430255889892578,38
change_to_left,False,False,False,True,True,True,False,True,True,change_to_right,1.0,1.4403324127197266,38
change_to_left,False,False,False,True,True,True,False,True,True,cruise,1.0,1.4065332412719727,38
change_to_left,False,False,False,True,True,True,False,True,True,keep,1.0,1.4611849784851074,38
change_to_left,False,False,False,True,True,True,False,True,True,swerve_left,1.0,1.408902883529663,38
change_to_left,False,False,False,True,True,True,False,True,True,swerve_right,1.0,1.4261689186096191,38
change_to_right,False,False,False,True,True,True,True,True,True,change_to_left,1.0,1.4607160091400146,39
change_to_right,False,False,False,True,True,True,True,True,True,change_to_right,1.0,1.44016695022583,39
change_to_right,False,False,False,True,True,True,True,True,True,cruise,1.0,1.415182113647461,39
change_to_right,False,False,False,True,True,True,True,True,True,keep,1.0,1.4458849430084229,39
change_to_right,False,False,False,True,True,True,True,True,True,swerve_left,1.0,1.4156734943389893,39
change_to_right,False,False,False,True,True,True,True,True,True,swerve_right,1.0,1.442403793334961,39
change_to_left,False,False,False,True,True,True,True,True,True,change_to_left,1.0,1.421621561050415,40
change_to_left,False,False,False,True,True,True,True,True,True,change_to_right,1.0,1.4216346740722656,40
change_to_left,False,False,False,True,True,True,True,True,True,cruise,1.0,1.4157538414001465,40
change_to_left,False,False,False,True,True,True,True,True,True,keep,1.0,1.421252965927124,40
change_to_left,False,False,False,True,True,True,True,True,True,swerve_left,1.0,1.4030628204345703,40
change_to_left,False,False,False,True,True,True,True,True,True,swerve_right,1.0,1.4387824535369873,40
change_to_right,False,False,True,False,False,False,False,True,True,change_to_left,1.0,1.4755804538726807,41
change_to_right,False,False,True,False,False,False,False,True,True,change_to_right,1.0,1.4497864246368408,41
change_to_right,False,False,True,False,False,False,False,True,True,cruise,1.0,1.4115676879882812,41
change_to_right,False,False,True,False,False,False,False,True,True,keep,1.0,1.4524495601654053,41
change_to_right,False,False,True,False,False,False,False,True,True,swerve_left,1.0,1.4051856994628906,41
change_to_right,False,False,True,False,False,False,False,True,True,swerve_right,1.0,1.4744749069213867,41
cruise,False,False,True,False,False,False,False,True,True,change_to_left,1.0,1.4668805599212646,42
cruise,False,False,True,False,False,False,False,True,True,change_to_right,1.0,1.452568769454956,42
cruise,False,False,True,False,False,False,False,True,True,cruise,1.0,1.4251673221588135,42
cruise,False,False,True,False,False,False,False,True,True,keep,1.0,1.4803557395935059,42
cruise,False,False,True,False,False,False,False,True,True,swerve_left,1.0,1.401796579360962,42
cruise,False,False,True,False,False,False,False,True,True,swerve_right,1.0,1.468954086303711,42
change_to_left,False,False,True,False,False,False,False,True,True,change_to_left,1.0,1.4713835716247559,43
change_to_left,False,False,True,False,False,False,False,True,True,change_to_right,1.0,1.457526445388794,43
change_to_left,False,False,True,False,False,False,False,True,True,cruise,1.0,1.405956745147705,43
change_to_left,False,False,True,False,False,False,False,True,True,keep,1.0,1.4210052490234375,43
change_to_left,False,False,True,False,False,False,False,True,True,swerve_left,1.0,1.4079442024230957,43
change_to_left,False,False,True,False,False,False,False,True,True,swerve_right,1.0,1.440744400024414,43
change_to_right,False,False,True,False,False,False,True,True,True,change_to_left,1.0,1.4588215351104736,44
change_to_right,False,False,True,False,False,False,True,True,True,change_to_right,1.0,1.4515061378479004,44
change_to_right,False,False,True,False,False,False,True,True,True,cruise,1.0,1.4390838146209717,44
change_to_right,False,False,True,False,False,False,True,True,True,keep,1.0,1.4580624103546143,44
change_to_right,False,False,True,False,False,False,True,True,True,swerve_left,1.0,1.4205358028411865,44
change_to_right,False,False,True,False,False,False,True,True,True,swerve_right,1.0,1.4720890522003174,44
cruise,False,False,True,False,False,False,True,True,True,change_to_left,1.0,1.4597034454345703,45
cruise,False,False,True,False,False,False,True,True,True,change_to_right,1.0,1.4473943710327148,45
cruise,False,False,True,False,False,False,True,True,True,cruise,1.0,1.4242289066314697,45
cruise,False,False,True,False,False,False,True,True,True,keep,1.0,1.4933340549468994,45
cruise,False,False,True,False,False,False,True,True,True,swerve_left,1.0,1.4232487678527832,45
cruise,False,False,True,False,False,False,True,True,True,swerve_right,1.0,1.471496820449829,45
change_to_left,False,False,True,False,False,False,True,True,True,change_to_left,1.0,1.4594426155090332,46
change_to_left,False,False,True,False,False,False,True,True,True,change_to_right,1.0,1.446148157119751,46
change_to_left,False,False,True,False,False,False,True,True,True,cruise,1.0,1.4060323238372803,46
change_to_left,False,False,True,False,False,False,True,True,True,keep,1.0,1.4275038242340088,46
change_to_left,False,False,True,False,False,False,True,True,True,swerve_left,1.0,1.412226915359497,46
change_to_left,False,False,True,False,False,False,True,True,True,swerve_right,1.0,1.434631109237671,46
change_to_right,False,False,True,False,False,True,False,True,True,change_to_left,1.0,1.4379820823669434,47
change_to_right,False,False,True,False,False,True,False,True,True,change_to_right,1.0,1.4480361938476562,47
change_to_right,False,False,True,False,False,True,False,True,True,cruise,1.0,1.4092049598693848,47
change_to_right,False,False,True,False,False,True,False,True,True,keep,1.0,1.4337432384490967,47
change_to_right,False,False,True,False,False,True,False,True,True,swerve_left,1.0,1.4288043975830078,47
change_to_right,False,False,True,False,False,True,False,True,True,swerve_right,1.0,1.4328422546386719,47
cruise,False,False,True,False,False,True,False,True,True,change_to_left,1.0,1.4722294807434082,48
cruise,False,False,True,False,False,True,False,True,True,change_to_right,1.0,1.4505250453948975,48
cruise,False,False,True,False,False,True,False,True,True,cruise,1.0,1.4278736114501953,48
cruise,False,False,True,False,False,True,False,True,True,keep,1.0,1.4693505764007568,48
cruise,False,False,True,False,False,True,False,True,True,swerve_left,1.0,1.4176762104034424,48
cruise,False,False,True,False,False,True,False,True,True,swerve_right,1.0,1.461202621459961,48
change_to_left,False,False,True,False,False,True,False,True,True,change_to_left,1.0,1.4917817115783691,49
change_to_left,False,False,True,False,False,True,False,True,True,change_to_right,1.0,1.4592375755310059,49
change_to_left,False,False,True,False,False,True,False,True,True,cruise,1.0,1.4235718250274658,49
change_to_left,False,False,True,False,False,True,False,True,True,keep,1.0,1.4589393138885498,49
change_to_left,False,False,True,False,False,True,False,True,True,swerve_left,1.0,1.4250662326812744,49
change_to_left,False,False,True,False,False,True,False,True,True,swerve_right,1.0,1.4757270812988281,49
change_to_right,False,False,True,False,False,True,True,True,True,change_to_left,1.0,1.4396746158599854,50
change_to_right,False,False,True,False,False,True,True,True,True,change_to_right,1.0,1.4393675327301025,50
change_to_right,False,False,True,False,False,True,True,True,True,cruise,1.0,1.4094808101654053,50
change_to_right,False,False,True,False,False,True,True,True,True,keep,1.0,1.4922490119934082,50
change_to_right,False,False,True,False,False,True,True,True,True,swerve_left,1.0,1.4105055332183838,50
change_to_right,False,False,True,False,False,True,True,True,True,swerve_right,1.0,1.455820083618164,50
cruise,False,False,True,False,False,True,True,True,True,change_to_left,1.0,1.4838478565216064,51
cruise,False,False,True,False,False,True,True,True,True,change_to_right,1.0,1.4595575332641602,51
cruise,False,False,True,False,False,True,True,True,True,cruise,1.0,1.4031531810760498,51
cruise,False,False,True,False,False,True,True,True,True,keep,1.0,1.4778690338134766,51
cruise,False,False,True,False,False,True,True,True,True,swerve_left,1.0,1.4221034049987793,51
cruise,False,False,True,False,False,True,True,True,True,swerve_right,1.0,1.482771635055542,51
change_to_left,False,False,True,False,False,True,True,True,True,change_to_left,1.0,1.4352779388427734,52
change_to_left,False,False,True,False,False,True,True,True,True,change_to_right,1.0,1.4272418022155762,52
change_to_left,False,False,True,False,False,True,True,True,True,cruise,1.0,1.4155097007751465,52
change_to_left,False,False,True,False,False,True,True,True,True,keep,1.0,1.4456381797790527,52
change_to_left,False,False,True,False,False,True,True,True,True,swerve_left,1.0,1.3867530822753906,52
change_to_left,False,False,True,False,False,True,True,True,True,swerve_right,1.0,1.449549913406372,52
change_to_right,False,False,True,False,True,False,False,True,True,change_to_left,1.0,1.4486186504364014,53
change_to_right,False,False,True,False,True,False,False,True,True,change_to_right,1.0,1.4487342834472656,53
change_to_right,False,False,True,False,True,False,False,True,True,cruise,1.0,1.4276375770568848,53
change_to_right,False,False,True,False,True,False,False,True,True,keep,1.0,1.4581496715545654,53
change_to_right,False,False,True,False,True,False,False,True,True,swerve_left,1.0,1.44730806350708,53
change_to_right,False,False,True,False,True,False,False,True,True,swerve_right,1.0,1.4633989334106445,53
cruise,False,False,True,False,True,False,False,True,True,change_to_left,1.0,1.4619567394256592,54
cruise,False,False,True,False,True,False,False,True,True,change_to_right,1.0,1.4457573890686035,54
cruise,False,False,True,False,True,False,False,True,True,cruise,1.0,1.4027550220489502,54
cruise,False,False,True,False,True,False,False,True,True,keep,1.0,1.4304065704345703,54
cruise,False,False,True,False,True,False,False,True,True,swerve_left,1.0,1.395517349243164,54
cruise,False,False,True,False,True,False,False,True,True,swerve_right,1.0,1.4585990905761719,54
change_to_left,False,False,True,False,True,False,False,True,True,change_to_left,1.0,1.427818775177002,55
change_to_left,False,False,True,False,True,False,False,True,True,change_to_right,1.0,1.4268124103546143,55
change_to_left,False,False,True,False,True,False,False,True,True,cruise,1.0,1.3989765644073486,55
change_to_left,False,False,True,False,True,False,False,True,True,keep,1.0,1.4260621070861816,55
change_to_left,False,False,True,False,True,False,False,True,True,swerve_left,1.0,1.3849382400512695,55
change_to_left,False,False,True,False,True,False,False,True,True,swerve_right,1.0,1.4452345371246338,55
change_to_right,False,False,True,False,True,False,True,True,True,change_to_left,1.0,1.431049108505249,56
change_to_right,False,False,True,False,True,False,True,True,True,change_to_right,1.0,1.4446299076080322,56
change_to_right,False,False,True,False,True,False,True,True,True,cruise,1.0,1.3867981433868408,56
change_to_right,False,False,True,False,True,False,True,True,True,keep,1.0,1.4542467594146729,56
change_to_right,False,False,True,False,True,False,True,True,True,swerve_left,1.0,1.4027941226959229,56
change_to_right,False,False,True,False,True,False,True,True,True,swerve_right,1.0,1.4402177333831787,56
cruise,False,False,True,False,True,False,True,True,True,change_to_left,1.0,1.4682865142822266,57
cruise,False,False,True,False,True,False,True,True,True,change_to_right,1.0,1.4459483623504639,57
cruise,False,False,True,False,True,False,True,True,True,cruise,1.0,1.454251766204834,57
cruise,False,False,True,False,True,False,True,True,True,keep,1.0,1.476048469543457,57
cruise,False,False,True,False,True,False,True,True,True,swerve_left,1.0,1.437751054763794,57
cruise,False,False,True,False,True,False,True,True,True,swerve_right,1.0,1.4744644165039062,57
change_to_left,False,False,True,False,True,False,True,True,True,change_to_left,1.0,1.4504101276397705,58
change_to_left,False,False,True,False,True,False,True,True,True,change_to_right,1.0,1.4515843391418457,58
change_to_left,False,False,True,False,True,False,True,True,True,cruise,1.0,1.4384129047393799,58
change_to_left,False,False,True,False,True,False,True,True,True,keep,1.0,1.4648690223693848,58
change_to_left,False,False,True,False,True,False,True,True,True,swerve_left,1.0,1.4234399795532227,58
change_to_left,False,False,True,False,True,False,True,True,True,swerve_right,1.0,1.4550418853759766,58
change_to_right,False,False,True,False,True,True,False,True,True,change_to_left,1.0,1.4716641902923584,59
change_to_right,False,False,True,False,True,True,False,True,True,change_to_right,1.0,1.445098876953125,59
change_to_right,False,False,True,False,True,True,False,True,True,cruise,1.0,1.4161114692687988,59
change_to_right,False,False,True,False,True,True,False,True,True,keep,1.0,1.497483730316162,59
change_to_right,False,False,True,False,True,True,False,True,True,swerve_left,1.0,1.4148714542388916,59
change_to_right,False,False,True,False,True,True,False,True,True,swerve_right,1.0,1.4701838493347168,59
cruise,False,False,True,False,True,True,False,True,True,change_to_left,1.0,1.4517240524291992,60
cruise,False,False,True,False,True,True,False,True,True,change_to_right,1.0,1.4513285160064697,60
cruise,False,False,True,False,True,True,False,True,True,cruise,1.0,1.4425866603851318,60
cruise,False,False,True,False,True,True,False,True,True,keep,1.0,1.4590060710906982,60
cruise,False,False,True,False,True,True,False,True,True,swerve_left,1.0,1.427065372467041,60
cruise,False,False,True,False,True,True,False,True,True,swerve_right,1.0,1.454289436340332,60
change_to_left,False,False,True,False,True,True,False,True,True,change_to_left,1.0,1.4651846885681152,61
change_to_left,False,False,True,False,True,True,False,True,True,change_to_right,1.0,1.4509377479553223,61
change_to_left,False,False,True,False,True,True,False,True,True,cruise,1.0,1.4145169258117676,61
change_to_left,False,False,True,False,True,True,False,True,True,keep,1.0,1.4544329643249512,61
change_to_left,False,False,True,False,True,True,False,True,True,swerve_left,1.0,1.4166433811187744,61
change_to_left,False,False,True,False,True,True,False,True,True,swerve_right,1.0,1.468066930770874,61
change_to_right,False,False,True,False,True,True,True,True,True,change_to_left,1.0,1.5201961994171143,62
change_to_right,False,False,True,False,True,True,True,True,True,change_to_right,1.0,1.6762290000915527,62
change_to_right,False,False,True,False,True,True,True,True,True,cruise,1.0,1.5321753025054932,62
change_to_right,False,False,True,False,True,True,True,True,True,keep,1.0,1.46946120262146,62
change_to_right,False,False,True,False,True,True,True,True,True,swerve_left,1.0,1.4714062213897705,62
change_to_right,False,False,True,False,True,True,True,True,True,swerve_right,1.0,1.4971592426300049,62
cruise,False,False,True,False,True,True,True,True,True,change_to_left,1.0,1.490738868713379,63
cruise,False,False,True,False,True,True,True,True,True,change_to_right,1.0,1.482041597366333,63
cruise,False,False,True,False,True,True,True,True,True,cruise,1.0,1.4435064792633057,63
cruise,False,False,True,False,True,True,True,True,True,keep,1.0,1.5105884075164795,63
cruise,False,False,True,False,True,True,True,True,True,swerve_left,1.0,1.433030128479004,63
cruise,False,False,True,False,True,True,True,True,True,swerve_right,1.0,1.5097544193267822,63
change_to_left,False,False,True,False,True,True,True,True,True,change_to_left,1.0,1.4910109043121338,64
change_to_left,False,False,True,False,True,True,True,True,True,change_to_right,1.0,1.4704174995422363,64
change_to_left,False,False,True,False,True,True,True,True,True,cruise,1.0,1.4554049968719482,64
change_to_left,False,False,True,False,True,True,True,True,True,keep,1.0,1.5019447803497314,64
change_to_left,False,False,True,False,True,True,True,True,True,swerve_left,1.0,1.4429335594177246,64
change_to_left,False,False,True,False,True,True,True,True,True,swerve_right,1.0,1.50764799118042,64
change_to_right,False,False,True,True,False,False,False,True,True,change_to_left,1.0,1.481259822845459,65
change_to_right,False,False,True,True,False,False,False,True,True,change_to_right,1.0,1.4679028987884521,65
change_to_right,False,False,True,True,False,False,False,True,True,cruise,1.0,1.4666714668273926,65
change_to_right,False,False,True,True,False,False,False,True,True,keep,1.0,1.5074784755706787,65
change_to_right,False,False,True,True,False,False,False,True,True,swerve_left,1.0,1.4453885555267334,65
change_to_right,False,False,True,True,False,False,False,True,True,swerve_right,1.0,1.5076985359191895,65
change_to_left,False,False,True,True,False,False,False,True,True,change_to_left,1.0,1.4985954761505127,66
change_to_left,False,False,True,True,False,False,False,True,True,change_to_right,1.0,1.5045626163482666,66
change_to_left,False,False,True,True,False,False,False,True,True,cruise,1.0,1.4374234676361084,66
change_to_left,False,False,True,True,False,False,False,True,True,keep,1.0,1.4955143928527832,66
change_to_left,False,False,True,True,False,False,False,True,True,swerve_left,1.0,1.45381760597229,66
change_to_left,False,False,True,True,False,False,False,True,True,swerve_right,1.0,1.5023462772369385,66
change_to_right,False,False,True,True,False,False,True,True,True,change_to_left,1.0,1.4773695468902588,67
change_to_right,False,False,True,True,False,False,True,True,True,change_to_right,1.0,1.4710054397583008,67
change_to_right,False,False,True,True,False,False,True,True,True,cruise,1.0,1.4302549362182617,67
change_to_right,False,False,True,True,False,False,True,True,True,keep,1.0,1.4908556938171387,67
change_to_right,False,False,True,True,False,False,True,True,True,swerve_left,1.0,1.4574978351593018,67
change_to_right,False,False,True,True,False,False,True,True,True,swerve_right,1.0,1.4705989360809326,67
change_to_left,False,False,True,True,False,False,True,True,True,change_to_left,1.0,1.4709258079528809,68
change_to_left,False,False,True,True,False,False,True,True,True,change_to_right,1.0,1.4740500450134277,68
change_to_left,False,False,True,True,False,False,True,True,True,cruise,1.0,1.4364817142486572,68
change_to_left,False,False,True,True,False,False,True,True,True,keep,1.0,1.4856719970703125,68
change_to_left,False,False,True,True,False,False,True,True,True,swerve_left,1.0,1.4362523555755615,68
change_to_left,False,False,True,True,False,False,True,True,True,swerve_right,1.0,1.4730467796325684,68
change_to_right,False,False,True,True,False,True,False,True,True,change_to_left,1.0,1.5280787944793701,69
change_to_right,False,False,True,True,False,True,False,True,True,change_to_right,1.0,1.5056531429290771,69
change_to_right,False,False,True,True,False,True,False,True,True,cruise,1.0,1.4739794731140137,69
change_to_right,False,False,True,True,False,True,False,True,True,keep,1.0,1.518975019454956,69
change_to_right,False,False,True,True,False,True,False,True,True,swerve_left,1.0,1.4648890495300293,69
change_to_right,False,False,True,True,False,True,False,True,True,swerve_right,1.0,1.5214552879333496,69
change_to_left,False,False,True,True,False,True,False,True,True,change_to_left,1.0,1.4843826293945312,70
change_to_left,False,False,True,True,False,True,False,True,True,change_to_right,1.0,1.469421625137329,70
change_to_left,False,False,True,True,False,True,False,True,True,cruise,1.0,1.43296480178833,70
change_to_left,False,False,True,True,False,True,False,True,True,keep,1.0,1.4795355796813965,70
change_to_left,False,False,True,True,False,True,False,True,True,swerve_left,1.0,1.420328140258789,70
change_to_left,False,False,True,True,False,True,False,True,True,swerve_right,1.0,1.4975767135620117,70
change_to_right,False,False,True,True,False,True,True,True,True,change_to_left,1.0,1.508570909500122,71
change_to_right,False,False,True,True,False,True,True,True,True,change_to_right,1.0,1.484147548675537,71
change_to_right,False,False,True,True,False,True,True,True,True,cruise,1.0,1.46537184715271,71
change_to_right,False,False,True,True,False,True,True,True,True,keep,1.0,1.5098097324371338,71
change_to_right,False,False,True,True,False,True,True,True,True,swerve_left,1.0,1.4555022716522217,71
change_to_right,False,False,True,True,False,True,True,True,True,swerve_right,1.0,1.5106008052825928,71
change_to_left,False,False,True,True,False,True,True,True,True,change_to_left,1.0,1.4964942932128906,72
change_to_left,False,False,True,True,False,True,True,True,True,change_to_right,1.0,1.4933154582977295,72
change_to_left,False,False,True,True,False,True,True,True,True,cruise,1.0,1.4622833728790283,72
change_to_left,False,False,True,True,False,True,True,True,True,keep,1.0,1.5035204887390137,72
change_to_left,False,False,True,True,False,True,True,True,True,swerve_left,1.0,1.450120449066162,72
change_to_left,False,False,True,True,False,True,True,True,True,swerve_right,1.0,1.5088675022125244,72
change_to_right,False,False,True,True,True,False,False,True,True,change_to_left,1.0,1.4920833110809326,73
change_to_right,False,False,True,True,True,False,False,True,True,change_to_right,1.0,1.4932711124420166,73
change_to_right,False,False,True,True,True,False,False,True,True,cruise,1.0,1.4569194316864014,73
change_to_right,False,False,True,True,True,False,False,True,True,keep,1.0,1.528599739074707,73
change_to_right,False,False,True,True,True,False,False,True,True,swerve_left,1.0,1.4751291275024414,73
change_to_right,False,False,True,True,True,False,False,True,True,swerve_right,1.0,1.5196328163146973,73
change_to_left,False,False,True,True,True,False,False,True,True,change_to_left,1.0,1.4911894798278809,74
change_to_left,False,False,True,True,True,False,False,True,True,change_to_right,1.0,1.4885706901550293,74
change_to_left,False,False,True,True,True,False,False,True,True,cruise,1.0,1.5142450332641602,74
change_to_left,False,False,True,True,True,False,False,True,True,keep,1.0,1.5304534435272217,74
change_to_left,False,False,True,True,True,False,False,True,True,swerve_left,1.0,1.4689631462097168,74
change_to_left,False,False,True,True,True,False,False,True,True,swerve_right,1.0,1.4944486618041992,74
change_to_right,False,False,True,True,True,False,True,True,True,change_to_left,1.0,1.5049717426300049,75
change_to_right,False,False,True,True,True,False,True,True,True,change_to_right,1.0,1.4760525226593018,75
change_to_right,False,False,True,True,True,False,True,True,True,cruise,1.0,1.4569389820098877,75
change_to_right,False,False,True,True,True,False,True,True,True,keep,1.0,1.512190580368042,75
change_to_right,False,False,True,True,True,False,True,True,True,swerve_left,1.0,1.4441945552825928,75
change_to_right,False,False,True,True,True,False,True,True,True,swerve_right,1.0,1.520254373550415,75
change_to_left,False,False,True,True,True,False,True,True,True,change_to_left,1.0,1.5054266452789307,76
change_to_left,False,False,True,True,True,False,True,True,True,change_to_right,1.0,1.5019564628601074,76
change_to_left,False,False,True,True,True,False,True,True,True,cruise,1.0,1.4688653945922852,76
change_to_left,False,False,True,True,True,False,True,True,True,keep,1.0,1.5127263069152832,76
change_to_left,False,False,True,True,True,False,True,True,True,swerve_left,1.0,1.4788179397583008,76
change_to_left,False,False,True,True,True,False,True,True,True,swerve_right,1.0,1.4896070957183838,76
change_to_right,False,False,True,True,True,True,False,True,True,change_to_left,1.0,1.5069689750671387,77
change_to_right,False,False,True,True,True,True,False,True,True,change_to_right,1.0,1.497753620147705,77
change_to_right,False,False,True,True,True,True,False,True,True,cruise,1.0,1.4685404300689697,77
change_to_right,False,False,True,True,True,True,False,True,True,keep,1.0,1.4987664222717285,77
change_to_right,False,False,True,True,True,True,False,True,True,swerve_left,1.0,1.4568994045257568,77
change_to_right,False,False,True,True,True,True,False,True,True,swerve_right,1.0,1.5152997970581055,77
change_to_left,False,False,True,True,True,True,False,True,True,change_to_left,1.0,1.5151231288909912,78
change_to_left,False,False,True,True,True,True,False,True,True,change_to_right,1.0,1.4909231662750244,78
change_to_left,False,False,True,True,True,True,False,True,True,cruise,1.0,1.462916612625122,78
change_to_left,False,False,True,True,True,True,False,True,True,keep,1.0,1.5131945610046387,78
change_to_left,False,False,True,True,True,True,False,True,True,swerve_left,1.0,1.4359476566314697,78
change_to_left,False,False,True,True,True,True,False,True,True,swerve_right,1.0,1.5331003665924072,78
change_to_right,False,False,True,True,True,True,True,True,True,change_to_left,1.0,1.5096957683563232,79
change_to_right,False,False,True,True,True,True,True,True,True,change_to_right,1.0,1.4730088710784912,79
change_to_right,False,False,True,True,True,True,True,True,True,cruise,1.0,1.4580624103546143,79
change_to_right,False,False,True,True,True,True,True,True,True,keep,1.0,1.4946210384368896,79
change_to_right,False,False,True,True,True,True,True,True,True,swerve_left,1.0,1.4525699615478516,79
change_to_right,False,False,True,True,True,True,True,True,True,swerve_right,1.0,1.5080194473266602,79
change_to_left,False,False,True,True,True,True,True,True,True,change_to_left,1.0,1.5031630992889404,80
change_to_left,False,False,True,True,True,True,True,True,True,change_to_right,1.0,1.499124526977539,80
change_to_left,False,False,True,True,True,True,True,True,True,cruise,1.0,1.5128648281097412,80
change_to_left,False,False,True,True,True,True,True,True,True,keep,1.0,1.504610300064087,80
change_to_left,False,False,True,True,True,True,True,True,True,swerve_left,1.0,1.4619994163513184,80
change_to_left,False,False,True,True,True,True,True,True,True,swerve_right,1.0,1.4962575435638428,80
change_to_right,False,True,False,False,False,False,False,True,True,change_to_left,1.0,1.4825732707977295,81
change_to_right,False,True,False,False,False,False,False,True,True,change_to_right,1.0,1.4959816932678223,81
change_to_right,False,True,False,False,False,False,False,True,True,cruise,1.0,1.4740395545959473,81
change_to_right,False,True,False,False,False,False,False,True,True,keep,1.0,1.49534010887146,81
change_to_right,False,True,False,False,False,False,False,True,True,swerve_left,1.0,1.4633615016937256,81
change_to_right,False,True,False,False,False,False,False,True,True,swerve_right,1.0,1.5047037601470947,81
cruise,False,True,False,False,False,False,False,True,True,change_to_left,1.0,1.5159580707550049,82
cruise,False,True,False,False,False,False,False,True,True,change_to_right,1.0,1.474259376525879,82
cruise,False,True,False,False,False,False,False,True,True,cruise,1.0,1.4384114742279053,82
cruise,False,True,False,False,False,False,False,True,True,keep,1.0,1.5112628936767578,82
cruise,False,True,False,False,False,False,False,True,True,swerve_left,1.0,1.4378407001495361,82
cruise,False,True,False,False,False,False,False,True,True,swerve_right,1.0,1.4997227191925049,82
change_to_left,False,True,False,False,False,False,False,True,True,change_to_left,1.0,1.5064198970794678,83
change_to_left,False,True,False,False,False,False,False,True,True,change_to_right,1.0,1.5047264099121094,83
change_to_left,False,True,False,False,False,False,False,True,True,cruise,1.0,1.4851698875427246,83
change_to_left,False,True,False,False,False,False,False,True,True,keep,1.0,1.5046591758728027,83
change_to_left,False,True,False,False,False,False,False,True,True,swerve_left,1.0,1.4535601139068604,83
change_to_left,False,True,False,False,False,False,False,True,True,swerve_right,1.0,1.5280299186706543,83
change_to_right,False,True,False,False,False,False,True,True,True,change_to_left,1.0,1.4623668193817139,84
change_to_right,False,True,False,False,False,False,True,True,True,change_to_right,1.0,1.4808716773986816,84
change_to_right,False,True,False,False,False,False,True,True,True,cruise,1.0,1.4111311435699463,84
change_to_right,False,True,False,False,False,False,True,True,True,keep,1.0,1.46622896194458,84
change_to_right,False,True,False,False,False,False,True,True,True,swerve_left,1.0,1.434333086013794,84
change_to_right,False,True,False,False,False,False,True,True,True,swerve_right,1.0,1.4625790119171143,84
cruise,False,True,False,False,False,False,True,True,True,change_to_left,1.0,1.4652795791625977,85
cruise,False,True,False,False,False,False,True,True,True,change_to_right,1.0,1.459742546081543,85
cruise,False,True,False,False,False,False,True,True,True,cruise,1.0,1.4322896003723145,85
cruise,False,True,False,False,False,False,True,True,True,keep,1.0,1.4929046630859375,85
cruise,False,True,False,False,False,False,True,True,True,swerve_left,1.0,1.4259660243988037,85
cruise,False,True,False,False,False,False,True,True,True,swerve_right,1.0,1.4713139533996582,85
change_to_left,False,True,False,False,False,False,True,True,True,change_to_left,1.0,1.4980802536010742,86
change_to_left,False,True,False,False,False,False,True,True,True,change_to_right,1.0,1.4834718704223633,86
change_to_left,False,True,False,False,False,False,True,True,True,cruise,1.0,1.469109296798706,86
change_to_left,False,True,False,False,False,False,True,True,True,keep,1.0,1.502211570739746,86
change_to_left,False,True,False,False,False,False,True,True,True,swerve_left,1.0,1.4486336708068848,86
change_to_left,False,True,False,False,False,False,True,True,True,swerve_right,1.0,1.5151400566101074,86
change_to_right,False,True,False,False,False,True,False,True,True,change_to_left,1.0,1.5129683017730713,87
change_to_right,False,True,False,False,False,True,False,True,True,change_to_right,1.0,1.5067884922027588,87
change_to_right,False,True,False,False,False,True,False,True,True,cruise,1.0,1.4434247016906738,87
change_to_right,False,True,False,False,False,True,False,True,True,keep,1.0,1.4949913024902344,87
change_to_right,False,True,False,False,False,True,False,True,True,swerve_left,1.0,1.4612736701965332,87
change_to_right,False,True,False,False,False,True,False,True,True,swerve_right,1.0,1.4829251766204834,87
cruise,False,True,False,False,False,True,False,True,True,change_to_left,1.0,1.5095245838165283,88
cruise,False,True,False,False,False,True,False,True,True,change_to_right,1.0,1.4951868057250977,88
cruise,False,True,False,False,False,True,False,True,True,cruise,1.0,1.4494802951812744,88
cruise,False,True,False,False,False,True,False,True,True,keep,1.0,1.5075228214263916,88
cruise,False,True,False,False,False,True,False,True,True,swerve_left,1.0,1.4560105800628662,88
cruise,False,True,False,False,False,True,False,True,True,swerve_right,1.0,1.4937639236450195,88
change_to_left,False,True,False,False,False,True,False,True,True,change_to_left,1.0,1.5022757053375244,89
change_to_left,False,True,False,False,False,True,False,True,True,change_to_right,1.0,1.4908740520477295,89
change_to_left,False,True,False,False,False,True,False,True,True,cruise,1.0,1.460005760192871,89
change_to_left,False,True,False,False,False,True,False,True,True,keep,1.0,1.496201753616333,89
change_to_left,False,True,False,False,False,True,False,True,True,swerve_left,1.0,1.4802992343902588,89
change_to_left,False,True,False,False,False,True,False,True,True,swerve_right,1.0,1.4869325160980225,89
change_to_right,False,True,False,False,False,True,True,True,True,change_to_left,1.0,1.4922826290130615,90
change_to_right,False,True,False,False,False,True,True,True,True,change_to_right,1.0,1.4970664978027344,90
change_to_right,False,True,False,False,False,True,True,True,True,cruise,1.0,1.448451280593872,90
change_to_right,False,True,False,False,False,True,True,True,True,keep,1.0,1.4977357387542725,90
change_to_right,False,True,False,False,False,True,True,True,True,swerve_left,1.0,1.4190144538879395,90
change_to_right,False,True,False,False,False,True,True,True,True,swerve_right,1.0,1.4744961261749268,90
cruise,False,True,False,False,False,True,True,True,True,change_to_left,1.0,1.4801959991455078,91
cruise,False,True,False,False,False,True,True,True,True,change_to_right,1.0,1.466484546661377,91
cruise,False,True,False,False,False,True,True,True,True,cruise,1.0,1.4489502906799316,91
cruise,False,True,False,False,False,True,True,True,True,keep,1.0,1.4774436950683594,91
cruise,False,True,False,False,False,True,True,True,True,swerve_left,1.0,1.4478652477264404,91
cruise,False,True,False,False,False,True,True,True,True,swerve_right,1.0,1.4816362857818604,91
change_to_left,False,True,False,False,False,True,True,True,True,change_to_left,1.0,1.4917693138122559,92
change_to_left,False,True,False,False,False,True,True,True,True,change_to_right,1.0,1.4626901149749756,92
change_to_left,False,True,False,False,False,True,True,True,True,cruise,1.0,1.469975233078003,92
change_to_left,False,True,False,False,False,True,True,True,True,keep,1.0,1.4922783374786377,92
change_to_left,False,True,False,False,False,True,True,True,True,swerve_left,1.0,1.43082857131958,92
change_to_left,False,True,False,False,False,True,True,True,True,swerve_right,1.0,1.4841423034667969,92
change_to_right,False,True,False,False,True,False,False,True,True,change_to_left,1.0,1.491899013519287,93
change_to_right,False,True,False,False,True,False,False,True,True,change_to_right,1.0,1.4899399280548096,93
change_to_right,False,True,False,False,True,False,False,True,True,cruise,1.0,1.468937635421753,93
change_to_right,False,True,False,False,True,False,False,True,True,keep,1.0,1.4898631572723389,93
change_to_right,False,True,False,False,True,False,False,True,True,swerve_left,1.0,1.4391040802001953,93
change_to_right,False,True,False,False,True,False,False,True,True,swerve_right,1.0,1.4981210231781006,93
cruise,False,True,False,False,True,False,False,True,True,change_to_left,1.0,1.5189182758331299,94
cruise,False,True,False,False,True,False,False,True,True,change_to_right,1.0,1.497239112854004,94
cruise,False,True,False,False,True,False,False,True,True,cruise,1.0,1.4126365184783936,94
cruise,False,True,False,False,True,False,False,True,True,keep,1.0,1.4653854370117188,94
cruise,False,True,False,False,True,False,False,True,True,swerve_left,1.0,1.4276957511901855,94
cruise,False,True,False,False,True,False,False,True,True,swerve_right,1.0,1.4890570640563965,94
change_to_left,False,True,False,False,True,False,False,True,True,change_to_left,1.0,1.5014965534210205,95
change_to_left,False,True,False,False,True,False,False,True,True,change_to_right,1.0,1.5012311935424805,95
change_to_left,False,True,False,False,True,False,False,True,True,cruise,1.0,1.4380176067352295,95
change_to_left,False,True,False,False,True,False,False,True,True,keep,1.0,1.4968512058258057,95
change_to_left,False,True,False,False,True,False,False,True,True,swerve_left,1.0,1.4411718845367432,95
change_to_left,False,True,False,False,True,False,False,True,True,swerve_right,1.0,1.4941513538360596,95
change_to_right,False,True,False,False,True,False,True,True,True,change_to_left,1.0,1.5017549991607666,96
change_to_right,False,True,False,False,True,False,True,True,True,change_to_right,1.0,1.4923410415649414,96
change_to_right,False,True,False,False,True,False,True,True,True,cruise,1.0,1.4435243606567383,96
change_to_right,False,True,False,False,True,False,True,True,True,keep,1.0,1.500779151916504,96
change_to_right,False,True,False,False,True,False,True,True,True,swerve_left,1.0,1.457209587097168,96
change_to_right,False,True,False,False,True,False,True,True,True,swerve_right,1.0,1.4895169734954834,96
cruise,False,True,False,False,True,False,True,True,True,change_to_left,1.0,1.4998412132263184,97
cruise,False,True,False,False,True,False,True,True,True,change_to_right,1.0,1.4908840656280518,97
cruise,False,True,False,False,True,False,True,True,True,cruise,1.0,1.4856290817260742,97
cruise,False,True,False,False,True,False,True,True,True,keep,1.0,1.5151586532592773,97
cruise,False,True,False,False,True,False,True,True,True,swerve_left,1.0,1.479325771331787,97
cruise,False,True,False,False,True,False,True,True,True,swerve_right,1.0,1.500910758972168,97
change_to_left,False,True,False,False,True,False,True,True,True,change_to_left,1.0,1.5280137062072754,98
change_to_left,False,True,False,False,True,False,True,True,True,change_to_right,1.0,1.4870319366455078,98
change_to_left,False,True,False,False,True,False,True,True,True,cruise,1.0,1.4553017616271973,98
change_to_left,False,True,False,False,True,False,True,True,True,keep,1.0,1.475508213043213,98
change_to_left,False,True,False,False,True,False,True,True,True,swerve_left,1.0,1.4296724796295166,98
change_to_left,False,True,False,False,True,False,True,True,True,swerve_right,1.0,1.5142736434936523,98
change_to_right,False,True,False,False,True,True,False,True,True,change_to_left,1.0,1.505265712738037,99
change_to_right,False,True,False,False,True,True,False,True,True,change_to_right,1.0,1.4889006614685059,99
change_to_right,False,True,False,False,True,True,False,True,True,cruise,1.0,1.4581964015960693,99
change_to_right,False,True,False,False,True,True,False,True,True,keep,1.0,1.5066454410552979,99
change_to_right,False,True,False,False,True,True,False,True,True,swerve_left,1.0,1.4458324909210205,99
change_to_right,False,True,False,False,True,True,False,True,True,swerve_right,1.0,1.4996423721313477,99
cruise,False,True,False,False,True,True,False,True,True,change_to_left,1.0,1.4735305309295654,100
cruise,False,True,False,False,True,True,False,True,True,change_to_right,1.0,1.4756920337677002,100
cruise,False,True,False,False,True,True,False,True,True,cruise,1.0,1.4347906112670898,100
cruise,False,True,False,False,True,True,False,True,True,keep,1.0,1.4778635501861572,100
cruise,False,True,False,False,True,True,False,True,True,swerve_left,1.0,1.4269509315490723,100
cruise,False,True,False,False,True,True,False,True,True,swerve_right,1.0,1.504500150680542,100
change_to_left,False,True,False,False,True,True,False,True,True,change_to_left,1.0,1.5179648399353027,101
change_to_left,False,True,False,False,True,True,False,True,True,change_to_right,1.0,1.4915273189544678,101
change_to_left,False,True,False,False,True,True,False,True,True,cruise,1.0,1.4601171016693115,101
change_to_left,False,True,False,False,True,True,False,True,True,keep,1.0,1.4959211349487305,101
change_to_left,False,True,False,False,True,True,False,True,True,swerve_left,1.0,1.4505529403686523,101
change_to_left,False,True,False,False,True,True,False,True,True,swerve_right,1.0,1.4959070682525635,101
cruise,False,True,False,False,True,True,True,True,True,change_to_left,1.0,1.4813029766082764,102
cruise,False,True,False,False,True,True,True,True,True,change_to_right,1.0,1.4887762069702148,102
cruise,False,True,False,False,True,True,True,True,True,cruise,1.0,1.4202241897583008,102
cruise,False,True,False,False,True,True,True,True,True,keep,1.0,1.4859769344329834,102
cruise,False,True,False,False,True,True,True,True,True,swerve_left,1.0,1.4436829090118408,102
cruise,False,True,False,False,True,True,True,True,True,swerve_right,1.0,1.483473777770996,102
change_to_right,False,True,False,False,True,True,True,True,True,change_to_left,1.0,1.4878058433532715,103
change_to_right,False,True,False,False,True,True,True,True,True,change_to_right,1.0,1.4949314594268799,103
change_to_right,False,True,False,False,True,True,True,True,True,cruise,1.0,1.441415548324585,103
change_to_right,False,True,False,False,True,True,True,True,True,keep,1.0,1.4913575649261475,103
change_to_right,False,True,False,False,True,True,True,True,True,swerve_left,1.0,1.4343440532684326,103
change_to_right,False,True,False,False,True,True,True,True,True,swerve_right,1.0,1.4744291305541992,103
change_to_left,False,True,False,False,True,True,True,True,True,change_to_left,1.0,1.4772143363952637,104
change_to_left,False,True,False,False,True,True,True,True,True,change_to_right,1.0,1.4726026058197021,104
change_to_left,False,True,False,False,True,True,True,True,True,cruise,1.0,1.3991594314575195,104
change_to_left,False,True,False,False,True,True,True,True,True,keep,1.0,1.4587562084197998,104
change_to_left,False,True,False,False,True,True,True,True,True,swerve_left,1.0,1.4261741638183594,104
change_to_left,False,True,False,False,True,True,True,True,True,swerve_right,1.0,1.470949411392212,104
change_to_right,False,True,False,True,False,False,False,True,True,change_to_left,1.0,1.496751070022583,105
change_to_right,False,True,False,True,False,False,False,True,True,change_to_right,1.0,1.4854097366333008,105
change_to_right,False,True,False,True,False,False,False,True,True,cruise,1.0,1.4426391124725342,105
change_to_right,False,True,False,True,False,False,False,True,True,keep,1.0,1.4937384128570557,105
change_to_right,False,True,False,True,False,False,False,True,True,swerve_left,1.0,1.454390287399292,105
change_to_right,False,True,False,True,False,False,False,True,True,swerve_right,1.0,1.5286402702331543,105
change_to_left,False,True,False,True,False,False,False,True,True,change_to_left,1.0,1.4816360473632812,106
change_to_left,False,True,False,True,False,False,False,True,True,change_to_right,1.0,1.481365442276001,106
change_to_left,False,True,False,True,False,False,False,True,True,cruise,1.0,1.42966890335083,106
change_to_left,False,True,False,True,False,False,False,True,True,keep,1.0,1.4736897945404053,106
change_to_left,False,True,False,True,False,False,False,True,True,swerve_left,1.0,1.4393675327301025,106
change_to_left,False,True,False,True,False,False,False,True,True,swerve_right,1.0,1.4710092544555664,106
change_to_right,False,True,False,True,False,False,True,True,True,change_to_left,1.0,1.4889674186706543,107
change_to_right,False,True,False,True,False,False,True,True,True,change_to_right,1.0,1.467484474182129,107
change_to_right,False,True,False,True,False,False,True,True,True,cruise,1.0,1.4208507537841797,107
change_to_right,False,True,False,True,False,False,True,True,True,keep,1.0,1.4739158153533936,107
change_to_right,False,True,False,True,False,False,True,True,True,swerve_left,1.0,1.431180477142334,107
change_to_right,False,True,False,True,False,False,True,True,True,swerve_right,1.0,1.4892590045928955,107
change_to_left,False,True,False,True,False,False,True,True,True,change_to_left,1.0,1.524587631225586,108
change_to_left,False,True,False,True,False,False,True,True,True,change_to_right,1.0,1.510585069656372,108
change_to_left,False,True,False,True,False,False,True,True,True,cruise,1.0,1.4515249729156494,108
change_to_left,False,True,False,True,False,False,True,True,True,keep,1.0,1.5160672664642334,108
change_to_left,False,True,False,True,False,False,True,True,True,swerve_left,1.0,1.4605975151062012,108
change_to_left,False,True,False,True,False,False,True,True,True,swerve_right,1.0,1.4886350631713867,108
change_to_right,False,True,False,True,False,True,False,True,True,change_to_left,1.0,1.4691202640533447,109
change_to_right,False,True,False,True,False,True,False,True,True,change_to_right,1.0,1.492262363433838,109
change_to_right,False,True,False,True,False,True,False,True,True,cruise,1.0,1.442432165145874,109
change_to_right,False,True,False,True,False,True,False,True,True,keep,1.0,1.479198932647705,109
change_to_right,False,True,False,True,False,True,False,True,True,swerve_left,1.0,1.430100917816162,109
change_to_right,False,True,False,True,False,True,False,True,True,swerve_right,1.0,1.4723474979400635,109
change_to_left,False,True,False,True,False,True,False,True,True,change_to_left,1.0,1.4981865882873535,110
change_to_left,False,True,False,True,False,True,False,True,True,change_to_right,1.0,1.4921653270721436,110
change_to_left,False,True,False,True,False,True,False,True,True,cruise,1.0,1.4612650871276855,110
change_to_left,False,True,False,True,False,True,False,True,True,keep,1.0,1.517305850982666,110
change_to_left,False,True,False,True,False,True,False,True,True,swerve_left,1.0,1.4610135555267334,110
change_to_left,False,True,False,True,False,True,False,True,True,swerve_right,1.0,1.5114161968231201,110
change_to_right,False,True,False,True,False,True,True,True,True,change_to_left,1.0,1.514854907989502,111
change_to_right,False,True,False,True,False,True,True,True,True,change_to_right,1.0,1.4896745681762695,111
change_to_right,False,True,False,True,False,True,True,True,True,cruise,1.0,1.4664781093597412,111
change_to_right,False,True,False,True,False,True,True,True,True,keep,1.0,1.5147826671600342,111
change_to_right,False,True,False,True,False,True,True,True,True,swerve_left,1.0,1.4533398151397705,111
change_to_right,False,True,False,True,False,True,True,True,True,swerve_right,1.0,1.5066475868225098,111
change_to_left,False,True,False,True,False,True,True,True,True,change_to_left,1.0,1.4611616134643555,112
change_to_left,False,True,False,True,False,True,True,True,True,change_to_right,1.0,1.4530305862426758,112
change_to_left,False,True,False,True,False,True,True,True,True,cruise,1.0,1.4136481285095215,112
change_to_left,False,True,False,True,False,True,True,True,True,keep,1.0,1.463256597518921,112
change_to_left,False,True,False,True,False,True,True,True,True,swerve_left,1.0,1.4137310981750488,112
change_to_left,False,True,False,True,False,True,True,True,True,swerve_right,1.0,1.4814567565917969,112
change_to_right,False,True,False,True,True,False,False,True,True,change_to_left,1.0,1.521411418914795,113
change_to_right,False,True,False,True,True,False,False,True,True,change_to_right,1.0,1.4743068218231201,113
change_to_right,False,True,False,True,True,False,False,True,True,cruise,1.0,1.4550397396087646,113
change_to_right,False,True,False,True,True,False,False,True,True,keep,1.0,1.5174224376678467,113
change_to_right,False,True,False,True,True,False,False,True,True,swerve_left,1.0,1.4634456634521484,113
change_to_right,False,True,False,True,True,False,False,True,True,swerve_right,1.0,1.525174856185913,113
change_to_left,False,True,False,True,True,False,False,True,True,change_to_left,1.0,1.5219089984893799,114
change_to_left,False,True,False,True,True,False,False,True,True,change_to_right,1.0,1.5022377967834473,114
change_to_left,False,True,False,True,True,False,False,True,True,cruise,1.0,1.454543113708496,114
change_to_left,False,True,False,True,True,False,False,True,True,keep,1.0,1.5225305557250977,114
change_to_left,False,True,False,True,True,False,False,True,True,swerve_left,1.0,1.47170090675354,114
change_to_left,False,True,False,True,True,False,False,True,True,swerve_right,1.0,1.5088980197906494,114
change_to_right,False,True,False,True,True,False,True,True,True,change_to_left,1.0,1.5101566314697266,115
change_to_right,False,True,False,True,True,False,True,True,True,change_to_right,1.0,1.4927988052368164,115
change_to_right,False,True,False,True,True,False,True,True,True,cruise,1.0,1.45638108253479,115
change_to_right,False,True,False,True,True,False,True,True,True,keep,1.0,1.5064561367034912,115
change_to_right,False,True,False,True,True,False,True,True,True,swerve_left,1.0,1.454063892364502,115
change_to_right,False,True,False,True,True,False,True,True,True,swerve_right,1.0,1.503237009048462,115
change_to_left,False,True,False,True,True,False,True,True,True,change_to_left,1.0,1.5098776817321777,116
change_to_left,False,True,False,True,True,False,True,True,True,change_to_right,1.0,1.4904918670654297,116
change_to_left,False,True,False,True,True,False,True,True,True,cruise,1.0,1.460162878036499,116
change_to_left,False,True,False,True,True,False,True,True,True,keep,1.0,1.5153353214263916,116
change_to_left,False,True,False,True,True,False,True,True,True,swerve_left,1.0,1.4566903114318848,116
change_to_left,False,True,False,True,True,False,True,True,True,swerve_right,1.0,1.5439996719360352,116
change_to_right,False,True,False,True,True,True,False,True,True,change_to_left,1.0,1.4930181503295898,117
change_to_right,False,True,False,True,True,True,False,True,True,change_to_right,1.0,1.4847590923309326,117
change_to_right,False,True,False,True,True,True,False,True,True,cruise,1.0,1.4292402267456055,117
change_to_right,False,True,False,True,True,True,False,True,True,keep,1.0,1.495410680770874,117
change_to_right,False,True,False,True,True,True,False,True,True,swerve_left,1.0,1.437913417816162,117
change_to_right,False,True,False,True,True,True,False,True,True,swerve_right,1.0,1.4820845127105713,117
change_to_left,False,True,False,True,True,True,False,True,True,change_to_left,1.0,1.4977540969848633,118
change_to_left,False,True,False,True,True,True,False,True,True,change_to_right,1.0,1.4977426528930664,118
change_to_left,False,True,False,True,True,True,False,True,True,cruise,1.0,1.4528334140777588,118
change_to_left,False,True,False,True,True,True,False,True,True,keep,1.0,1.497265338897705,118
change_to_left,False,True,False,True,True,True,False,True,True,swerve_left,1.0,1.4545836448669434,118
change_to_left,False,True,False,True,True,True,False,True,True,swerve_right,1.0,1.499574899673462,118
change_to_right,False,True,False,True,True,True,True,True,True,change_to_left,1.0,1.4726271629333496,119
change_to_right,False,True,False,True,True,True,True,True,True,change_to_right,1.0,1.482849359512329,119
change_to_right,False,True,False,True,True,True,True,True,True,cruise,1.0,1.4472551345825195,119
change_to_right,False,True,False,True,True,True,True,True,True,keep,1.0,1.4920680522918701,119
change_to_right,False,True,False,True,True,True,True,True,True,swerve_left,1.0,1.462651014328003,119
change_to_right,False,True,False,True,True,True,True,True,True,swerve_right,1.0,1.4961845874786377,119
change_to_left,False,True,False,True,True,True,True,True,True,change_to_left,1.0,1.4964096546173096,120
change_to_left,False,True,False,True,True,True,True,True,True,change_to_right,1.0,1.4773764610290527,120
change_to_left,False,True,False,True,True,True,True,True,True,cruise,1.0,1.4419724941253662,120
change_to_left,False,True,False,True,True,True,True,True,True,keep,1.0,1.4943413734436035,120
change_to_left,False,True,False,True,True,True,True,True,True,swerve_left,1.0,1.4394209384918213,120
change_to_left,False,True,False,True,True,True,True,True,True,swerve_right,1.0,1.4777007102966309,120
cruise,False,True,True,False,False,False,False,True,True,change_to_left,1.0,1.4857442378997803,121
cruise,False,True,True,False,False,False,False,True,True,change_to_right,1.0,1.4701905250549316,121
cruise,False,True,True,False,False,False,False,True,True,cruise,1.0,1.443674087524414,121
cruise,False,True,True,False,False,False,False,True,True,keep,1.0,1.4699938297271729,121
cruise,False,True,True,False,False,False,False,True,True,swerve_left,1.0,1.439046859741211,121
cruise,False,True,True,False,False,False,False,True,True,swerve_right,1.0,1.4822940826416016,121
change_to_left,False,True,True,False,False,False,False,True,True,change_to_left,1.0,1.507805347442627,122
change_to_left,False,True,True,False,False,False,False,True,True,change_to_right,1.0,1.4864706993103027,122
change_to_left,False,True,True,False,False,False,False,True,True,cruise,1.0,1.4674530029296875,122
change_to_left,False,True,True,False,False,False,False,True,True,keep,1.0,1.5196080207824707,122
change_to_left,False,True,True,False,False,False,False,True,True,swerve_left,1.0,1.478860855102539,122
change_to_left,False,True,True,False,False,False,False,True,True,swerve_right,1.0,1.4945366382598877,122
cruise,False,True,True,False,False,False,True,True,True,change_to_left,1.0,1.5103871822357178,123
cruise,False,True,True,False,False,False,True,True,True,change_to_right,1.0,1.4999992847442627,123
cruise,False,True,True,False,False,False,True,True,True,cruise,1.0,1.4645919799804688,123
cruise,False,True,True,False,False,False,True,True,True,keep,1.0,1.5279874801635742,123
cruise,False,True,True,False,False,False,True,True,True,swerve_left,1.0,1.4533350467681885,123
cruise,False,True,True,False,False,False,True,True,True,swerve_right,1.0,1.5150175094604492,123
change_to_left,False,True,True,False,False,False,True,True,True,change_to_left,1.0,1.4898440837860107,124
change_to_left,False,True,True,False,False,False,True,True,True,change_to_right,1.0,1.4850947856903076,124
change_to_left,False,True,True,False,False,False,True,True,True,cruise,1.0,1.4638879299163818,124
change_to_left,False,True,True,False,False,False,True,True,True,keep,1.0,1.5007317066192627,124
change_to_left,False,True,True,False,False,False,True,True,True,swerve_left,1.0,1.454359769821167,124
change_to_left,False,True,True,False,False,False,True,True,True,swerve_right,1.0,1.5108954906463623,124
cruise,False,True,True,False,False,True,False,True,True,change_to_left,1.0,1.503953456878662,125
cruise,False,True,True,False,False,True,False,True,True,change_to_right,1.0,1.508185863494873,125
cruise,False,True,True,False,False,True,False,True,True,cruise,1.0,1.4597523212432861,125
cruise,False,True,True,False,False,True,False,True,True,keep,1.0,1.5163774490356445,125
cruise,False,True,True,False,False,True,False,True,True,swerve_left,1.0,1.459258794784546,125
cruise,False,True,True,False,False,True,False,True,True,swerve_right,1.0,1.5145349502563477,125
change_to_left,False,True,True,False,False,True,False,True,True,change_to_left,1.0,1.4955964088439941,126
change_to_left,False,True,True,False,False,True,False,True,True,change_to_right,1.0,1.4821197986602783,126
change_to_left,False,True,True,False,False,True,False,True,True,cruise,1.0,1.4295682907104492,126
change_to_left,False,True,True,False,False,True,False,True,True,keep,1.0,1.4970593452453613,126
change_to_left,False,True,True,False,False,True,False,True,True,swerve_left,1.0,1.4528300762176514,126
change_to_left,False,True,True,False,False,True,False,True,True,swerve_right,1.0,1.4702019691467285,126
cruise,False,True,True,False,False,True,True,True,True,change_to_left,1.0,1.504884958267212,127
cruise,False,True,True,False,False,True,True,True,True,change_to_right,1.0,1.5044620037078857,127
cruise,False,True,True,False,False,True,True,True,True,cruise,1.0,1.4584763050079346,127
cruise,False,True,True,False,False,True,True,True,True,keep,1.0,1.5130350589752197,127
cruise,False,True,True,False,False,True,True,True,True,swerve_left,1.0,1.4514994621276855,127
cruise,False,True,True,False,False,True,True,True,True,swerve_right,1.0,1.5005311965942383,127
change_to_left,False,True,True,False,False,True,True,True,True,change_to_left,1.0,1.4806907176971436,128
change_to_left,False,True,True,False,False,True,True,True,True,change_to_right,1.0,1.4891774654388428,128
change_to_left,False,True,True,False,False,True,True,True,True,cruise,1.0,1.4465677738189697,128
change_to_left,False,True,True,False,False,True,True,True,True,keep,1.0,1.4806950092315674,128
change_to_left,False,True,True,False,False,True,True,True,True,swerve_left,1.0,1.4338047504425049,128
change_to_left,False,True,True,False,False,True,True,True,True,swerve_right,1.0,1.4981677532196045,128
cruise,False,True,True,False,True,False,False,True,True,change_to_left,1.0,1.4857654571533203,129
cruise,False,True,True,False,True,False,False,True,True,change_to_right,1.0,1.4793341159820557,129
cruise,False,True,True,False,True,False,False,True,True,cruise,1.0,1.4651992321014404,129
cruise,False,True,True,False,True,False,False,True,True,keep,1.0,1.5012238025665283,129
cruise,False,True,True,False,True,False,False,True,True,swerve_left,1.0,1.4463708400726318,129
cruise,False,True,True,False,True,False,False,True,True,swerve_right,1.0,1.4964892864227295,129
change_to_left,False,True,True,False,True,False,False,True,True,change_to_left,1.0,1.5222461223602295,130
change_to_left,False,True,True,False,True,False,False,True,True,change_to_right,1.0,1.4744946956634521,130
change_to_left,False,True,True,False,True,False,False,True,True,cruise,1.0,1.4654057025909424,130
change_to_left,False,True,True,False,True,False,False,True,True,keep,1.0,1.522298812866211,130
change_to_left,False,True,True,False,True,False,False,True,True,swerve_left,1.0,1.462592601776123,130
change_to_left,False,True,True,False,True,False,False,True,True,swerve_right,1.0,1.5093727111816406,130
cruise,False,True,True,False,True,False,True,True,True,change_to_left,1.0,1.5042760372161865,131
cruise,False,True,True,False,True,False,True,True,True,change_to_right,1.0,1.4928359985351562,131
cruise,False,True,True,False,True,False,True,True,True,cruise,1.0,1.446990728378296,131
cruise,False,True,True,False,True,False,True,True,True,keep,1.0,1.5321235656738281,131
cruise,False,True,True,False,True,False,True,True,True,swerve_left,1.0,1.4616103172302246,131
cruise,False,True,True,False,True,False,True,True,True,swerve_right,1.0,1.497673749923706,131
change_to_left,False,True,True,False,True,False,True,True,True,change_to_left,1.0,1.4947240352630615,132
change_to_left,False,True,True,False,True,False,True,True,True,change_to_right,1.0,1.480372667312622,132
change_to_left,False,True,True,False,True,False,True,True,True,cruise,1.0,1.4174177646636963,132
change_to_left,False,True,True,False,True,False,True,True,True,keep,1.0,1.4833600521087646,132
change_to_left,False,True,True,False,True,False,True,True,True,swerve_left,1.0,1.4363226890563965,132
change_to_left,False,True,True,False,True,False,True,True,True,swerve_right,1.0,1.4761934280395508,132
cruise,False,True,True,False,True,True,False,True,True,change_to_left,1.0,1.4867873191833496,133
cruise,False,True,True,False,True,True,False,True,True,change_to_right,1.0,1.467191457748413,133
cruise,False,True,True,False,True,True,False,True,True,cruise,1.0,1.4384729862213135,133
cruise,False,True,True,False,True,True,False,True,True,keep,1.0,1.4746687412261963,133
cruise,False,True,True,False,True,True,False,True,True,swerve_left,1.0,1.4828743934631348,133
cruise,False,True,True,False,True,True,False,True,True,swerve_right,1.0,1.4840614795684814,133
change_to_left,False,True,True,False,True,True,False,True,True,change_to_left,1.0,1.5003454685211182,134
change_to_left,False,True,True,False,True,True,False,True,True,change_to_right,1.0,1.5044043064117432,134
change_to_left,False,True,True,False,True,True,False,True,True,cruise,1.0,1.4684536457061768,134
change_to_left,False,True,True,False,True,True,False,True,True,keep,1.0,1.4905104637145996,134
change_to_left,False,True,True,False,True,True,False,True,True,swerve_left,1.0,1.4551873207092285,134
change_to_left,False,True,True,False,True,True,False,True,True,swerve_right,1.0,1.5106120109558105,134
cruise,False,True,True,False,True,True,True,True,True,change_to_left,1.0,1.5114314556121826,135
cruise,False,True,True,False,True,True,True,True,True,change_to_right,1.0,1.499277114868164,135
cruise,False,True,True,False,True,True,True,True,True,cruise,1.0,1.455510139465332,135
cruise,False,True,True,False,True,True,True,True,True,keep,1.0,1.5228791236877441,135
cruise,False,True,True,False,True,True,True,True,True,swerve_left,1.0,1.4671590328216553,135
cruise,False,True,True,False,True,True,True,True,True,swerve_right,1.0,1.5052828788757324,135
change_to_left,False,True,True,False,True,True,True,True,True,change_to_left,1.0,1.5154070854187012,136
change_to_left,False,True,True,False,True,True,True,True,True,change_to_right,1.0,1.513918399810791,136
change_to_left,False,True,True,False,True,True,True,True,True,cruise,1.0,1.4500279426574707,136
change_to_left,False,True,True,False,True,True,True,True,True,keep,1.0,1.498826503753662,136
change_to_left,False,True,True,False,True,True,True,True,True,swerve_left,1.0,1.4589204788208008,136
change_to_left,False,True,True,False,True,True,True,True,True,swerve_right,1.0,1.479588270187378,136
change_to_left,False,True,True,True,False,False,False,True,True,change_to_left,1.0,1.5054616928100586,137
change_to_left,False,True,True,True,False,False,False,True,True,change_to_right,1.0,1.4884107112884521,137
change_to_left,False,True,True,True,False,False,False,True,True,cruise,1.0,1.4008326530456543,137
change_to_left,False,True,True,True,False,False,False,True,True,keep,1.0,1.4831514358520508,137
change_to_left,False,True,True,True,False,False,False,True,True,swerve_left,1.0,1.4481420516967773,137
change_to_left,False,True,True,True,False,False,False,True,True,swerve_right,1.0,1.463261365890503,137
change_to_left,False,True,True,True,False,False,True,True,True,change_to_left,1.0,1.4936177730560303,138
change_to_left,False,True,True,True,False,False,True,True,True,change_to_right,1.0,1.4857652187347412,138
change_to_left,False,True,True,True,False,False,True,True,True,cruise,1.0,1.4179987907409668,138
change_to_left,False,True,True,True,False,False,True,True,True,keep,1.0,1.4827845096588135,138
change_to_left,False,True,True,True,False,False,True,True,True,swerve_left,1.0,1.4308273792266846,138
change_to_left,False,True,True,True,False,False,True,True,True,swerve_right,1.0,1.4436745643615723,138
change_to_left,False,True,True,True,False,True,False,True,True,change_to_left,1.0,1.4517757892608643,139
change_to_left,False,True,True,True,False,True,False,True,True,change_to_right,1.0,1.4518697261810303,139
change_to_left,False,True,True,True,False,True,False,True,True,cruise,1.0,1.4172050952911377,139
change_to_left,False,True,True,True,False,True,False,True,True,keep,1.0,1.4690418243408203,139
change_to_left,False,True,True,True,False,True,False,True,True,swerve_left,1.0,1.4214723110198975,139
change_to_left,False,True,True,True,False,True,False,True,True,swerve_right,1.0,1.472428798675537,139
change_to_left,False,True,True,True,False,True,True,True,True,change_to_left,1.0,1.4482858180999756,140
change_to_left,False,True,True,True,False,True,True,True,True,change_to_right,1.0,1.4362447261810303,140
change_to_left,False,True,True,True,False,True,True,True,True,cruise,1.0,1.4104454517364502,140
change_to_left,False,True,True,True,False,True,True,True,True,keep,1.0,1.4167051315307617,140
change_to_left,False,True,True,True,False,True,True,True,True,swerve_left,1.0,1.3920083045959473,140
change_to_left,False,True,True,True,False,True,True,True,True,swerve_right,1.0,1.432889699935913,140
change_to_left,False,True,True,True,True,False,False,True,True,change_to_left,1.0,1.4710898399353027,141
change_to_left,False,True,True,True,True,False,False,True,True,change_to_right,1.0,1.458491325378418,141
change_to_left,False,True,True,True,True,False,False,True,True,cruise,1.0,1.422605276107788,141
change_to_left,False,True,True,True,True,False,False,True,True,keep,1.0,1.473517656326294,141
change_to_left,False,True,True,True,True,False,False,True,True,swerve_left,1.0,1.4237732887268066,141
change_to_left,False,True,True,True,True,False,False,True,True,swerve_right,1.0,1.4426681995391846,141
change_to_left,False,True,True,True,True,False,True,True,True,change_to_left,1.0,1.436833381652832,142
change_to_left,False,True,True,True,True,False,True,True,True,change_to_right,1.0,1.4255237579345703,142
change_to_left,False,True,True,True,True,False,True,True,True,cruise,1.0,1.4133286476135254,142
change_to_left,False,True,True,True,True,False,True,True,True,keep,1.0,1.4348249435424805,142
change_to_left,False,True,True,True,True,False,True,True,True,swerve_left,1.0,1.4113490581512451,142
change_to_left,False,True,True,True,True,False,True,True,True,swerve_right,1.0,1.4438889026641846,142
change_to_left,False,True,True,True,True,True,False,True,True,change_to_left,1.0,1.4571678638458252,143
change_to_left,False,True,True,True,True,True,False,True,True,change_to_right,1.0,1.4539952278137207,143
change_to_left,False,True,True,True,True,True,False,True,True,cruise,1.0,1.4215538501739502,143
change_to_left,False,True,True,True,True,True,False,True,True,keep,1.0,1.4706883430480957,143
change_to_left,False,True,True,True,True,True,False,True,True,swerve_left,1.0,1.4209084510803223,143
change_to_left,False,True,True,True,True,True,False,True,True,swerve_right,1.0,1.4448521137237549,143
change_to_left,False,True,True,True,True,True,True,True,True,change_to_left,1.0,1.4575929641723633,144
change_to_left,False,True,True,True,True,True,True,True,True,change_to_right,1.0,1.4458012580871582,144
change_to_left,False,True,True,True,True,True,True,True,True,cruise,1.0,1.3879714012145996,144
change_to_left,False,True,True,True,True,True,True,True,True,keep,1.0,1.4494872093200684,144
change_to_left,False,True,True,True,True,True,True,True,True,swerve_left,1.0,1.4127075672149658,144
change_to_left,False,True,True,True,True,True,True,True,True,swerve_right,1.0,1.4697942733764648,144
change_to_left,True,False,False,False,False,False,False,True,True,change_to_left,1.0,1.4563567638397217,145
change_to_left,True,False,False,False,False,False,False,True,True,change_to_right,1.0,1.4473624229431152,145
change_to_left,True,False,False,False,False,False,False,True,True,cruise,1.0,1.4158833026885986,145
change_to_left,True,False,False,False,False,False,False,True,True,keep,1.0,1.4287834167480469,145
change_to_left,True,False,False,False,False,False,False,True,True,swerve_left,1.0,1.407153844833374,145
change_to_left,True,False,False,False,False,False,False,True,True,swerve_right,1.0,1.4403903484344482,145
cruise,True,False,False,False,False,False,False,True,True,change_to_left,1.0,1.4521236419677734,146
cruise,True,False,False,False,False,False,False,True,True,change_to_right,1.0,1.4392585754394531,146
cruise,True,False,False,False,False,False,False,True,True,cruise,1.0,1.3966364860534668,146
cruise,True,False,False,False,False,False,False,True,True,keep,1.0,1.470668077468872,146
cruise,True,False,False,False,False,False,False,True,True,swerve_left,1.0,1.4255189895629883,146
cruise,True,False,False,False,False,False,False,True,True,swerve_right,1.0,1.4416782855987549,146
change_to_right,True,False,False,False,False,False,False,True,True,change_to_left,1.0,1.49635910987854,147
change_to_right,True,False,False,False,False,False,False,True,True,change_to_right,1.0,1.4761683940887451,147
change_to_right,True,False,False,False,False,False,False,True,True,cruise,1.0,1.4107098579406738,147
change_to_right,True,False,False,False,False,False,False,True,True,keep,1.0,1.4862236976623535,147
change_to_right,True,False,False,False,False,False,False,True,True,swerve_left,1.0,1.4139602184295654,147
change_to_right,True,False,False,False,False,False,False,True,True,swerve_right,1.0,1.4564435482025146,147
change_to_left,True,False,False,False,False,False,True,True,True,change_to_left,1.0,1.464020013809204,148
change_to_left,True,False,False,False,False,False,True,True,True,change_to_right,1.0,1.4460251331329346,148
change_to_left,True,False,False,False,False,False,True,True,True,cruise,1.0,1.4086687564849854,148
change_to_left,True,False,False,False,False,False,True,True,True,keep,1.0,1.4645366668701172,148
change_to_left,True,False,False,False,False,False,True,True,True,swerve_left,1.0,1.4406042098999023,148
change_to_left,True,False,False,False,False,False,True,True,True,swerve_right,1.0,1.4543390274047852,148
cruise,True,False,False,False,False,False,True,True,True,change_to_left,1.0,1.465271234512329,149
cruise,True,False,False,False,False,False,True,True,True,change_to_right,1.0,1.4285318851470947,149
cruise,True,False,False,False,False,False,True,True,True,cruise,1.0,1.4033653736114502,149
cruise,True,False,False,False,False,False,True,True,True,keep,1.0,1.4386680126190186,149
cruise,True,False,False,False,False,False,True,True,True,swerve_left,1.0,1.3932931423187256,149
cruise,True,False,False,False,False,False,True,True,True,swerve_right,1.0,1.4584641456604004,149
change_to_right,True,False,False,False,False,False,True,True,True,change_to_left,1.0,1.464979648590088,150
change_to_right,True,False,False,False,False,False,True,True,True,change_to_right,1.0,1.462862253189087,150
change_to_right,True,False,False,False,False,False,True,True,True,cruise,1.0,1.4059112071990967,150
change_to_right,True,False,False,False,False,False,True,True,True,keep,1.0,1.4793710708618164,150
change_to_right,True,False,False,False,False,False,True,True,True,swerve_left,1.0,1.4240927696228027,150
change_to_right,True,False,False,False,False,False,True,True,True,swerve_right,1.0,1.452418327331543,150
change_to_left,True,False,False,False,False,True,False,True,True,change_to_left,1.0,1.4383742809295654,151
change_to_left,True,False,False,False,False,True,False,True,True,change_to_right,1.0,1.4370293617248535,151
change_to_left,True,False,False,False,False,True,False,True,True,cruise,1.0,1.4061481952667236,151
change_to_left,True,False,False,False,False,True,False,True,True,keep,1.0,1.4438369274139404,151
change_to_left,True,False,False,False,False,True,False,True,True,swerve_left,1.0,1.41060209274292,151
change_to_left,True,False,False,False,False,True,False,True,True,swerve_right,1.0,1.4353675842285156,151
cruise,True,False,False,False,False,True,False,True,True,change_to_left,1.0,1.466040849685669,152
cruise,True,False,False,False,False,True,False,True,True,change_to_right,1.0,1.4328765869140625,152
cruise,True,False,False,False,False,True,False,True,True,cruise,1.0,1.4063060283660889,152
cruise,True,False,False,False,False,True,False,True,True,keep,1.0,1.449622392654419,152
cruise,True,False,False,False,False,True,False,True,True,swerve_left,1.0,1.4183683395385742,152
cruise,True,False,False,False,False,True,False,True,True,swerve_right,1.0,1.462613582611084,152
change_to_right,True,False,False,False,False,True,False,True,True,change_to_left,1.0,1.480405569076538,153
change_to_right,True,False,False,False,False,True,False,True,True,change_to_right,1.0,1.4574592113494873,153
change_to_right,True,False,False,False,False,True,False,True,True,cruise,1.0,1.4379537105560303,153
change_to_right,True,False,False,False,False,True,False,True,True,keep,1.0,1.470484733581543,153
change_to_right,True,False,False,False,False,True,False,True,True,swerve_left,1.0,1.4154784679412842,153
change_to_right,True,False,False,False,False,True,False,True,True,swerve_right,1.0,1.47175931930542,153
change_to_left,True,False,False,False,False,True,True,True,True,change_to_left,1.0,1.4469172954559326,154
change_to_left,True,False,False,False,False,True,True,True,True,change_to_right,1.0,1.4521183967590332,154
change_to_left,True,False,False,False,False,True,True,True,True,cruise,1.0,1.4012789726257324,154
change_to_left,True,False,False,False,False,True,True,True,True,keep,1.0,1.438312292098999,154
change_to_left,True,False,False,False,False,True,True,True,True,swerve_left,1.0,1.4158339500427246,154
change_to_left,True,False,False,False,False,True,True,True,True,swerve_right,1.0,1.4627962112426758,154
cruise,True,False,False,False,False,True,True,True,True,change_to_left,1.0,1.4537286758422852,155
cruise,True,False,False,False,False,True,True,True,True,change_to_right,1.0,1.4524004459381104,155
cruise,True,False,False,False,False,True,True,True,True,cruise,1.0,1.4210999011993408,155
cruise,True,False,False,False,False,True,True,True,True,keep,1.0,1.467679500579834,155
cruise,True,False,False,False,False,True,True,True,True,swerve_left,1.0,1.4079382419586182,155
cruise,True,False,False,False,False,True,True,True,True,swerve_right,1.0,1.4644489288330078,155
change_to_right,True,False,False,False,False,True,True,True,True,change_to_left,1.0,1.4375267028808594,156
change_to_right,True,False,False,False,False,True,True,True,True,change_to_right,1.0,1.4422950744628906,156
change_to_right,True,False,False,False,False,True,True,True,True,cruise,1.0,1.4114844799041748,156
change_to_right,True,False,False,False,False,True,True,True,True,keep,1.0,1.4250710010528564,156
change_to_right,True,False,False,False,False,True,True,True,True,swerve_left,1.0,1.3954002857208252,156
change_to_right,True,False,False,False,False,True,True,True,True,swerve_right,1.0,1.4507832527160645,156
change_to_left,True,False,False,False,True,False,False,True,True,change_to_left,1.0,1.4513611793518066,157
change_to_left,True,False,False,False,True,False,False,True,True,change_to_right,1.0,1.4421114921569824,157
change_to_left,True,False,False,False,True,False,False,True,True,cruise,1.0,1.4066112041473389,157
change_to_left,True,False,False,False,True,False,False,True,True,keep,1.0,1.4600775241851807,157
change_to_left,True,False,False,False,True,False,False,True,True,swerve_left,1.0,1.3765032291412354,157
change_to_left,True,False,False,False,True,False,False,True,True,swerve_right,1.0,1.4351966381072998,157
cruise,True,False,False,False,True,False,False,True,True,change_to_left,1.0,1.4503347873687744,158
cruise,True,False,False,False,True,False,False,True,True,change_to_right,1.0,1.4600918292999268,158
cruise,True,False,False,False,True,False,False,True,True,cruise,1.0,1.4025485515594482,158
cruise,True,False,False,False,True,False,False,True,True,keep,1.0,1.4254121780395508,158
cruise,True,False,False,False,True,False,False,True,True,swerve_left,1.0,1.4044957160949707,158
cruise,True,False,False,False,True,False,False,True,True,swerve_right,1.0,1.4242210388183594,158
change_to_right,True,False,False,False,True,False,False,True,True,change_to_left,1.0,1.4526417255401611,159
change_to_right,True,False,False,False,True,False,False,True,True,change_to_right,1.0,1.456575632095337,159
change_to_right,True,False,False,False,True,False,False,True,True,cruise,1.0,1.4373486042022705,159
change_to_right,True,False,False,False,True,False,False,True,True,keep,1.0,1.477973222732544,159
change_to_right,True,False,False,False,True,False,False,True,True,swerve_left,1.0,1.4438402652740479,159
change_to_right,True,False,False,False,True,False,False,True,True,swerve_right,1.0,1.4465227127075195,159
change_to_left,True,False,False,False,True,False,True,True,True,change_to_left,1.0,1.4905054569244385,160
change_to_left,True,False,False,False,True,False,True,True,True,change_to_right,1.0,1.4648165702819824,160
change_to_left,True,False,False,False,True,False,True,True,True,cruise,1.0,1.412686824798584,160
change_to_left,True,False,False,False,True,False,True,True,True,keep,1.0,1.4811434745788574,160
change_to_left,True,False,False,False,True,False,True,True,True,swerve_left,1.0,1.4390180110931396,160
change_to_left,True,False,False,False,True,False,True,True,True,swerve_right,1.0,1.453174114227295,160
cruise,True,False,False,False,True,False,True,True,True,change_to_left,1.0,1.4662814140319824,161
cruise,True,False,False,False,True,False,True,True,True,change_to_right,1.0,1.450995922088623,161
cruise,True,False,False,False,True,False,True,True,True,cruise,1.0,1.4251773357391357,161
cruise,True,False,False,False,True,False,True,True,True,keep,1.0,1.455108880996704,161
cruise,True,False,False,False,True,False,True,True,True,swerve_left,1.0,1.4018559455871582,161
cruise,True,False,False,False,True,False,True,True,True,swerve_right,1.0,1.458038568496704,161
change_to_right,True,False,False,False,True,False,True,True,True,change_to_left,1.0,1.4473683834075928,162
change_to_right,True,False,False,False,True,False,True,True,True,change_to_right,1.0,1.4394097328186035,162
change_to_right,True,False,False,False,True,False,True,True,True,cruise,1.0,1.4053609371185303,162
change_to_right,True,False,False,False,True,False,True,True,True,keep,1.0,1.4434401988983154,162
change_to_right,True,False,False,False,True,False,True,True,True,swerve_left,1.0,1.4112217426300049,162
change_to_right,True,False,False,False,True,False,True,True,True,swerve_right,1.0,1.455336332321167,162
change_to_left,True,False,False,False,True,True,False,True,True,change_to_left,1.0,1.423576831817627,163
change_to_left,True,False,False,False,True,True,False,True,True,change_to_right,1.0,1.442427158355713,163
change_to_left,True,False,False,False,True,True,False,True,True,cruise,1.0,1.3928868770599365,163
change_to_left,True,False,False,False,True,True,False,True,True,keep,1.0,1.4526698589324951,163
change_to_left,True,False,False,False,True,True,False,True,True,swerve_left,1.0,1.4100031852722168,163
change_to_left,True,False,False,False,True,True,False,True,True,swerve_right,1.0,1.438852071762085,163
cruise,True,False,False,False,True,True,False,True,True,change_to_left,1.0,1.4390723705291748,164
cruise,True,False,False,False,True,True,False,True,True,change_to_right,1.0,1.423255205154419,164
cruise,True,False,False,False,True,True,False,True,True,cruise,1.0,1.3931944370269775,164
cruise,True,False,False,False,True,True,False,True,True,keep,1.0,1.4358830451965332,164
cruise,True,False,False,False,True,True,False,True,True,swerve_left,1.0,1.4018878936767578,164
cruise,True,False,False,False,True,True,False,True,True,swerve_right,1.0,1.4772779941558838,164
change_to_right,True,False,False,False,True,True,False,True,True,change_to_left,1.0,1.4754846096038818,165
change_to_right,True,False,False,False,True,True,False,True,True,change_to_right,1.0,1.437891960144043,165
change_to_right,True,False,False,False,True,True,False,True,True,cruise,1.0,1.4092090129852295,165
change_to_right,True,False,False,False,True,True,False,True,True,keep,1.0,1.4594173431396484,165
change_to_right,True,False,False,False,True,True,False,True,True,swerve_left,1.0,1.4074559211730957,165
change_to_right,True,False,False,False,True,True,False,True,True,swerve_right,1.0,1.4396562576293945,165
change_to_left,True,False,False,False,True,True,True,True,True,change_to_left,1.0,1.4598793983459473,166
change_to_left,True,False,False,False,True,True,True,True,True,change_to_right,1.0,1.4457767009735107,166
change_to_left,True,False,False,False,True,True,True,True,True,cruise,1.0,1.4039885997772217,166
change_to_left,True,False,False,False,True,True,True,True,True,keep,1.0,1.4421873092651367,166
change_to_left,True,False,False,False,True,True,True,True,True,swerve_left,1.0,1.4285924434661865,166
change_to_left,True,False,False,False,True,True,True,True,True,swerve_right,1.0,1.452183723449707,166
cruise,True,False,False,False,True,True,True,True,True,change_to_left,1.0,1.480393648147583,167
cruise,True,False,False,False,True,True,True,True,True,change_to_right,1.0,1.419238567352295,167
cruise,True,False,False,False,True,True,True,True,True,cruise,1.0,1.4003627300262451,167
cruise,True,False,False,False,True,True,True,True,True,keep,1.0,1.4520771503448486,167
cruise,True,False,False,False,True,True,True,True,True,swerve_left,1.0,1.3933026790618896,167
cruise,True,False,False,False,True,True,True,True,True,swerve_right,1.0,1.4304986000061035,167
change_to_right,True,False,False,False,True,True,True,True,True,change_to_left,1.0,1.451460361480713,168
change_to_right,True,False,False,False,True,True,True,True,True,change_to_right,1.0,1.4493756294250488,168
change_to_right,True,False,False,False,True,True,True,True,True,cruise,1.0,1.4020287990570068,168
change_to_right,True,False,False,False,True,True,True,True,True,keep,1.0,1.4810171127319336,168
change_to_right,True,False,False,False,True,True,True,True,True,swerve_left,1.0,1.4353017807006836,168
change_to_right,True,False,False,False,True,True,True,True,True,swerve_right,1.0,1.4582815170288086,168
cruise,True,False,False,True,False,False,False,True,True,change_to_left,1.0,1.4687705039978027,169
cruise,True,False,False,True,False,False,False,True,True,change_to_right,1.0,1.4429748058319092,169
cruise,True,False,False,True,False,False,False,True,True,cruise,1.0,1.4451544284820557,169
cruise,True,False,False,True,False,False,False,True,True,keep,1.0,1.4634721279144287,169
cruise,True,False,False,True,False,False,False,True,True,swerve_left,1.0,1.3913214206695557,169
cruise,True,False,False,True,False,False,False,True,True,swerve_right,1.0,1.4381756782531738,169
change_to_left,True,False,False,True,False,False,False,True,True,change_to_left,1.0,1.4464857578277588,170
change_to_left,True,False,False,True,False,False,False,True,True,change_to_right,1.0,1.424283742904663,170
change_to_left,True,False,False,True,False,False,False,True,True,cruise,1.0,1.4043478965759277,170
change_to_left,True,False,False,True,False,False,False,True,True,keep,1.0,1.4230718612670898,170
change_to_left,True,False,False,True,False,False,False,True,True,swerve_left,1.0,1.3931539058685303,170
change_to_left,True,False,False,True,False,False,False,True,True,swerve_right,1.0,1.4427671432495117,170
change_to_right,True,False,False,True,False,False,False,True,True,change_to_left,1.0,1.4384791851043701,171
change_to_right,True,False,False,True,False,False,False,True,True,change_to_right,1.0,1.4543757438659668,171
change_to_right,True,False,False,True,False,False,False,True,True,cruise,1.0,1.415881872177124,171
change_to_right,True,False,False,True,False,False,False,True,True,keep,1.0,1.4592843055725098,171
change_to_right,True,False,False,True,False,False,False,True,True,swerve_left,1.0,1.4385778903961182,171
change_to_right,True,False,False,True,False,False,False,True,True,swerve_right,1.0,1.4666264057159424,171
cruise,True,False,False,True,False,False,True,True,True,change_to_left,1.0,1.4797453880310059,172
cruise,True,False,False,True,False,False,True,True,True,change_to_right,1.0,1.4825093746185303,172
cruise,True,False,False,True,False,False,True,True,True,cruise,1.0,1.4452505111694336,172
cruise,True,False,False,True,False,False,True,True,True,keep,1.0,1.4844048023223877,172
cruise,True,False,False,True,False,False,True,True,True,swerve_left,1.0,1.4411945343017578,172
cruise,True,False,False,True,False,False,True,True,True,swerve_right,1.0,1.4553110599517822,172
change_to_right,True,False,False,True,False,False,True,True,True,change_to_left,1.0,1.432382583618164,173
change_to_right,True,False,False,True,False,False,True,True,True,change_to_right,1.0,1.4476735591888428,173
change_to_right,True,False,False,True,False,False,True,True,True,cruise,1.0,1.3984827995300293,173
change_to_right,True,False,False,True,False,False,True,True,True,keep,1.0,1.4477272033691406,173
change_to_right,True,False,False,True,False,False,True,True,True,swerve_left,1.0,1.3779633045196533,173
change_to_right,True,False,False,True,False,False,True,True,True,swerve_right,1.0,1.4607012271881104,173
change_to_left,True,False,False,True,False,True,False,True,True,change_to_left,1.0,1.4586164951324463,174
change_to_left,True,False,False,True,False,True,False,True,True,change_to_right,1.0,1.4370996952056885,174
change_to_left,True,False,False,True,False,True,False,True,True,cruise,1.0,1.4264798164367676,174
change_to_left,True,False,False,True,False,True,False,True,True,keep,1.0,1.4658291339874268,174
change_to_left,True,False,False,True,False,True,False,True,True,swerve_left,1.0,1.4202907085418701,174
change_to_left,True,False,False,True,False,True,False,True,True,swerve_right,1.0,1.4744555950164795,174
change_to_right,True,False,False,True,False,True,False,True,True,change_to_left,1.0,1.4545042514801025,175
change_to_right,True,False,False,True,False,True,False,True,True,change_to_right,1.0,1.452911615371704,175
change_to_right,True,False,False,True,False,True,False,True,True,cruise,1.0,1.4001896381378174,175
change_to_right,True,False,False,True,False,True,False,True,True,keep,1.0,1.4374661445617676,175
change_to_right,True,False,False,True,False,True,False,True,True,swerve_left,1.0,1.4091877937316895,175
change_to_right,True,False,False,True,False,True,False,True,True,swerve_right,1.0,1.4505946636199951,175
cruise,True,False,False,True,False,True,False,True,True,change_to_left,1.0,1.4465584754943848,176
cruise,True,False,False,True,False,True,False,True,True,change_to_right,1.0,1.4422879219055176,176
cruise,True,False,False,True,False,True,False,True,True,cruise,1.0,1.408153772354126,176
cruise,True,False,False,True,False,True,False,True,True,keep,1.0,1.4558885097503662,176
cruise,True,False,False,True,False,True,False,True,True,swerve_left,1.0,1.4240727424621582,176
cruise,True,False,False,True,False,True,False,True,True,swerve_right,1.0,1.4545693397521973,176
cruise,True,False,False,True,False,True,True,True,True,change_to_left,1.0,1.4714176654815674,177
cruise,True,False,False,True,False,True,True,True,True,change_to_right,1.0,1.460075855255127,177
cruise,True,False,False,True,False,True,True,True,True,cruise,1.0,1.4041776657104492,177
cruise,True,False,False,True,False,True,True,True,True,keep,1.0,1.4794342517852783,177
cruise,True,False,False,True,False,True,True,True,True,swerve_left,1.0,1.4235641956329346,177
cruise,True,False,False,True,False,True,True,True,True,swerve_right,1.0,1.4598000049591064,177
change_to_right,True,False,False,True,False,True,True,True,True,change_to_left,1.0,1.4581804275512695,178
change_to_right,True,False,False,True,False,True,True,True,True,change_to_right,1.0,1.4903380870819092,178
change_to_right,True,False,False,True,False,True,True,True,True,cruise,1.0,1.4235994815826416,178
change_to_right,True,False,False,True,False,True,True,True,True,keep,1.0,1.4719712734222412,178
change_to_right,True,False,False,True,False,True,True,True,True,swerve_left,1.0,1.4098296165466309,178
change_to_right,True,False,False,True,False,True,True,True,True,swerve_right,1.0,1.4587206840515137,178
cruise,True,False,False,True,True,False,False,True,True,change_to_left,1.0,1.4801018238067627,179
cruise,True,False,False,True,True,False,False,True,True,change_to_right,1.0,1.4660959243774414,179
cruise,True,False,False,True,True,False,False,True,True,cruise,1.0,1.4703447818756104,179
cruise,True,False,False,True,True,False,False,True,True,keep,1.0,1.4855320453643799,179
cruise,True,False,False,True,True,False,False,True,True,swerve_left,1.0,1.4379243850708008,179
cruise,True,False,False,True,True,False,False,True,True,swerve_right,1.0,1.4904375076293945,179
change_to_left,True,False,False,True,True,False,False,True,True,change_to_left,1.0,1.4353961944580078,180
change_to_left,True,False,False,True,True,False,False,True,True,change_to_right,1.0,1.4474804401397705,180
change_to_left,True,False,False,True,True,False,False,True,True,cruise,1.0,1.3835017681121826,180
change_to_left,True,False,False,True,True,False,False,True,True,keep,1.0,1.4504551887512207,180
change_to_left,True,False,False,True,True,False,False,True,True,swerve_left,1.0,1.412306785583496,180
change_to_left,True,False,False,True,True,False,False,True,True,swerve_right,1.0,1.4334266185760498,180
change_to_right,True,False,False,True,True,False,False,True,True,change_to_left,1.0,1.475938081741333,181
change_to_right,True,False,False,True,True,False,False,True,True,change_to_right,1.0,1.456333875656128,181
change_to_right,True,False,False,True,True,False,False,True,True,cruise,1.0,1.430131435394287,181
change_to_right,True,False,False,True,True,False,False,True,True,keep,1.0,1.470578670501709,181
change_to_right,True,False,False,True,True,False,False,True,True,swerve_left,1.0,1.4132492542266846,181
change_to_right,True,False,False,True,True,False,False,True,True,swerve_right,1.0,1.4757492542266846,181
cruise,True,False,False,True,True,False,True,True,True,change_to_left,1.0,1.4657745361328125,182
cruise,True,False,False,True,True,False,True,True,True,change_to_right,1.0,1.4465646743774414,182
cruise,True,False,False,True,True,False,True,True,True,cruise,1.0,1.4390335083007812,182
cruise,True,False,False,True,True,False,True,True,True,keep,1.0,1.47762131690979,182
cruise,True,False,False,True,True,False,True,True,True,swerve_left,1.0,1.4092862606048584,182
cruise,True,False,False,True,True,False,True,True,True,swerve_right,1.0,1.493013858795166,182
change_to_right,True,False,False,True,True,False,True,True,True,change_to_left,1.0,1.4503700733184814,183
change_to_right,True,False,False,True,True,False,True,True,True,change_to_right,1.0,1.4467833042144775,183
change_to_right,True,False,False,True,True,False,True,True,True,cruise,1.0,1.4228556156158447,183
change_to_right,True,False,False,True,True,False,True,True,True,keep,1.0,1.4507255554199219,183
change_to_right,True,False,False,True,True,False,True,True,True,swerve_left,1.0,1.4228498935699463,183
change_to_right,True,False,False,True,True,False,True,True,True,swerve_right,1.0,1.4527170658111572,183
change_to_left,True,False,False,True,True,True,False,True,True,change_to_left,1.0,1.427504539489746,184
change_to_left,True,False,False,True,True,True,False,True,True,change_to_right,1.0,1.4531795978546143,184
change_to_left,True,False,False,True,True,True,False,True,True,cruise,1.0,1.405595064163208,184
change_to_left,True,False,False,True,True,True,False,True,True,keep,1.0,1.4636006355285645,184
change_to_left,True,False,False,True,True,True,False,True,True,swerve_left,1.0,1.3920402526855469,184
change_to_left,True,False,False,True,True,True,False,True,True,swerve_right,1.0,1.4333722591400146,184
cruise,True,False,False,True,True,True,False,True,True,change_to_left,1.0,1.4539806842803955,185
cruise,True,False,False,True,True,True,False,True,True,change_to_right,1.0,1.4477620124816895,185
cruise,True,False,False,True,True,True,False,True,True,cruise,1.0,1.408604621887207,185
cruise,True,False,False,True,True,True,False,True,True,keep,1.0,1.4511725902557373,185
cruise,True,False,False,True,True,True,False,True,True,swerve_left,1.0,1.3998851776123047,185
cruise,True,False,False,True,True,True,False,True,True,swerve_right,1.0,1.4600508213043213,185
change_to_right,True,False,False,True,True,True,False,True,True,change_to_left,1.0,1.4149913787841797,186
change_to_right,True,False,False,True,True,True,False,True,True,change_to_right,1.0,1.4225494861602783,186
change_to_right,True,False,False,True,True,True,False,True,True,cruise,1.0,1.4149329662322998,186
change_to_right,True,False,False,True,True,True,False,True,True,keep,1.0,1.4468870162963867,186
change_to_right,True,False,False,True,True,True,False,True,True,swerve_left,1.0,1.4050309658050537,186
change_to_right,True,False,False,True,True,True,False,True,True,swerve_right,1.0,1.4435889720916748,186
cruise,True,False,False,True,True,True,True,True,True,change_to_left,1.0,1.4642882347106934,187
cruise,True,False,False,True,True,True,True,True,True,change_to_right,1.0,1.4495482444763184,187
cruise,True,False,False,True,True,True,True,True,True,cruise,1.0,1.4267632961273193,187
cruise,True,False,False,True,True,True,True,True,True,keep,1.0,1.4640624523162842,187
cruise,True,False,False,True,True,True,True,True,True,swerve_left,1.0,1.4110987186431885,187
cruise,True,False,False,True,True,True,True,True,True,swerve_right,1.0,1.49167799949646,187
change_to_right,True,False,False,True,True,True,True,True,True,change_to_left,1.0,1.4629487991333008,188
change_to_right,True,False,False,True,True,True,True,True,True,change_to_right,1.0,1.4412810802459717,188
change_to_right,True,False,False,True,True,True,True,True,True,cruise,1.0,1.4259133338928223,188
change_to_right,True,False,False,True,True,True,True,True,True,keep,1.0,1.4561808109283447,188
change_to_right,True,False,False,True,True,True,True,True,True,swerve_left,1.0,1.4226932525634766,188
change_to_right,True,False,False,True,True,True,True,True,True,swerve_right,1.0,1.4549939632415771,188
change_to_left,True,False,True,False,False,False,False,True,True,change_to_left,1.0,1.4504637718200684,189
change_to_left,True,False,True,False,False,False,False,True,True,change_to_right,1.0,1.4507832527160645,189
change_to_left,True,False,True,False,False,False,False,True,True,cruise,1.0,1.4081928730010986,189
change_to_left,True,False,True,False,False,False,False,True,True,keep,1.0,1.4327003955841064,189
change_to_left,True,False,True,False,False,False,False,True,True,swerve_left,1.0,1.406620740890503,189
change_to_left,True,False,True,False,False,False,False,True,True,swerve_right,1.0,1.4300017356872559,189
change_to_right,True,False,True,False,False,False,False,True,True,change_to_left,1.0,1.4418995380401611,190
change_to_right,True,False,True,False,False,False,False,True,True,change_to_right,1.0,1.434650182723999,190
change_to_right,True,False,True,False,False,False,False,True,True,cruise,1.0,1.4072177410125732,190
change_to_right,True,False,True,False,False,False,False,True,True,keep,1.0,1.4405946731567383,190
change_to_right,True,False,True,False,False,False,False,True,True,swerve_left,1.0,1.3963727951049805,190
change_to_right,True,False,True,False,False,False,False,True,True,swerve_right,1.0,1.4367375373840332,190
change_to_left,True,False,True,False,False,False,True,True,True,change_to_left,1.0,1.465306282043457,191
change_to_left,True,False,True,False,False,False,True,True,True,change_to_right,1.0,1.4324419498443604,191
change_to_left,True,False,True,False,False,False,True,True,True,cruise,1.0,1.4065566062927246,191
change_to_left,True,False,True,False,False,False,True,True,True,keep,1.0,1.455686092376709,191
change_to_left,True,False,True,False,False,False,True,True,True,swerve_left,1.0,1.4229421615600586,191
change_to_left,True,False,True,False,False,False,True,True,True,swerve_right,1.0,1.428626537322998,191
change_to_right,True,False,True,False,False,False,True,True,True,change_to_left,1.0,1.4698233604431152,192
change_to_right,True,False,True,False,False,False,True,True,True,change_to_right,1.0,1.457350492477417,192
change_to_right,True,False,True,False,False,False,True,True,True,cruise,1.0,1.3995838165283203,192
change_to_right,True,False,True,False,False,False,True,True,True,keep,1.0,1.4868736267089844,192
change_to_right,True,False,True,False,False,False,True,True,True,swerve_left,1.0,1.4267103672027588,192
change_to_right,True,False,True,False,False,False,True,True,True,swerve_right,1.0,1.4366090297698975,192
change_to_left,True,False,True,False,False,True,False,True,True,change_to_left,1.0,1.4632303714752197,193
change_to_left,True,False,True,False,False,True,False,True,True,change_to_right,1.0,1.4653306007385254,193
change_to_left,True,False,True,False,False,True,False,True,True,cruise,1.0,1.4317238330841064,193
change_to_left,True,False,True,False,False,True,False,True,True,keep,1.0,1.456080675125122,193
change_to_left,True,False,True,False,False,True,False,True,True,swerve_left,1.0,1.4005186557769775,193
change_to_left,True,False,True,False,False,True,False,True,True,swerve_right,1.0,1.4664645195007324,193
change_to_right,True,False,True,False,False,True,False,True,True,change_to_left,1.0,1.4674286842346191,194
change_to_right,True,False,True,False,False,True,False,True,True,change_to_right,1.0,1.4551424980163574,194
change_to_right,True,False,True,False,False,True,False,True,True,cruise,1.0,1.4377634525299072,194
change_to_right,True,False,True,False,False,True,False,True,True,keep,1.0,1.4807045459747314,194
change_to_right,True,False,True,False,False,True,False,True,True,swerve_left,1.0,1.4204423427581787,194
change_to_right,True,False,True,False,False,True,False,True,True,swerve_right,1.0,1.448333978652954,194
change_to_left,True,False,True,False,False,True,True,True,True,change_to_left,1.0,1.4166462421417236,195
change_to_left,True,False,True,False,False,True,True,True,True,change_to_right,1.0,1.4107692241668701,195
change_to_left,True,False,True,False,False,True,True,True,True,cruise,1.0,1.3762555122375488,195
change_to_left,True,False,True,False,False,True,True,True,True,keep,1.0,1.4153246879577637,195
change_to_left,True,False,True,False,False,True,True,True,True,swerve_left,1.0,1.4052162170410156,195
change_to_left,True,False,True,False,False,True,True,True,True,swerve_right,1.0,1.4581010341644287,195
change_to_right,True,False,True,False,False,True,True,True,True,change_to_left,1.0,1.4725444316864014,196
change_to_right,True,False,True,False,False,True,True,True,True,change_to_right,1.0,1.468996524810791,196
change_to_right,True,False,True,False,False,True,True,True,True,cruise,1.0,1.4130120277404785,196
change_to_right,True,False,True,False,False,True,True,True,True,keep,1.0,1.4825103282928467,196
change_to_right,True,False,True,False,False,True,True,True,True,swerve_left,1.0,1.4116637706756592,196
change_to_right,True,False,True,False,False,True,True,True,True,swerve_right,1.0,1.4726266860961914,196
change_to_left,True,False,True,False,True,False,False,True,True,change_to_left,1.0,1.4598867893218994,197
change_to_left,True,False,True,False,True,False,False,True,True,change_to_right,1.0,1.472510814666748,197
change_to_left,True,False,True,False,True,False,False,True,True,cruise,1.0,1.4091393947601318,197
change_to_left,True,False,True,False,True,False,False,True,True,keep,1.0,1.4605379104614258,197
change_to_left,True,False,True,False,True,False,False,True,True,swerve_left,1.0,1.4111206531524658,197
change_to_left,True,False,True,False,True,False,False,True,True,swerve_right,1.0,1.4521188735961914,197
change_to_right,True,False,True,False,True,False,False,True,True,change_to_left,1.0,1.4496631622314453,198
change_to_right,True,False,True,False,True,False,False,True,True,change_to_right,1.0,1.409775733947754,198
change_to_right,True,False,True,False,True,False,False,True,True,cruise,1.0,1.402559757232666,198
change_to_right,True,False,True,False,True,False,False,True,True,keep,1.0,1.481276035308838,198
change_to_right,True,False,True,False,True,False,False,True,True,swerve_left,1.0,1.5961458683013916,198
change_to_right,True,False,True,False,True,False,False,True,True,swerve_right,1.0,1.6371119022369385,198
change_to_left,True,False,True,False,True,False,True,True,True,change_to_left,1.0,1.4930105209350586,199
change_to_left,True,False,True,False,True,False,True,True,True,change_to_right,1.0,1.4844496250152588,199
change_to_left,True,False,True,False,True,False,True,True,True,cruise,1.0,1.4884037971496582,199
change_to_left,True,False,True,False,True,False,True,True,True,keep,1.0,1.5171658992767334,199
change_to_left,True,False,True,False,True,False,True,True,True,swerve_left,1.0,1.4925901889801025,199
change_to_left,True,False,True,False,True,False,True,True,True,swerve_right,1.0,1.4895780086517334,199
change_to_right,True,False,True,False,True,False,True,True,True,change_to_left,1.0,1.4807443618774414,200
change_to_right,True,False,True,False,True,False,True,True,True,change_to_right,1.0,1.4766912460327148,200
change_to_right,True,False,True,False,True,False,True,True,True,cruise,1.0,1.4291889667510986,200
change_to_right,True,False,True,False,True,False,True,True,True,keep,1.0,1.4819049835205078,200
change_to_right,True,False,True,False,True,False,True,True,True,swerve_left,1.0,1.4594793319702148,200
change_to_right,True,False,True,False,True,False,True,True,True,swerve_right,1.0,1.485372543334961,200
change_to_left,True,False,True,False,True,True,False,True,True,change_to_left,1.0,1.5063731670379639,201
change_to_left,True,False,True,False,True,True,False,True,True,change_to_right,1.0,1.4881510734558105,201
change_to_left,True,False,True,False,True,True,False,True,True,cruise,1.0,1.4636378288269043,201
change_to_left,True,False,True,False,True,True,False,True,True,keep,1.0,1.5125548839569092,201
change_to_left,True,False,True,False,True,True,False,True,True,swerve_left,1.0,1.44761323928833,201
change_to_left,True,False,True,False,True,True,False,True,True,swerve_right,1.0,1.519655704498291,201
change_to_right,True,False,True,False,True,True,False,True,True,change_to_left,1.0,1.502880334854126,202
change_to_right,True,False,True,False,True,True,False,True,True,change_to_right,1.0,1.4936058521270752,202
change_to_right,True,False,True,False,True,True,False,True,True,cruise,1.0,1.4516654014587402,202
change_to_right,True,False,True,False,True,True,False,True,True,keep,1.0,1.4951927661895752,202
change_to_right,True,False,True,False,True,True,False,True,True,swerve_left,1.0,1.4509189128875732,202
change_to_right,True,False,True,False,True,True,False,True,True,swerve_right,1.0,1.4942750930786133,202
change_to_left,True,False,True,False,True,True,True,True,True,change_to_left,1.0,1.502121925354004,203
change_to_left,True,False,True,False,True,True,True,True,True,change_to_right,1.0,1.4936878681182861,203
change_to_left,True,False,True,False,True,True,True,True,True,cruise,1.0,1.460021734237671,203
change_to_left,True,False,True,False,True,True,True,True,True,keep,1.0,1.49967360496521,203
change_to_left,True,False,True,False,True,True,True,True,True,swerve_left,1.0,1.447070598602295,203
change_to_left,True,False,True,False,True,True,True,True,True,swerve_right,1.0,1.5041303634643555,203
change_to_right,True,False,True,False,True,True,True,True,True,change_to_left,1.0,1.4926259517669678,204
change_to_right,True,False,True,False,True,True,True,True,True,change_to_right,1.0,1.4751355648040771,204
change_to_right,True,False,True,False,True,True,True,True,True,cruise,1.0,1.441551685333252,204
change_to_right,True,False,True,False,True,True,True,True,True,keep,1.0,1.4998140335083008,204
change_to_right,True,False,True,False,True,True,True,True,True,swerve_left,1.0,1.4328019618988037,204
change_to_right,True,False,True,False,True,True,True,True,True,swerve_right,1.0,1.476125955581665,204
change_to_left,True,False,True,True,False,False,False,True,True,change_to_left,1.0,1.5002186298370361,205
change_to_left,True,False,True,True,False,False,False,True,True,change_to_right,1.0,1.4849753379821777,205
change_to_left,True,False,True,True,False,False,False,True,True,cruise,1.0,1.4414148330688477,205
change_to_left,True,False,True,True,False,False,False,True,True,keep,1.0,1.4796955585479736,205
change_to_left,True,False,True,True,False,False,False,True,True,swerve_left,1.0,1.44842529296875,205
change_to_left,True,False,True,True,False,False,False,True,True,swerve_right,1.0,1.5025391578674316,205
change_to_right,True,False,True,True,False,False,False,True,True,change_to_left,1.0,1.49896240234375,206
change_to_right,True,False,True,True,False,False,False,True,True,change_to_right,1.0,1.4806005954742432,206
change_to_right,True,False,True,True,False,False,False,True,True,cruise,1.0,1.4336779117584229,206
change_to_right,True,False,True,True,False,False,False,True,True,keep,1.0,1.4844353199005127,206
change_to_right,True,False,True,True,False,False,False,True,True,swerve_left,1.0,1.4274077415466309,206
change_to_right,True,False,True,True,False,False,False,True,True,swerve_right,1.0,1.5304803848266602,206
change_to_right,True,False,True,True,False,False,True,True,True,change_to_left,1.0,1.5016968250274658,207
change_to_right,True,False,True,True,False,False,True,True,True,change_to_right,1.0,1.4792029857635498,207
change_to_right,True,False,True,True,False,False,True,True,True,cruise,1.0,1.4573228359222412,207
change_to_right,True,False,True,True,False,False,True,True,True,keep,1.0,1.4980311393737793,207
change_to_right,True,False,True,True,False,False,True,True,True,swerve_left,1.0,1.4427893161773682,207
change_to_right,True,False,True,True,False,False,True,True,True,swerve_right,1.0,1.4895355701446533,207
change_to_left,True,False,True,True,False,True,False,True,True,change_to_left,1.0,1.5065159797668457,208
change_to_left,True,False,True,True,False,True,False,True,True,change_to_right,1.0,1.502152442932129,208
change_to_left,True,False,True,True,False,True,False,True,True,cruise,1.0,1.4645776748657227,208
change_to_left,True,False,True,True,False,True,False,True,True,keep,1.0,1.506225347518921,208
change_to_left,True,False,True,True,False,True,False,True,True,swerve_left,1.0,1.4550666809082031,208
change_to_left,True,False,True,True,False,True,False,True,True,swerve_right,1.0,1.5096845626831055,208
change_to_right,True,False,True,True,False,True,False,True,True,change_to_left,1.0,1.4959702491760254,209
change_to_right,True,False,True,True,False,True,False,True,True,change_to_right,1.0,1.480114459991455,209
change_to_right,True,False,True,True,False,True,False,True,True,cruise,1.0,1.463425636291504,209
change_to_right,True,False,True,True,False,True,False,True,True,keep,1.0,1.5250203609466553,209
change_to_right,True,False,True,True,False,True,False,True,True,swerve_left,1.0,1.4542593955993652,209
change_to_right,True,False,True,True,False,True,False,True,True,swerve_right,1.0,1.5002596378326416,209
change_to_right,True,False,True,True,False,True,True,True,True,change_to_left,1.0,1.4788663387298584,210
change_to_right,True,False,True,True,False,True,True,True,True,change_to_right,1.0,1.47652006149292,210
change_to_right,True,False,True,True,False,True,True,True,True,cruise,1.0,1.419553279876709,210
change_to_right,True,False,True,True,False,True,True,True,True,keep,1.0,1.4860012531280518,210
change_to_right,True,False,True,True,False,True,True,True,True,swerve_left,1.0,1.443941593170166,210
change_to_right,True,False,True,True,False,True,True,True,True,swerve_right,1.0,1.4821805953979492,210
change_to_left,True,False,True,True,True,False,False,True,True,change_to_left,1.0,1.4886152744293213,211
change_to_left,True,False,True,True,True,False,False,True,True,change_to_right,1.0,1.5035820007324219,211
change_to_left,True,False,True,True,True,False,False,True,True,cruise,1.0,1.4459855556488037,211
change_to_left,True,False,True,True,True,False,False,True,True,keep,1.0,1.512660264968872,211
change_to_left,True,False,True,True,True,False,False,True,True,swerve_left,1.0,1.4697978496551514,211
change_to_left,True,False,True,True,True,False,False,True,True,swerve_right,1.0,1.5026493072509766,211
change_to_right,True,False,True,True,True,False,False,True,True,change_to_left,1.0,1.4831891059875488,212
change_to_right,True,False,True,True,True,False,False,True,True,change_to_right,1.0,1.4813475608825684,212
change_to_right,True,False,True,True,True,False,False,True,True,cruise,1.0,1.4269957542419434,212
change_to_right,True,False,True,True,True,False,False,True,True,keep,1.0,1.482517957687378,212
change_to_right,True,False,True,True,True,False,False,True,True,swerve_left,1.0,1.4384076595306396,212
change_to_right,True,False,True,True,True,False,False,True,True,swerve_right,1.0,1.4710962772369385,212
change_to_right,True,False,True,True,True,False,True,True,True,change_to_left,1.0,1.4999771118164062,213
change_to_right,True,False,True,True,True,False,True,True,True,change_to_right,1.0,1.499748945236206,213
change_to_right,True,False,True,True,True,False,True,True,True,cruise,1.0,1.4595706462860107,213
change_to_right,True,False,True,True,True,False,True,True,True,keep,1.0,1.496203899383545,213
change_to_right,True,False,True,True,True,False,True,True,True,swerve_left,1.0,1.4664785861968994,213
change_to_right,True,False,True,True,True,False,True,True,True,swerve_right,1.0,1.5266296863555908,213
change_to_left,True,False,True,True,True,True,False,True,True,change_to_left,1.0,1.524350881576538,214
change_to_left,True,False,True,True,True,True,False,True,True,change_to_right,1.0,1.4882383346557617,214
change_to_left,True,False,True,True,True,True,False,True,True,cruise,1.0,1.4557342529296875,214
change_to_left,True,False,True,True,True,True,False,True,True,keep,1.0,1.511514663696289,214
change_to_left,True,False,True,True,True,True,False,True,True,swerve_left,1.0,1.458425521850586,214
change_to_left,True,False,True,True,True,True,False,True,True,swerve_right,1.0,1.5154566764831543,214
change_to_right,True,False,True,True,True,True,False,True,True,change_to_left,1.0,1.466392993927002,215
change_to_right,True,False,True,True,True,True,False,True,True,change_to_right,1.0,1.4750590324401855,215
change_to_right,True,False,True,True,True,True,False,True,True,cruise,1.0,1.4478824138641357,215
change_to_right,True,False,True,True,True,True,False,True,True,keep,1.0,1.4868464469909668,215
change_to_right,True,False,True,True,True,True,False,True,True,swerve_left,1.0,1.430201768875122,215
change_to_right,True,False,True,True,True,True,False,True,True,swerve_right,1.0,1.4975450038909912,215
change_to_right,True,False,True,True,True,True,True,True,True,change_to_left,1.0,1.4877796173095703,216
change_to_right,True,False,True,True,True,True,True,True,True,change_to_right,1.0,1.4614861011505127,216
change_to_right,True,False,True,True,True,True,True,True,True,cruise,1.0,1.4488825798034668,216
change_to_right,True,False,True,True,True,True,True,True,True,keep,1.0,1.479156732559204,216
change_to_right,True,False,True,True,True,True,True,True,True,swerve_left,1.0,1.4357836246490479,216
change_to_right,True,False,True,True,True,True,True,True,True,swerve_right,1.0,1.4870100021362305,216
change_to_left,True,True,False,False,False,False,False,True,True,change_to_left,1.0,1.4915623664855957,217
change_to_left,True,True,False,False,False,False,False,True,True,change_to_right,1.0,1.4824800491333008,217
change_to_left,True,True,False,False,False,False,False,True,True,cruise,1.0,1.4489128589630127,217
change_to_left,True,True,False,False,False,False,False,True,True,keep,1.0,1.5086801052093506,217
change_to_left,True,True,False,False,False,False,False,True,True,swerve_left,1.0,1.4541876316070557,217
change_to_left,True,True,False,False,False,False,False,True,True,swerve_right,1.0,1.5102174282073975,217
cruise,True,True,False,False,False,False,False,True,True,change_to_left,1.0,1.5219321250915527,218
cruise,True,True,False,False,False,False,False,True,True,change_to_right,1.0,1.5075831413269043,218
cruise,True,True,False,False,False,False,False,True,True,cruise,1.0,1.4616119861602783,218
cruise,True,True,False,False,False,False,False,True,True,keep,1.0,1.4944913387298584,218
cruise,True,True,False,False,False,False,False,True,True,swerve_left,1.0,1.5068116188049316,218
cruise,True,True,False,False,False,False,False,True,True,swerve_right,1.0,1.4803719520568848,218
change_to_right,True,True,False,False,False,False,False,True,True,change_to_left,1.0,1.4885413646697998,219
change_to_right,True,True,False,False,False,False,False,True,True,change_to_right,1.0,1.4887123107910156,219
change_to_right,True,True,False,False,False,False,False,True,True,cruise,1.0,1.449507713317871,219
change_to_right,True,True,False,False,False,False,False,True,True,keep,1.0,1.4712495803833008,219
change_to_right,True,True,False,False,False,False,False,True,True,swerve_left,1.0,1.4598963260650635,219
change_to_right,True,True,False,False,False,False,False,True,True,swerve_right,1.0,1.501645565032959,219
change_to_left,True,True,False,False,False,False,True,True,True,change_to_left,1.0,1.503014326095581,220
change_to_left,True,True,False,False,False,False,True,True,True,change_to_right,1.0,1.4847073554992676,220
change_to_left,True,True,False,False,False,False,True,True,True,cruise,1.0,1.4160842895507812,220
change_to_left,True,True,False,False,False,False,True,True,True,keep,1.0,1.474046230316162,220
change_to_left,True,True,False,False,False,False,True,True,True,swerve_left,1.0,1.451542854309082,220
change_to_left,True,True,False,False,False,False,True,True,True,swerve_right,1.0,1.475325345993042,220
cruise,True,True,False,False,False,False,True,True,True,change_to_left,1.0,1.536271572113037,221
cruise,True,True,False,False,False,False,True,True,True,change_to_right,1.0,1.4936490058898926,221
cruise,True,True,False,False,False,False,True,True,True,cruise,1.0,1.5009160041809082,221
cruise,True,True,False,False,False,False,True,True,True,keep,1.0,1.5086946487426758,221
cruise,True,True,False,False,False,False,True,True,True,swerve_left,1.0,1.4698381423950195,221
cruise,True,True,False,False,False,False,True,True,True,swerve_right,1.0,1.5094048976898193,221
change_to_right,True,True,False,False,False,False,True,True,True,change_to_left,1.0,1.4991788864135742,222
change_to_right,True,True,False,False,False,False,True,True,True,change_to_right,1.0,1.5026137828826904,222
change_to_right,True,True,False,False,False,False,True,True,True,cruise,1.0,1.4472897052764893,222
change_to_right,True,True,False,False,False,False,True,True,True,keep,1.0,1.4901046752929688,222
change_to_right,True,True,False,False,False,False,True,True,True,swerve_left,1.0,1.4650626182556152,222
change_to_right,True,True,False,False,False,False,True,True,True,swerve_right,1.0,1.5089726448059082,222
change_to_left,True,True,False,False,False,True,False,True,True,change_to_left,1.0,1.5028893947601318,223
change_to_left,True,True,False,False,False,True,False,True,True,change_to_right,1.0,1.4939560890197754,223
change_to_left,True,True,False,False,False,True,False,True,True,cruise,1.0,1.4780511856079102,223
change_to_left,True,True,False,False,False,True,False,True,True,keep,1.0,1.4915266036987305,223
change_to_left,True,True,False,False,False,True,False,True,True,swerve_left,1.0,1.4805984497070312,223
change_to_left,True,True,False,False,False,True,False,True,True,swerve_right,1.0,1.4995841979980469,223
cruise,True,True,False,False,False,True,False,True,True,change_to_left,1.0,1.5260756015777588,224
cruise,True,True,False,False,False,True,False,True,True,change_to_right,1.0,1.4918429851531982,224
cruise,True,True,False,False,False,True,False,True,True,cruise,1.0,1.4505462646484375,224
cruise,True,True,False,False,False,True,False,True,True,keep,1.0,1.5109620094299316,224
cruise,True,True,False,False,False,True,False,True,True,swerve_left,1.0,1.5356087684631348,224
cruise,True,True,False,False,False,True,False,True,True,swerve_right,1.0,1.4914805889129639,224
change_to_right,True,True,False,False,False,True,False,True,True,change_to_left,1.0,1.4898924827575684,225
change_to_right,True,True,False,False,False,True,False,True,True,change_to_right,1.0,1.486095905303955,225
change_to_right,True,True,False,False,False,True,False,True,True,cruise,1.0,1.448728084564209,225
change_to_right,True,True,False,False,False,True,False,True,True,keep,1.0,1.4785041809082031,225
change_to_right,True,True,False,False,False,True,False,True,True,swerve_left,1.0,1.4425060749053955,225
change_to_right,True,True,False,False,False,True,False,True,True,swerve_right,1.0,1.497178554534912,225
change_to_left,True,True,False,False,False,True,True,True,True,change_to_left,1.0,1.5087087154388428,226
change_to_left,True,True,False,False,False,True,True,True,True,change_to_right,1.0,1.5089545249938965,226
change_to_left,True,True,False,False,False,True,True,True,True,cruise,1.0,1.4495131969451904,226
change_to_left,True,True,False,False,False,True,True,True,True,keep,1.0,1.499929428100586,226
change_to_left,True,True,False,False,False,True,True,True,True,swerve_left,1.0,1.4477663040161133,226
change_to_left,True,True,False,False,False,True,True,True,True,swerve_right,1.0,1.4901065826416016,226
cruise,True,True,False,False,False,True,True,True,True,change_to_left,1.0,1.5140202045440674,227
cruise,True,True,False,False,False,True,True,True,True,change_to_right,1.0,1.4904592037200928,227
cruise,True,True,False,False,False,True,True,True,True,cruise,1.0,1.4810402393341064,227
cruise,True,True,False,False,False,True,True,True,True,keep,1.0,1.4984092712402344,227
cruise,True,True,False,False,False,True,True,True,True,swerve_left,1.0,1.4630317687988281,227
cruise,True,True,False,False,False,True,True,True,True,swerve_right,1.0,1.509840726852417,227
change_to_right,True,True,False,False,False,True,True,True,True,change_to_left,1.0,1.5306105613708496,228
change_to_right,True,True,False,False,False,True,True,True,True,change_to_right,1.0,1.4866938591003418,228
change_to_right,True,True,False,False,False,True,True,True,True,cruise,1.0,1.4411005973815918,228
change_to_right,True,True,False,False,False,True,True,True,True,keep,1.0,1.517601490020752,228
change_to_right,True,True,False,False,False,True,True,True,True,swerve_left,1.0,1.479280710220337,228
change_to_right,True,True,False,False,False,True,True,True,True,swerve_right,1.0,1.5189793109893799,228
change_to_left,True,True,False,False,True,False,False,True,True,change_to_left,1.0,1.471708059310913,229
change_to_left,True,True,False,False,True,False,False,True,True,change_to_right,1.0,1.463653564453125,229
change_to_left,True,True,False,False,True,False,False,True,True,cruise,1.0,1.4134130477905273,229
change_to_left,True,True,False,False,True,False,False,True,True,keep,1.0,1.4979398250579834,229
change_to_left,True,True,False,False,True,False,False,True,True,swerve_left,1.0,1.415747880935669,229
change_to_left,True,True,False,False,True,False,False,True,True,swerve_right,1.0,1.5007972717285156,229
cruise,True,True,False,False,True,False,False,True,True,change_to_left,1.0,1.5004398822784424,230
cruise,True,True,False,False,True,False,False,True,True,change_to_right,1.0,1.4894826412200928,230
cruise,True,True,False,False,True,False,False,True,True,cruise,1.0,1.4575109481811523,230
cruise,True,True,False,False,True,False,False,True,True,keep,1.0,1.5131158828735352,230
cruise,True,True,False,False,True,False,False,True,True,swerve_left,1.0,1.4626317024230957,230
cruise,True,True,False,False,True,False,False,True,True,swerve_right,1.0,1.5203864574432373,230
change_to_right,True,True,False,False,True,False,False,True,True,change_to_left,1.0,1.5010738372802734,231
change_to_right,True,True,False,False,True,False,False,True,True,change_to_right,1.0,1.496490716934204,231
change_to_right,True,True,False,False,True,False,False,True,True,cruise,1.0,1.4429700374603271,231
change_to_right,True,True,False,False,True,False,False,True,True,keep,1.0,1.526705265045166,231
change_to_right,True,True,False,False,True,False,False,True,True,swerve_left,1.0,1.4651579856872559,231
change_to_right,True,True,False,False,True,False,False,True,True,swerve_right,1.0,1.501697301864624,231
change_to_left,True,True,False,False,True,False,True,True,True,change_to_left,1.0,1.5074050426483154,232
change_to_left,True,True,False,False,True,False,True,True,True,change_to_right,1.0,1.4985148906707764,232
change_to_left,True,True,False,False,True,False,True,True,True,cruise,1.0,1.4593520164489746,232
change_to_left,True,True,False,False,True,False,True,True,True,keep,1.0,1.5128800868988037,232
change_to_left,True,True,False,False,True,False,True,True,True,swerve_left,1.0,1.458414077758789,232
change_to_left,True,True,False,False,True,False,True,True,True,swerve_right,1.0,1.489300012588501,232
cruise,True,True,False,False,True,False,True,True,True,change_to_left,1.0,1.5049173831939697,233
cruise,True,True,False,False,True,False,True,True,True,change_to_right,1.0,1.468815565109253,233
cruise,True,True,False,False,True,False,True,True,True,cruise,1.0,1.4674391746520996,233
cruise,True,True,False,False,True,False,True,True,True,keep,1.0,1.502126932144165,233
cruise,True,True,False,False,True,False,True,True,True,swerve_left,1.0,1.4305198192596436,233
cruise,True,True,False,False,True,False,True,True,True,swerve_right,1.0,1.4897527694702148,233
change_to_right,True,True,False,False,True,False,True,True,True,change_to_left,1.0,1.530491828918457,234
change_to_right,True,True,False,False,True,False,True,True,True,change_to_right,1.0,1.5149812698364258,234
change_to_right,True,True,False,False,True,False,True,True,True,cruise,1.0,1.4544644355773926,234
change_to_right,True,True,False,False,True,False,True,True,True,keep,1.0,1.4921624660491943,234
change_to_right,True,True,False,False,True,False,True,True,True,swerve_left,1.0,1.4430737495422363,234
change_to_right,True,True,False,False,True,False,True,True,True,swerve_right,1.0,1.5113539695739746,234
change_to_left,True,True,False,False,True,True,False,True,True,change_to_left,1.0,1.520385503768921,235
change_to_left,True,True,False,False,True,True,False,True,True,change_to_right,1.0,1.4902715682983398,235
change_to_left,True,True,False,False,True,True,False,True,True,cruise,1.0,1.4484381675720215,235
change_to_left,True,True,False,False,True,True,False,True,True,keep,1.0,1.500171422958374,235
change_to_left,True,True,False,False,True,True,False,True,True,swerve_left,1.0,1.455002784729004,235
change_to_left,True,True,False,False,True,True,False,True,True,swerve_right,1.0,1.4931576251983643,235
cruise,True,True,False,False,True,True,False,True,True,change_to_left,1.0,1.4600908756256104,236
cruise,True,True,False,False,True,True,False,True,True,change_to_right,1.0,1.4636883735656738,236
cruise,True,True,False,False,True,True,False,True,True,cruise,1.0,1.5044608116149902,236
cruise,True,True,False,False,True,True,False,True,True,keep,1.0,1.4850497245788574,236
cruise,True,True,False,False,True,True,False,True,True,swerve_left,1.0,1.4314205646514893,236
cruise,True,True,False,False,True,True,False,True,True,swerve_right,1.0,1.473663568496704,236
change_to_right,True,True,False,False,True,True,False,True,True,change_to_left,1.0,1.4645841121673584,237
change_to_right,True,True,False,False,True,True,False,True,True,change_to_right,1.0,1.4906606674194336,237
change_to_right,True,True,False,False,True,True,False,True,True,cruise,1.0,1.4287078380584717,237
change_to_right,True,True,False,False,True,True,False,True,True,keep,1.0,1.495549201965332,237
change_to_right,True,True,False,False,True,True,False,True,True,swerve_left,1.0,1.433089256286621,237
change_to_right,True,True,False,False,True,True,False,True,True,swerve_right,1.0,1.471639633178711,237
change_to_left,True,True,False,False,True,True,True,True,True,change_to_left,1.0,1.3117070198059082,238
change_to_left,True,True,False,False,True,True,True,True,True,change_to_right,0.890311732541191,2.3482487201690674,238
change_to_left,True,True,False,False,True,True,True,True,True,cruise,0.21567425870119644,2.3508312702178955,238
change_to_left,True,True,False,False,True,True,True,True,True,keep,0.0015592159294377287,2.2794930934906006,238
change_to_left,True,True,False,False,True,True,True,True,True,swerve_left,0.001525945127271528,2.299865484237671,238
change_to_left,True,True,False,False,True,True,True,True,True,swerve_right,0.0022572467724796966,2.343379020690918,238
cruise,True,True,False,False,True,True,True,True,True,change_to_left,0.8837782131567438,2.376011610031128,239
cruise,True,True,False,False,True,True,True,True,True,change_to_right,0.8876273742157594,2.3362879753112793,239
cruise,True,True,False,False,True,True,True,True,True,cruise,1.0,1.3394865989685059,239
cruise,True,True,False,False,True,True,True,True,True,keep,0.0010468943042895695,2.303901433944702,239
cruise,True,True,False,False,True,True,True,True,True,swerve_left,0.004971428819727842,2.327063798904419,239
cruise,True,True,False,False,True,True,True,True,True,swerve_right,0.0016170229579207027,2.345083475112915,239
change_to_right,True,True,False,False,True,True,True,True,True,change_to_left,0.8773741866028515,2.355168104171753,240
change_to_right,True,True,False,False,True,True,True,True,True,change_to_right,1.0,1.31101393699646,240
change_to_right,True,True,False,False,True,True,True,True,True,cruise,0.21822905628646758,2.3357841968536377,240
change_to_right,True,True,False,False,True,True,True,True,True,keep,0.00310459532484454,2.3067502975463867,240
change_to_right,True,True,False,False,True,True,True,True,True,swerve_left,0.0023769276530453205,2.314851999282837,240
change_to_right,True,True,False,False,True,True,True,True,True,swerve_right,0.0023271770040941726,2.33485746383667,240
cruise,True,True,False,True,False,False,False,True,True,change_to_left,1.0,1.5121643543243408,241
cruise,True,True,False,True,False,False,False,True,True,change_to_right,1.0,1.5101239681243896,241
cruise,True,True,False,True,False,False,False,True,True,cruise,1.0,1.4462530612945557,241
cruise,True,True,False,True,False,False,False,True,True,keep,1.0,1.5140385627746582,241
cruise,True,True,False,True,False,False,False,True,True,swerve_left,1.0,1.4412994384765625,241
cruise,True,True,False,True,False,False,False,True,True,swerve_right,1.0,1.477362871170044,241
change_to_left,True,True,False,True,False,False,False,True,True,change_to_left,1.0,1.510059118270874,242
change_to_left,True,True,False,True,False,False,False,True,True,change_to_right,1.0,1.4899256229400635,242
change_to_left,True,True,False,True,False,False,False,True,True,cruise,1.0,1.4740700721740723,242
change_to_left,True,True,False,True,False,False,False,True,True,keep,1.0,1.4984261989593506,242
change_to_left,True,True,False,True,False,False,False,True,True,swerve_left,1.0,1.4913287162780762,242
change_to_left,True,True,False,True,False,False,False,True,True,swerve_right,1.0,1.5051169395446777,242
change_to_right,True,True,False,True,False,False,False,True,True,change_to_left,1.0,1.4930388927459717,243
change_to_right,True,True,False,True,False,False,False,True,True,change_to_right,1.0,1.473560094833374,243
change_to_right,True,True,False,True,False,False,False,True,True,cruise,1.0,1.4544832706451416,243
change_to_right,True,True,False,True,False,False,False,True,True,keep,1.0,1.4923996925354004,243
change_to_right,True,True,False,True,False,False,False,True,True,swerve_left,1.0,1.428694248199463,243
change_to_right,True,True,False,True,False,False,False,True,True,swerve_right,1.0,1.499950885772705,243
cruise,True,True,False,True,False,False,True,True,True,change_to_left,1.0,1.5303316116333008,244
cruise,True,True,False,True,False,False,True,True,True,change_to_right,1.0,1.4983103275299072,244
cruise,True,True,False,True,False,False,True,True,True,cruise,1.0,1.4413909912109375,244
cruise,True,True,False,True,False,False,True,True,True,keep,1.0,1.5014266967773438,244
cruise,True,True,False,True,False,False,True,True,True,swerve_left,1.0,1.4741392135620117,244
cruise,True,True,False,True,False,False,True,True,True,swerve_right,1.0,1.496412992477417,244
change_to_right,True,True,False,True,False,False,True,True,True,change_to_left,1.0,1.482935905456543,245
change_to_right,True,True,False,True,False,False,True,True,True,change_to_right,1.0,1.477825403213501,245
change_to_right,True,True,False,True,False,False,True,True,True,cruise,1.0,1.4403250217437744,245
change_to_right,True,True,False,True,False,False,True,True,True,keep,1.0,1.4655606746673584,245
change_to_right,True,True,False,True,False,False,True,True,True,swerve_left,1.0,1.4344608783721924,245
change_to_right,True,True,False,True,False,False,True,True,True,swerve_right,1.0,1.5014076232910156,245
change_to_left,True,True,False,True,False,True,False,True,True,change_to_left,1.0,1.48494291305542,246
change_to_left,True,True,False,True,False,True,False,True,True,change_to_right,1.0,1.4863646030426025,246
change_to_left,True,True,False,True,False,True,False,True,True,cruise,1.0,1.4669427871704102,246
change_to_left,True,True,False,True,False,True,False,True,True,keep,1.0,1.4807825088500977,246
change_to_left,True,True,False,True,False,True,False,True,True,swerve_left,1.0,1.453324317932129,246
change_to_left,True,True,False,True,False,True,False,True,True,swerve_right,1.0,1.495293140411377,246
change_to_right,True,True,False,True,False,True,False,True,True,change_to_left,1.0,1.4706008434295654,247
change_to_right,True,True,False,True,False,True,False,True,True,change_to_right,1.0,1.4847712516784668,247
change_to_right,True,True,False,True,False,True,False,True,True,cruise,1.0,1.4326961040496826,247
change_to_right,True,True,False,True,False,True,False,True,True,keep,1.0,1.4628992080688477,247
change_to_right,True,True,False,True,False,True,False,True,True,swerve_left,1.0,1.4595377445220947,247
change_to_right,True,True,False,True,False,True,False,True,True,swerve_right,1.0,1.484607219696045,247
cruise,True,True,False,True,False,True,False,True,True,change_to_left,1.0,1.5040032863616943,248
cruise,True,True,False,True,False,True,False,True,True,change_to_right,1.0,1.4969146251678467,248
cruise,True,True,False,True,False,True,False,True,True,cruise,1.0,1.4585373401641846,248
cruise,True,True,False,True,False,True,False,True,True,keep,1.0,1.5175628662109375,248
cruise,True,True,False,True,False,True,False,True,True,swerve_left,1.0,1.4555790424346924,248
cruise,True,True,False,True,False,True,False,True,True,swerve_right,1.0,1.524158000946045,248
cruise,True,True,False,True,False,True,True,True,True,change_to_left,1.0,1.4915885925292969,249
cruise,True,True,False,True,False,True,True,True,True,change_to_right,1.0,1.4996044635772705,249
cruise,True,True,False,True,False,True,True,True,True,cruise,1.0,1.4511115550994873,249
cruise,True,True,False,True,False,True,True,True,True,keep,1.0,1.4920637607574463,249
cruise,True,True,False,True,False,True,True,True,True,swerve_left,1.0,1.4583301544189453,249
cruise,True,True,False,True,False,True,True,True,True,swerve_right,1.0,1.511859655380249,249
change_to_right,True,True,False,True,False,True,True,True,True,change_to_left,1.0,1.5131361484527588,250
change_to_right,True,True,False,True,False,True,True,True,True,change_to_right,1.0,1.4935038089752197,250
change_to_right,True,True,False,True,False,True,True,True,True,cruise,1.0,1.4554808139801025,250
change_to_right,True,True,False,True,False,True,True,True,True,keep,1.0,1.516406536102295,250
change_to_right,True,True,False,True,False,True,True,True,True,swerve_left,1.0,1.4521067142486572,250
change_to_right,True,True,False,True,False,True,True,True,True,swerve_right,1.0,1.5090405941009521,250
cruise,True,True,False,True,True,False,False,True,True,change_to_left,1.0,1.511838674545288,251
cruise,True,True,False,True,True,False,False,True,True,change_to_right,1.0,1.4889581203460693,251
cruise,True,True,False,True,True,False,False,True,True,cruise,1.0,1.46510648727417,251
cruise,True,True,False,True,True,False,False,True,True,keep,1.0,1.5257325172424316,251
cruise,True,True,False,True,True,False,False,True,True,swerve_left,1.0,1.4688913822174072,251
cruise,True,True,False,True,True,False,False,True,True,swerve_right,1.0,1.5008914470672607,251
change_to_left,True,True,False,True,True,False,False,True,True,change_to_left,1.0,1.500385046005249,252
change_to_left,True,True,False,True,True,False,False,True,True,change_to_right,1.0,1.4949641227722168,252
change_to_left,True,True,False,True,True,False,False,True,True,cruise,1.0,1.4584259986877441,252
change_to_left,True,True,False,True,True,False,False,True,True,keep,1.0,1.5033855438232422,252
change_to_left,True,True,False,True,True,False,False,True,True,swerve_left,1.0,1.4586546421051025,252
change_to_left,True,True,False,True,True,False,False,True,True,swerve_right,1.0,1.5162158012390137,252
change_to_right,True,True,False,True,True,False,False,True,True,change_to_left,1.0,1.4782404899597168,253
change_to_right,True,True,False,True,True,False,False,True,True,change_to_right,1.0,1.433016300201416,253
change_to_right,True,True,False,True,True,False,False,True,True,cruise,1.0,1.3986825942993164,253
change_to_right,True,True,False,True,True,False,False,True,True,keep,1.0,1.4478049278259277,253
change_to_right,True,True,False,True,True,False,False,True,True,swerve_left,1.0,1.3899948596954346,253
change_to_right,True,True,False,True,True,False,False,True,True,swerve_right,1.0,1.4422883987426758,253
cruise,True,True,False,True,True,False,True,True,True,change_to_left,1.0,1.4524345397949219,254
cruise,True,True,False,True,True,False,True,True,True,change_to_right,1.0,1.4340360164642334,254
cruise,True,True,False,True,True,False,True,True,True,cruise,1.0,1.4155821800231934,254
cruise,True,True,False,True,True,False,True,True,True,keep,1.0,1.4349329471588135,254
cruise,True,True,False,True,True,False,True,True,True,swerve_left,1.0,1.4184608459472656,254
cruise,True,True,False,True,True,False,True,True,True,swerve_right,1.0,1.4644501209259033,254
change_to_right,True,True,False,True,True,False,True,True,True,change_to_left,1.0,1.345472812652588,255
change_to_right,True,True,False,True,True,False,True,True,True,change_to_right,1.0,1.273392915725708,255
change_to_right,True,True,False,True,True,False,True,True,True,cruise,1.0,1.328629493713379,255
change_to_right,True,True,False,True,True,False,True,True,True,keep,1.0,1.2849047183990479,255
change_to_right,True,True,False,True,True,False,True,True,True,swerve_left,1.0,1.3220925331115723,255
change_to_right,True,True,False,True,True,False,True,True,True,swerve_right,1.0,1.2921061515808105,255
change_to_left,True,True,False,True,True,True,False,True,True,change_to_left,1.0,1.452030897140503,256
change_to_left,True,True,False,True,True,True,False,True,True,change_to_right,1.0,1.4506902694702148,256
change_to_left,True,True,False,True,True,True,False,True,True,cruise,1.0,1.420454502105713,256
change_to_left,True,True,False,True,True,True,False,True,True,keep,1.0,1.4453682899475098,256
change_to_left,True,True,False,True,True,True,False,True,True,swerve_left,1.0,1.4046800136566162,256
change_to_left,True,True,False,True,True,True,False,True,True,swerve_right,1.0,1.4498958587646484,256
cruise,True,True,False,True,True,True,False,True,True,change_to_left,1.0,1.4453809261322021,257
cruise,True,True,False,True,True,True,False,True,True,change_to_right,1.0,1.4431836605072021,257
cruise,True,True,False,True,True,True,False,True,True,cruise,1.0,1.4007749557495117,257
cruise,True,True,False,True,True,True,False,True,True,keep,1.0,1.4508144855499268,257
cruise,True,True,False,True,True,True,False,True,True,swerve_left,1.0,1.3917624950408936,257
cruise,True,True,False,True,True,True,False,True,True,swerve_right,1.0,1.4577393531799316,257
change_to_right,True,True,False,True,True,True,False,True,True,change_to_left,1.0,1.442167043685913,258
change_to_right,True,True,False,True,True,True,False,True,True,change_to_right,1.0,1.438553810119629,258
change_to_right,True,True,False,True,True,True,False,True,True,cruise,1.0,1.4049980640411377,258
change_to_right,True,True,False,True,True,True,False,True,True,keep,1.0,1.4667785167694092,258
change_to_right,True,True,False,True,True,True,False,True,True,swerve_left,1.0,1.4141900539398193,258
change_to_right,True,True,False,True,True,True,False,True,True,swerve_right,1.0,1.4572081565856934,258
cruise,True,True,False,True,True,True,True,True,True,change_to_left,1.0,1.4603853225708008,259
cruise,True,True,False,True,True,True,True,True,True,change_to_right,1.0,1.4759411811828613,259
cruise,True,True,False,True,True,True,True,True,True,cruise,1.0,1.4362716674804688,259
cruise,True,True,False,True,True,True,True,True,True,keep,1.0,1.4730651378631592,259
cruise,True,True,False,True,True,True,True,True,True,swerve_left,1.0,1.4388554096221924,259
cruise,True,True,False,True,True,True,True,True,True,swerve_right,1.0,1.487339973449707,259
change_to_right,True,True,False,True,True,True,True,True,True,change_to_left,1.0,1.4359617233276367,260
change_to_right,True,True,False,True,True,True,True,True,True,change_to_right,1.0,1.4360888004302979,260
change_to_right,True,True,False,True,True,True,True,True,True,cruise,1.0,1.4180777072906494,260
change_to_right,True,True,False,True,True,True,True,True,True,keep,1.0,1.42734956741333,260
change_to_right,True,True,False,True,True,True,True,True,True,swerve_left,1.0,1.4197463989257812,260
change_to_right,True,True,False,True,True,True,True,True,True,swerve_right,1.0,1.4227359294891357,260
change_to_left,True,True,True,False,False,False,False,True,True,change_to_left,1.0,1.4687490463256836,261
change_to_left,True,True,True,False,False,False,False,True,True,change_to_right,1.0,1.4476194381713867,261
change_to_left,True,True,True,False,False,False,False,True,True,cruise,1.0,1.447082757949829,261
change_to_left,True,True,True,False,False,False,False,True,True,keep,1.0,1.452287197113037,261
change_to_left,True,True,True,False,False,False,False,True,True,swerve_left,1.0,1.419609785079956,261
change_to_left,True,True,True,False,False,False,False,True,True,swerve_right,1.0,1.4819366931915283,261
change_to_right,True,True,True,False,False,False,False,True,True,change_to_left,1.0,1.4613392353057861,262
change_to_right,True,True,True,False,False,False,False,True,True,change_to_right,1.0,1.440932273864746,262
change_to_right,True,True,True,False,False,False,False,True,True,cruise,1.0,1.4380662441253662,262
change_to_right,True,True,True,False,False,False,False,True,True,keep,1.0,1.4687831401824951,262
change_to_right,True,True,True,False,False,False,False,True,True,swerve_left,1.0,1.4208285808563232,262
change_to_right,True,True,True,False,False,False,False,True,True,swerve_right,1.0,1.467912197113037,262
change_to_left,True,True,True,False,False,False,True,True,True,change_to_left,1.0,1.4572172164916992,263
change_to_left,True,True,True,False,False,False,True,True,True,change_to_right,1.0,1.4556872844696045,263
change_to_left,True,True,True,False,False,False,True,True,True,cruise,1.0,1.4296882152557373,263
change_to_left,True,True,True,False,False,False,True,True,True,keep,1.0,1.4401741027832031,263
change_to_left,True,True,True,False,False,False,True,True,True,swerve_left,1.0,1.4443554878234863,263
change_to_left,True,True,True,False,False,False,True,True,True,swerve_right,1.0,1.4599223136901855,263
change_to_right,True,True,True,False,False,False,True,True,True,change_to_left,1.0,1.4672365188598633,264
change_to_right,True,True,True,False,False,False,True,True,True,change_to_right,1.0,1.444896936416626,264
change_to_right,True,True,True,False,False,False,True,True,True,cruise,1.0,1.4422776699066162,264
change_to_right,True,True,True,False,False,False,True,True,True,keep,1.0,1.4647331237792969,264
change_to_right,True,True,True,False,False,False,True,True,True,swerve_left,1.0,1.4238128662109375,264
change_to_right,True,True,True,False,False,False,True,True,True,swerve_right,1.0,1.4787282943725586,264
change_to_left,True,True,True,False,False,True,False,True,True,change_to_left,1.0,1.4566216468811035,265
change_to_left,True,True,True,False,False,True,False,True,True,change_to_right,1.0,1.5065205097198486,265
change_to_left,True,True,True,False,False,True,False,True,True,cruise,1.0,1.4138154983520508,265
change_to_left,True,True,True,False,False,True,False,True,True,keep,1.0,1.4509127140045166,265
change_to_left,True,True,True,False,False,True,False,True,True,swerve_left,1.0,1.4337973594665527,265
change_to_left,True,True,True,False,False,True,False,True,True,swerve_right,1.0,1.4505460262298584,265
change_to_right,True,True,True,False,False,True,False,True,True,change_to_left,1.0,1.4801435470581055,266
change_to_right,True,True,True,False,False,True,False,True,True,change_to_right,1.0,1.4567406177520752,266
change_to_right,True,True,True,False,False,True,False,True,True,cruise,1.0,1.4325628280639648,266
change_to_right,True,True,True,False,False,True,False,True,True,keep,1.0,1.4803192615509033,266
change_to_right,True,True,True,False,False,True,False,True,True,swerve_left,1.0,1.417654037475586,266
change_to_right,True,True,True,False,False,True,False,True,True,swerve_right,1.0,1.4599592685699463,266
change_to_left,True,True,True,False,False,True,True,True,True,change_to_left,1.0,1.4752047061920166,267
change_to_left,True,True,True,False,False,True,True,True,True,change_to_right,1.0,1.445192575454712,267
change_to_left,True,True,True,False,False,True,True,True,True,cruise,1.0,1.4151060581207275,267
change_to_left,True,True,True,False,False,True,True,True,True,keep,1.0,1.4600834846496582,267
change_to_left,True,True,True,False,False,True,True,True,True,swerve_left,1.0,1.4120752811431885,267
change_to_left,True,True,True,False,False,True,True,True,True,swerve_right,1.0,1.4669365882873535,267
change_to_right,True,True,True,False,False,True,True,True,True,change_to_left,1.0,1.4875202178955078,268
change_to_right,True,True,True,False,False,True,True,True,True,change_to_right,1.0,1.445802927017212,268
change_to_right,True,True,True,False,False,True,True,True,True,cruise,1.0,1.4326715469360352,268
change_to_right,True,True,True,False,False,True,True,True,True,keep,1.0,1.4492530822753906,268
change_to_right,True,True,True,False,False,True,True,True,True,swerve_left,1.0,1.4217772483825684,268
change_to_right,True,True,True,False,False,True,True,True,True,swerve_right,1.0,1.452547311782837,268
change_to_left,True,True,True,False,True,False,False,True,True,change_to_left,1.0,1.3549153804779053,269
change_to_left,True,True,True,False,True,False,False,True,True,change_to_right,1.0,1.3621344566345215,269
change_to_left,True,True,True,False,True,False,False,True,True,cruise,1.0,1.3861868381500244,269
change_to_left,True,True,True,False,True,False,False,True,True,keep,1.0,1.332350492477417,269
change_to_left,True,True,True,False,True,False,False,True,True,swerve_left,1.0,1.3751986026763916,269
change_to_left,True,True,True,False,True,False,False,True,True,swerve_right,1.0,1.3158555030822754,269
change_to_right,True,True,True,False,True,False,False,True,True,change_to_left,1.0,1.3649442195892334,270
change_to_right,True,True,True,False,True,False,False,True,True,change_to_right,1.0,1.3344500064849854,270
change_to_right,True,True,True,False,True,False,False,True,True,cruise,1.0,1.3638231754302979,270
change_to_right,True,True,True,False,True,False,False,True,True,keep,1.0,1.3398921489715576,270
change_to_right,True,True,True,False,True,False,False,True,True,swerve_left,1.0,1.366417407989502,270
change_to_right,True,True,True,False,True,False,False,True,True,swerve_right,1.0,1.3188557624816895,270
change_to_left,True,True,True,False,True,False,True,True,True,change_to_left,1.0,1.7396695613861084,271
change_to_left,True,True,True,False,True,False,True,True,True,change_to_right,1.0,1.8059265613555908,271
change_to_left,True,True,True,False,True,False,True,True,True,cruise,1.0,1.7830784320831299,271
change_to_left,True,True,True,False,True,False,True,True,True,keep,1.0,1.7772834300994873,271
change_to_left,True,True,True,False,True,False,True,True,True,swerve_left,1.0,1.7591676712036133,271
change_to_left,True,True,True,False,True,False,True,True,True,swerve_right,1.0,1.785029649734497,271
change_to_right,True,True,True,False,True,False,True,True,True,change_to_left,1.0,1.7483234405517578,272
change_to_right,True,True,True,False,True,False,True,True,True,change_to_right,1.0,1.7339582443237305,272
change_to_right,True,True,True,False,True,False,True,True,True,cruise,1.0,1.7562146186828613,272
change_to_right,True,True,True,False,True,False,True,True,True,keep,1.0,1.7594983577728271,272
change_to_right,True,True,True,False,True,False,True,True,True,swerve_left,1.0,1.7845542430877686,272
change_to_right,True,True,True,False,True,False,True,True,True,swerve_right,1.0,1.7632741928100586,272
change_to_left,True,True,True,False,True,True,False,True,True,change_to_left,1.0,1.4218783378601074,273
change_to_left,True,True,True,False,True,True,False,True,True,change_to_right,1.0,1.4476399421691895,273
change_to_left,True,True,True,False,True,True,False,True,True,cruise,1.0,1.4132061004638672,273
change_to_left,True,True,True,False,True,True,False,True,True,keep,1.0,1.4749116897583008,273
change_to_left,True,True,True,False,True,True,False,True,True,swerve_left,1.0,1.4004299640655518,273
change_to_left,True,True,True,False,True,True,False,True,True,swerve_right,1.0,1.4499077796936035,273
change_to_right,True,True,True,False,True,True,False,True,True,change_to_left,1.0,1.3578920364379883,274
change_to_right,True,True,True,False,True,True,False,True,True,change_to_right,1.0,1.2991435527801514,274
change_to_right,True,True,True,False,True,True,False,True,True,cruise,1.0,1.3389489650726318,274
change_to_right,True,True,True,False,True,True,False,True,True,keep,1.0,1.2720661163330078,274
change_to_right,True,True,True,False,True,True,False,True,True,swerve_left,1.0,1.320619821548462,274
change_to_right,True,True,True,False,True,True,False,True,True,swerve_right,1.0,1.2916157245635986,274
change_to_left,True,True,True,False,True,True,True,True,True,change_to_left,1.0,1.4780447483062744,275
change_to_left,True,True,True,False,True,True,True,True,True,change_to_right,1.0,1.5032374858856201,275
change_to_left,True,True,True,False,True,True,True,True,True,cruise,1.0,1.4657628536224365,275
change_to_left,True,True,True,False,True,True,True,True,True,keep,1.0,1.4762539863586426,275
change_to_left,True,True,True,False,True,True,True,True,True,swerve_left,1.0,1.496697187423706,275
change_to_left,True,True,True,False,True,True,True,True,True,swerve_right,1.0,1.4634642601013184,275
change_to_right,True,True,True,False,True,True,True,True,True,change_to_left,1.0,1.490837574005127,276
change_to_right,True,True,True,False,True,True,True,True,True,change_to_right,1.0,1.4631907939910889,276
change_to_right,True,True,True,False,True,True,True,True,True,cruise,1.0,1.4433386325836182,276
change_to_right,True,True,True,False,True,True,True,True,True,keep,1.0,1.5037872791290283,276
change_to_right,True,True,True,False,True,True,True,True,True,swerve_left,1.0,1.4898357391357422,276
change_to_right,True,True,True,False,True,True,True,True,True,swerve_right,1.0,1.4438061714172363,276
change_to_left,True,True,True,True,False,False,False,True,True,change_to_left,1.0,1.4299070835113525,277
change_to_left,True,True,True,True,False,False,False,True,True,change_to_right,1.0,1.4316060543060303,277
change_to_left,True,True,True,True,False,False,False,True,True,cruise,1.0,1.4174995422363281,277
change_to_left,True,True,True,True,False,False,False,True,True,keep,1.0,1.4515817165374756,277
change_to_left,True,True,True,True,False,False,False,True,True,swerve_left,1.0,1.399519681930542,277
change_to_left,True,True,True,True,False,False,False,True,True,swerve_right,1.0,1.435652732849121,277
change_to_right,True,True,True,True,False,False,False,True,True,change_to_left,1.0,1.4903981685638428,278
change_to_right,True,True,True,True,False,False,False,True,True,change_to_right,1.0,1.4635958671569824,278
change_to_right,True,True,True,True,False,False,False,True,True,cruise,1.0,1.4007935523986816,278
change_to_right,True,True,True,True,False,False,False,True,True,keep,1.0,1.465458869934082,278
change_to_right,True,True,True,True,False,False,False,True,True,swerve_left,1.0,1.4044787883758545,278
change_to_right,True,True,True,True,False,False,False,True,True,swerve_right,1.0,1.441688060760498,278
change_to_right,True,True,True,True,False,False,True,True,True,change_to_left,1.0,1.459829330444336,279
change_to_right,True,True,True,True,False,False,True,True,True,change_to_right,1.0,1.4431700706481934,279
change_to_right,True,True,True,True,False,False,True,True,True,cruise,1.0,1.4065299034118652,279
change_to_right,True,True,True,True,False,False,True,True,True,keep,1.0,1.45674467086792,279
change_to_right,True,True,True,True,False,False,True,True,True,swerve_left,1.0,1.421077013015747,279
change_to_right,True,True,True,True,False,False,True,True,True,swerve_right,1.0,1.4524874687194824,279
change_to_left,True,True,True,True,False,True,False,True,True,change_to_left,1.0,1.4399056434631348,280
change_to_left,True,True,True,True,False,True,False,True,True,change_to_right,1.0,1.456127643585205,280
change_to_left,True,True,True,True,False,True,False,True,True,cruise,1.0,1.4072794914245605,280
change_to_left,True,True,True,True,False,True,False,True,True,keep,1.0,1.4688079357147217,280
change_to_left,True,True,True,True,False,True,False,True,True,swerve_left,1.0,1.419111728668213,280
change_to_left,True,True,True,True,False,True,False,True,True,swerve_right,1.0,1.459606409072876,280
change_to_right,True,True,True,True,False,True,False,True,True,change_to_left,1.0,1.450179100036621,281
change_to_right,True,True,True,True,False,True,False,True,True,change_to_right,1.0,1.4525201320648193,281
change_to_right,True,True,True,True,False,True,False,True,True,cruise,1.0,1.399817705154419,281
change_to_right,True,True,True,True,False,True,False,True,True,keep,1.0,1.4946606159210205,281
change_to_right,True,True,True,True,False,True,False,True,True,swerve_left,1.0,1.4385530948638916,281
change_to_right,True,True,True,True,False,True,False,True,True,swerve_right,1.0,1.4712178707122803,281
change_to_right,True,True,True,True,False,True,True,True,True,change_to_left,1.0,1.4693357944488525,282
change_to_right,True,True,True,True,False,True,True,True,True,change_to_right,1.0,1.4603054523468018,282
change_to_right,True,True,True,True,False,True,True,True,True,cruise,1.0,1.410569190979004,282
change_to_right,True,True,True,True,False,True,True,True,True,keep,1.0,1.4740707874298096,282
change_to_right,True,True,True,True,False,True,True,True,True,swerve_left,1.0,1.425915002822876,282
change_to_right,True,True,True,True,False,True,True,True,True,swerve_right,1.0,1.4707391262054443,282
change_to_left,True,True,True,True,True,False,False,True,True,change_to_left,1.0,1.4707305431365967,283
change_to_left,True,True,True,True,True,False,False,True,True,change_to_right,1.0,1.4394466876983643,283
change_to_left,True,True,True,True,True,False,False,True,True,cruise,1.0,1.4267065525054932,283
change_to_left,True,True,True,True,True,False,False,True,True,keep,1.0,1.477799892425537,283
change_to_left,True,True,True,True,True,False,False,True,True,swerve_left,1.0,1.4201791286468506,283
change_to_left,True,True,True,True,True,False,False,True,True,swerve_right,1.0,1.4500539302825928,283
change_to_right,True,True,True,True,True,False,False,True,True,change_to_left,1.0,1.3457026481628418,284
change_to_right,True,True,True,True,True,False,False,True,True,change_to_right,1.0,1.3002514839172363,284
change_to_right,True,True,True,True,True,False,False,True,True,cruise,1.0,1.35526442527771,284
change_to_right,True,True,True,True,True,False,False,True,True,keep,1.0,1.3028972148895264,284
change_to_right,True,True,True,True,True,False,False,True,True,swerve_left,1.0,1.3579535484313965,284
change_to_right,True,True,True,True,True,False,False,True,True,swerve_right,1.0,1.2950148582458496,284
change_to_right,True,True,True,True,True,False,True,True,True,change_to_left,1.0,1.477597951889038,285
change_to_right,True,True,True,True,True,False,True,True,True,change_to_right,1.0,1.4618022441864014,285
change_to_right,True,True,True,True,True,False,True,True,True,cruise,1.0,1.408085823059082,285
change_to_right,True,True,True,True,True,False,True,True,True,keep,1.0,1.4693100452423096,285
change_to_right,True,True,True,True,True,False,True,True,True,swerve_left,1.0,1.4212968349456787,285
change_to_right,True,True,True,True,True,False,True,True,True,swerve_right,1.0,1.4685125350952148,285
change_to_left,True,True,True,True,True,True,False,True,True,change_to_left,1.0,1.4760510921478271,286
change_to_left,True,True,True,True,True,True,False,True,True,change_to_right,1.0,1.4644908905029297,286
change_to_left,True,True,True,True,True,True,False,True,True,cruise,1.0,1.4449055194854736,286
change_to_left,True,True,True,True,True,True,False,True,True,keep,1.0,1.4776511192321777,286
change_to_left,True,True,True,True,True,True,False,True,True,swerve_left,1.0,1.4940485954284668,286
change_to_left,True,True,True,True,True,True,False,True,True,swerve_right,1.0,1.4665043354034424,286
change_to_right,True,True,True,True,True,True,False,True,True,change_to_left,1.0,1.3471293449401855,287
change_to_right,True,True,True,True,True,True,False,True,True,change_to_right,1.0,1.2816059589385986,287
change_to_right,True,True,True,True,True,True,False,True,True,cruise,1.0,1.2992324829101562,287
change_to_right,True,True,True,True,True,True,False,True,True,keep,1.0,1.2855663299560547,287
change_to_right,True,True,True,True,True,True,False,True,True,swerve_left,1.0,1.2907721996307373,287
change_to_right,True,True,True,True,True,True,False,True,True,swerve_right,1.0,1.329848289489746,287
change_to_right,True,True,True,True,True,True,True,True,True,change_to_left,1.0,1.4633584022521973,288
change_to_right,True,True,True,True,True,True,True,True,True,change_to_right,1.0,1.438500165939331,288
change_to_right,True,True,True,True,True,True,True,True,True,cruise,1.0,1.4361989498138428,288
change_to_right,True,True,True,True,True,True,True,True,True,keep,1.0,1.4402039051055908,288
change_to_right,True,True,True,True,True,True,True,True,True,swerve_left,1.0,1.4224519729614258,288
change_to_right,True,True,True,True,True,True,True,True,True,swerve_right,1.0,1.45900297164917,288
keep,False,False,False,False,False,False,False,False,True,change_to_left,1.0,1.4575536251068115,289
keep,False,False,False,False,False,False,False,False,True,change_to_right,1.0,1.4231395721435547,289
keep,False,False,False,False,False,False,False,False,True,cruise,1.0,1.3970603942871094,289
keep,False,False,False,False,False,False,False,False,True,keep,1.0,1.4327170848846436,289
keep,False,False,False,False,False,False,False,False,True,swerve_left,1.0,1.412982702255249,289
keep,False,False,False,False,False,False,False,False,True,swerve_right,1.0,1.4296002388000488,289
keep,False,False,False,False,False,False,True,False,True,change_to_left,1.0,1.442755937576294,290
keep,False,False,False,False,False,False,True,False,True,change_to_right,1.0,1.4557437896728516,290
keep,False,False,False,False,False,False,True,False,True,cruise,1.0,1.399467945098877,290
keep,False,False,False,False,False,False,True,False,True,keep,1.0,1.4366590976715088,290
keep,False,False,False,False,False,False,True,False,True,swerve_left,1.0,1.4078731536865234,290
keep,False,False,False,False,False,False,True,False,True,swerve_right,1.0,1.4607384204864502,290
keep,False,False,False,False,False,True,False,False,True,change_to_left,1.0,1.475538969039917,291
keep,False,False,False,False,False,True,False,False,True,change_to_right,1.0,1.4541616439819336,291
keep,False,False,False,False,False,True,False,False,True,cruise,1.0,1.4403538703918457,291
keep,False,False,False,False,False,True,False,False,True,keep,1.0,1.476632833480835,291
keep,False,False,False,False,False,True,False,False,True,swerve_left,1.0,1.424330234527588,291
keep,False,False,False,False,False,True,False,False,True,swerve_right,1.0,1.4720757007598877,291
keep,False,False,False,False,False,True,True,False,True,change_to_left,1.0,1.4875288009643555,292
keep,False,False,False,False,False,True,True,False,True,change_to_right,1.0,1.4724438190460205,292
keep,False,False,False,False,False,True,True,False,True,cruise,1.0,1.4310729503631592,292
keep,False,False,False,False,False,True,True,False,True,keep,1.0,1.4900383949279785,292
keep,False,False,False,False,False,True,True,False,True,swerve_left,1.0,1.4742748737335205,292
keep,False,False,False,False,False,True,True,False,True,swerve_right,1.0,1.4486348628997803,292
keep,False,False,False,False,True,False,False,False,True,change_to_left,1.0,1.4673304557800293,293
keep,False,False,False,False,True,False,False,False,True,change_to_right,1.0,1.4480540752410889,293
keep,False,False,False,False,True,False,False,False,True,cruise,1.0,1.413527250289917,293
keep,False,False,False,False,True,False,False,False,True,keep,1.0,1.4700572490692139,293
keep,False,False,False,False,True,False,False,False,True,swerve_left,1.0,1.4403457641601562,293
keep,False,False,False,False,True,False,False,False,True,swerve_right,1.0,1.4623148441314697,293
keep,False,False,False,False,True,False,True,False,True,change_to_left,1.0,1.442610263824463,294
keep,False,False,False,False,True,False,True,False,True,change_to_right,1.0,1.4588265419006348,294
keep,False,False,False,False,True,False,True,False,True,cruise,1.0,1.4221992492675781,294
keep,False,False,False,False,True,False,True,False,True,keep,1.0,1.4272315502166748,294
keep,False,False,False,False,True,False,True,False,True,swerve_left,1.0,1.403242826461792,294
keep,False,False,False,False,True,False,True,False,True,swerve_right,1.0,1.4323127269744873,294
keep,False,False,False,False,True,True,False,False,True,change_to_left,1.0,1.4777605533599854,295
keep,False,False,False,False,True,True,False,False,True,change_to_right,1.0,1.450437068939209,295
keep,False,False,False,False,True,True,False,False,True,cruise,1.0,1.4291088581085205,295
keep,False,False,False,False,True,True,False,False,True,keep,1.0,1.4648830890655518,295
keep,False,False,False,False,True,True,False,False,True,swerve_left,1.0,1.4253454208374023,295
keep,False,False,False,False,True,True,False,False,True,swerve_right,1.0,1.476299524307251,295
keep,False,False,False,False,True,True,True,False,True,change_to_left,1.0,1.4582462310791016,296
keep,False,False,False,False,True,True,True,False,True,change_to_right,1.0,1.465277910232544,296
keep,False,False,False,False,True,True,True,False,True,cruise,1.0,1.4296395778656006,296
keep,False,False,False,False,True,True,True,False,True,keep,1.0,1.471853256225586,296
keep,False,False,False,False,True,True,True,False,True,swerve_left,1.0,1.4105403423309326,296
keep,False,False,False,False,True,True,True,False,True,swerve_right,1.0,1.4661657810211182,296
cruise,False,False,False,True,False,False,False,False,True,change_to_left,1.0,1.4690990447998047,297
cruise,False,False,False,True,False,False,False,False,True,change_to_right,1.0,1.4519684314727783,297
cruise,False,False,False,True,False,False,False,False,True,cruise,1.0,1.434497594833374,297
cruise,False,False,False,True,False,False,False,False,True,keep,1.0,1.4660470485687256,297
cruise,False,False,False,True,False,False,False,False,True,swerve_left,1.0,1.447585105895996,297
cruise,False,False,False,True,False,False,False,False,True,swerve_right,1.0,1.4539766311645508,297
keep,False,False,False,True,False,False,False,False,True,change_to_left,1.0,1.4476332664489746,298
keep,False,False,False,True,False,False,False,False,True,change_to_right,1.0,1.4187774658203125,298
keep,False,False,False,True,False,False,False,False,True,cruise,1.0,1.4211208820343018,298
keep,False,False,False,True,False,False,False,False,True,keep,1.0,1.4459168910980225,298
keep,False,False,False,True,False,False,False,False,True,swerve_left,1.0,1.3997364044189453,298
keep,False,False,False,True,False,False,False,False,True,swerve_right,1.0,1.4517955780029297,298
cruise,False,False,False,True,False,False,True,False,True,change_to_left,1.0,1.445051670074463,299
cruise,False,False,False,True,False,False,True,False,True,change_to_right,1.0,1.4647548198699951,299
cruise,False,False,False,True,False,False,True,False,True,cruise,1.0,1.421631097793579,299
cruise,False,False,False,True,False,False,True,False,True,keep,1.0,1.452484369277954,299
cruise,False,False,False,True,False,False,True,False,True,swerve_left,1.0,1.417038917541504,299
cruise,False,False,False,True,False,False,True,False,True,swerve_right,1.0,1.4615623950958252,299
keep,False,False,False,True,False,False,True,False,True,change_to_left,1.0,1.4397709369659424,300
keep,False,False,False,True,False,False,True,False,True,change_to_right,1.0,1.462839126586914,300
keep,False,False,False,True,False,False,True,False,True,cruise,1.0,1.3921170234680176,300
keep,False,False,False,True,False,False,True,False,True,keep,1.0,1.4539356231689453,300
keep,False,False,False,True,False,False,True,False,True,swerve_left,1.0,1.403017520904541,300
keep,False,False,False,True,False,False,True,False,True,swerve_right,1.0,1.4506735801696777,300
cruise,False,False,False,True,False,True,False,False,True,change_to_left,1.0,1.4564778804779053,301
cruise,False,False,False,True,False,True,False,False,True,change_to_right,1.0,1.4246790409088135,301
cruise,False,False,False,True,False,True,False,False,True,cruise,1.0,1.401519775390625,301
cruise,False,False,False,True,False,True,False,False,True,keep,1.0,1.4514553546905518,301
cruise,False,False,False,True,False,True,False,False,True,swerve_left,1.0,1.434490442276001,301
cruise,False,False,False,True,False,True,False,False,True,swerve_right,1.0,1.5015473365783691,301
keep,False,False,False,True,False,True,False,False,True,change_to_left,1.0,1.4239482879638672,302
keep,False,False,False,True,False,True,False,False,True,change_to_right,1.0,1.4388585090637207,302
keep,False,False,False,True,False,True,False,False,True,cruise,1.0,1.389070987701416,302
keep,False,False,False,True,False,True,False,False,True,keep,1.0,1.4521679878234863,302
keep,False,False,False,True,False,True,False,False,True,swerve_left,1.0,1.3889939785003662,302
keep,False,False,False,True,False,True,False,False,True,swerve_right,1.0,1.4388055801391602,302
cruise,False,False,False,True,False,True,True,False,True,change_to_left,1.0,1.4571471214294434,303
cruise,False,False,False,True,False,True,True,False,True,change_to_right,1.0,1.440439224243164,303
cruise,False,False,False,True,False,True,True,False,True,cruise,1.0,1.4286799430847168,303
cruise,False,False,False,True,False,True,True,False,True,keep,1.0,1.4765551090240479,303
cruise,False,False,False,True,False,True,True,False,True,swerve_left,1.0,1.4153215885162354,303
cruise,False,False,False,True,False,True,True,False,True,swerve_right,1.0,1.4604206085205078,303
keep,False,False,False,True,False,True,True,False,True,change_to_left,1.0,1.4564414024353027,304
keep,False,False,False,True,False,True,True,False,True,change_to_right,1.0,1.4460623264312744,304
keep,False,False,False,True,False,True,True,False,True,cruise,1.0,1.4219226837158203,304
keep,False,False,False,True,False,True,True,False,True,keep,1.0,1.4560811519622803,304
keep,False,False,False,True,False,True,True,False,True,swerve_left,1.0,1.4387028217315674,304
keep,False,False,False,True,False,True,True,False,True,swerve_right,1.0,1.4543862342834473,304
cruise,False,False,False,True,True,False,False,False,True,change_to_left,1.0,1.4732279777526855,305
cruise,False,False,False,True,True,False,False,False,True,change_to_right,1.0,1.4679319858551025,305
cruise,False,False,False,True,True,False,False,False,True,cruise,1.0,1.4222238063812256,305
cruise,False,False,False,True,True,False,False,False,True,keep,1.0,1.4757156372070312,305
cruise,False,False,False,True,True,False,False,False,True,swerve_left,1.0,1.4313035011291504,305
cruise,False,False,False,True,True,False,False,False,True,swerve_right,1.0,1.4759325981140137,305
keep,False,False,False,True,True,False,False,False,True,change_to_left,1.0,1.449580430984497,306
keep,False,False,False,True,True,False,False,False,True,change_to_right,1.0,1.4476590156555176,306
keep,False,False,False,True,True,False,False,False,True,cruise,1.0,1.4026336669921875,306
keep,False,False,False,True,True,False,False,False,True,keep,1.0,1.4656167030334473,306
keep,False,False,False,True,True,False,False,False,True,swerve_left,1.0,1.4444162845611572,306
keep,False,False,False,True,True,False,False,False,True,swerve_right,1.0,1.4418659210205078,306
cruise,False,False,False,True,True,False,True,False,True,change_to_left,1.0,1.36844801902771,307
cruise,False,False,False,True,True,False,True,False,True,change_to_right,1.0,1.2924118041992188,307
cruise,False,False,False,True,True,False,True,False,True,cruise,1.0,1.3273825645446777,307
cruise,False,False,False,True,True,False,True,False,True,keep,1.0,1.282001256942749,307
cruise,False,False,False,True,True,False,True,False,True,swerve_left,1.0,1.317610740661621,307
cruise,False,False,False,True,True,False,True,False,True,swerve_right,1.0,1.3002073764801025,307
keep,False,False,False,True,True,False,True,False,True,change_to_left,1.0,1.467806339263916,308
keep,False,False,False,True,True,False,True,False,True,change_to_right,1.0,1.4529764652252197,308
keep,False,False,False,True,True,False,True,False,True,cruise,1.0,1.4311773777008057,308
keep,False,False,False,True,True,False,True,False,True,keep,1.0,1.4724948406219482,308
keep,False,False,False,True,True,False,True,False,True,swerve_left,1.0,1.4311954975128174,308
keep,False,False,False,True,True,False,True,False,True,swerve_right,1.0,1.4582483768463135,308
cruise,False,False,False,True,True,True,False,False,True,change_to_left,1.0,1.4872353076934814,309
cruise,False,False,False,True,True,True,False,False,True,change_to_right,1.0,1.461324691772461,309
cruise,False,False,False,True,True,True,False,False,True,cruise,1.0,1.4076154232025146,309
cruise,False,False,False,True,True,True,False,False,True,keep,1.0,1.4634110927581787,309
cruise,False,False,False,True,True,True,False,False,True,swerve_left,1.0,1.4093098640441895,309
cruise,False,False,False,True,True,True,False,False,True,swerve_right,1.0,1.4652769565582275,309
keep,False,False,False,True,True,True,False,False,True,change_to_left,1.0,1.480963945388794,310
keep,False,False,False,True,True,True,False,False,True,change_to_right,1.0,1.4362590312957764,310
keep,False,False,False,True,True,True,False,False,True,cruise,1.0,1.430328369140625,310
keep,False,False,False,True,True,True,False,False,True,keep,1.0,1.4550762176513672,310
keep,False,False,False,True,True,True,False,False,True,swerve_left,1.0,1.407104253768921,310
keep,False,False,False,True,True,True,False,False,True,swerve_right,1.0,1.4513890743255615,310
cruise,False,False,False,True,True,True,True,False,True,change_to_left,1.0,1.4517252445220947,311
cruise,False,False,False,True,True,True,True,False,True,change_to_right,1.0,1.4109675884246826,311
cruise,False,False,False,True,True,True,True,False,True,cruise,1.0,1.394697666168213,311
cruise,False,False,False,True,True,True,True,False,True,keep,1.0,1.4228603839874268,311
cruise,False,False,False,True,True,True,True,False,True,swerve_left,1.0,1.3979213237762451,311
cruise,False,False,False,True,True,True,True,False,True,swerve_right,1.0,1.45621657371521,311
keep,False,False,False,True,True,True,True,False,True,change_to_left,1.0,1.4435749053955078,312
keep,False,False,False,True,True,True,True,False,True,change_to_right,1.0,1.4690124988555908,312
keep,False,False,False,True,True,True,True,False,True,cruise,1.0,1.4171719551086426,312
keep,False,False,False,True,True,True,True,False,True,keep,1.0,1.4299206733703613,312
keep,False,False,False,True,True,True,True,False,True,swerve_left,1.0,1.377354383468628,312
keep,False,False,False,True,True,True,True,False,True,swerve_right,1.0,1.460648536682129,312
keep,False,False,True,False,False,False,False,False,True,change_to_left,1.0,1.4562208652496338,313
keep,False,False,True,False,False,False,False,False,True,change_to_right,1.0,1.443220615386963,313
keep,False,False,True,False,False,False,False,False,True,cruise,1.0,1.4186067581176758,313
keep,False,False,True,False,False,False,False,False,True,keep,1.0,1.4642739295959473,313
keep,False,False,True,False,False,False,False,False,True,swerve_left,1.0,1.4308655261993408,313
keep,False,False,True,False,False,False,False,False,True,swerve_right,1.0,1.476468563079834,313
keep,False,False,True,False,False,False,True,False,True,change_to_left,1.0,1.4639348983764648,314
keep,False,False,True,False,False,False,True,False,True,change_to_right,1.0,1.4576456546783447,314
keep,False,False,True,False,False,False,True,False,True,cruise,1.0,1.5095140933990479,314
keep,False,False,True,False,False,False,True,False,True,keep,1.0,1.7508888244628906,314
keep,False,False,True,False,False,False,True,False,True,swerve_left,1.0,1.6360657215118408,314
keep,False,False,True,False,False,False,True,False,True,swerve_right,1.0,1.5105071067810059,314
keep,False,False,True,False,False,True,False,False,True,change_to_left,1.0,1.5008292198181152,315
keep,False,False,True,False,False,True,False,False,True,change_to_right,1.0,1.5049505233764648,315
keep,False,False,True,False,False,True,False,False,True,cruise,1.0,1.445650339126587,315
keep,False,False,True,False,False,True,False,False,True,keep,1.0,1.484302282333374,315
keep,False,False,True,False,False,True,False,False,True,swerve_left,1.0,1.5061964988708496,315
keep,False,False,True,False,False,True,False,False,True,swerve_right,1.0,1.4959580898284912,315
keep,False,False,True,False,False,True,True,False,True,change_to_left,1.0,1.509026050567627,316
keep,False,False,True,False,False,True,True,False,True,change_to_right,1.0,1.4882962703704834,316
keep,False,False,True,False,False,True,True,False,True,cruise,1.0,1.4328033924102783,316
keep,False,False,True,False,False,True,True,False,True,keep,1.0,1.499546766281128,316
keep,False,False,True,False,False,True,True,False,True,swerve_left,1.0,1.4513750076293945,316
keep,False,False,True,False,False,True,True,False,True,swerve_right,1.0,1.4906620979309082,316
keep,False,False,True,False,True,False,False,False,True,change_to_left,1.0,1.4915575981140137,317
keep,False,False,True,False,True,False,False,False,True,change_to_right,1.0,1.4867477416992188,317
keep,False,False,True,False,True,False,False,False,True,cruise,1.0,1.4305419921875,317
keep,False,False,True,False,True,False,False,False,True,keep,1.0,1.4862549304962158,317
keep,False,False,True,False,True,False,False,False,True,swerve_left,1.0,1.4479007720947266,317
keep,False,False,True,False,True,False,False,False,True,swerve_right,1.0,1.4915480613708496,317
keep,False,False,True,False,True,False,True,False,True,change_to_left,1.0,1.5091452598571777,318
keep,False,False,True,False,True,False,True,False,True,change_to_right,1.0,1.4902935028076172,318
keep,False,False,True,False,True,False,True,False,True,cruise,1.0,1.484349012374878,318
keep,False,False,True,False,True,False,True,False,True,keep,1.0,1.5031933784484863,318
keep,False,False,True,False,True,False,True,False,True,swerve_left,1.0,1.4526267051696777,318
keep,False,False,True,False,True,False,True,False,True,swerve_right,1.0,1.5244333744049072,318
keep,False,False,True,False,True,True,False,False,True,change_to_left,1.0,1.5910217761993408,319
keep,False,False,True,False,True,True,False,False,True,change_to_right,1.0,1.4949908256530762,319
keep,False,False,True,False,True,True,False,False,True,cruise,1.0,1.4130752086639404,319
keep,False,False,True,False,True,True,False,False,True,keep,1.0,1.486037254333496,319
keep,False,False,True,False,True,True,False,False,True,swerve_left,1.0,1.4391148090362549,319
keep,False,False,True,False,True,True,False,False,True,swerve_right,1.0,1.4726886749267578,319
keep,False,False,True,False,True,True,True,False,True,change_to_left,1.0,1.5266270637512207,320
keep,False,False,True,False,True,True,True,False,True,change_to_right,1.0,1.4935879707336426,320
keep,False,False,True,False,True,True,True,False,True,cruise,1.0,1.4702980518341064,320
keep,False,False,True,False,True,True,True,False,True,keep,1.0,1.5046143531799316,320
keep,False,False,True,False,True,True,True,False,True,swerve_left,1.0,1.4720125198364258,320
keep,False,False,True,False,True,True,True,False,True,swerve_right,1.0,1.5185613632202148,320
cruise,False,False,True,True,False,False,False,False,True,change_to_left,1.0,1.5039565563201904,321
cruise,False,False,True,True,False,False,False,False,True,change_to_right,1.0,1.4949305057525635,321
cruise,False,False,True,True,False,False,False,False,True,cruise,1.0,1.4750585556030273,321
cruise,False,False,True,True,False,False,False,False,True,keep,1.0,1.5158538818359375,321
cruise,False,False,True,True,False,False,False,False,True,swerve_left,1.0,1.5000429153442383,321
cruise,False,False,True,True,False,False,False,False,True,swerve_right,1.0,1.496434211730957,321
keep,False,False,True,True,False,False,False,False,True,change_to_left,1.0,1.5002009868621826,322
keep,False,False,True,True,False,False,False,False,True,change_to_right,1.0,1.4896249771118164,322
keep,False,False,True,True,False,False,False,False,True,cruise,1.0,1.4381418228149414,322
keep,False,False,True,True,False,False,False,False,True,keep,1.0,1.5133278369903564,322
keep,False,False,True,True,False,False,False,False,True,swerve_left,1.0,1.4626493453979492,322
keep,False,False,True,True,False,False,False,False,True,swerve_right,1.0,1.5071275234222412,322
cruise,False,False,True,True,False,False,True,False,True,change_to_left,1.0,1.4728782176971436,323
cruise,False,False,True,True,False,False,True,False,True,change_to_right,1.0,1.4935815334320068,323
cruise,False,False,True,True,False,False,True,False,True,cruise,1.0,1.4308829307556152,323
cruise,False,False,True,True,False,False,True,False,True,keep,1.0,1.4850237369537354,323
cruise,False,False,True,True,False,False,True,False,True,swerve_left,1.0,1.4401288032531738,323
cruise,False,False,True,True,False,False,True,False,True,swerve_right,1.0,1.4821326732635498,323
keep,False,False,True,True,False,False,True,False,True,change_to_left,1.0,1.4924206733703613,324
keep,False,False,True,True,False,False,True,False,True,change_to_right,1.0,1.485114336013794,324
keep,False,False,True,True,False,False,True,False,True,cruise,1.0,1.43654203414917,324
keep,False,False,True,True,False,False,True,False,True,keep,1.0,1.4918711185455322,324
keep,False,False,True,True,False,False,True,False,True,swerve_left,1.0,1.4313702583312988,324
keep,False,False,True,True,False,False,True,False,True,swerve_right,1.0,1.4948105812072754,324
cruise,False,False,True,True,False,True,False,False,True,change_to_left,1.0,1.4860272407531738,325
cruise,False,False,True,True,False,True,False,False,True,change_to_right,1.0,1.4631025791168213,325
cruise,False,False,True,True,False,True,False,False,True,cruise,1.0,1.4350993633270264,325
cruise,False,False,True,True,False,True,False,False,True,keep,1.0,1.4875411987304688,325
cruise,False,False,True,True,False,True,False,False,True,swerve_left,1.0,1.442528247833252,325
cruise,False,False,True,True,False,True,False,False,True,swerve_right,1.0,1.5047798156738281,325
keep,False,False,True,True,False,True,False,False,True,change_to_left,1.0,1.4935574531555176,326
keep,False,False,True,True,False,True,False,False,True,change_to_right,1.0,1.473146677017212,326
keep,False,False,True,True,False,True,False,False,True,cruise,1.0,1.4396941661834717,326
keep,False,False,True,True,False,True,False,False,True,keep,1.0,1.5033526420593262,326
keep,False,False,True,True,False,True,False,False,True,swerve_left,1.0,1.4450273513793945,326
keep,False,False,True,True,False,True,False,False,True,swerve_right,1.0,1.5023105144500732,326
cruise,False,False,True,True,False,True,True,False,True,change_to_left,1.0,1.498070478439331,327
cruise,False,False,True,True,False,True,True,False,True,change_to_right,1.0,1.4924836158752441,327
cruise,False,False,True,True,False,True,True,False,True,cruise,1.0,1.4719836711883545,327
cruise,False,False,True,True,False,True,True,False,True,keep,1.0,1.5068635940551758,327
cruise,False,False,True,True,False,True,True,False,True,swerve_left,1.0,1.4610576629638672,327
cruise,False,False,True,True,False,True,True,False,True,swerve_right,1.0,1.5225903987884521,327
keep,False,False,True,True,False,True,True,False,True,change_to_left,1.0,1.5147838592529297,328
keep,False,False,True,True,False,True,True,False,True,change_to_right,1.0,1.5112135410308838,328
keep,False,False,True,True,False,True,True,False,True,cruise,1.0,1.4610724449157715,328
keep,False,False,True,True,False,True,True,False,True,keep,1.0,1.5278379917144775,328
keep,False,False,True,True,False,True,True,False,True,swerve_left,1.0,1.4552361965179443,328
keep,False,False,True,True,False,True,True,False,True,swerve_right,1.0,1.5085704326629639,328
cruise,False,False,True,True,True,False,False,False,True,change_to_left,1.0,1.4978299140930176,329
cruise,False,False,True,True,True,False,False,False,True,change_to_right,1.0,1.5266649723052979,329
cruise,False,False,True,True,True,False,False,False,True,cruise,1.0,1.4664220809936523,329
cruise,False,False,True,True,True,False,False,False,True,keep,1.0,1.4958128929138184,329
cruise,False,False,True,True,True,False,False,False,True,swerve_left,1.0,1.4745872020721436,329
cruise,False,False,True,True,True,False,False,False,True,swerve_right,1.0,1.5053777694702148,329
keep,False,False,True,True,True,False,False,False,True,change_to_left,1.0,1.5113961696624756,330
keep,False,False,True,True,True,False,False,False,True,change_to_right,1.0,1.4993813037872314,330
keep,False,False,True,True,True,False,False,False,True,cruise,1.0,1.45306396484375,330
keep,False,False,True,True,True,False,False,False,True,keep,1.0,1.5082216262817383,330
keep,False,False,True,True,True,False,False,False,True,swerve_left,1.0,1.4627189636230469,330
keep,False,False,True,True,True,False,False,False,True,swerve_right,1.0,1.496833086013794,330
cruise,False,False,True,True,True,False,True,False,True,change_to_left,1.0,1.5368645191192627,331
cruise,False,False,True,True,True,False,True,False,True,change_to_right,1.0,1.5089261531829834,331
cruise,False,False,True,True,True,False,True,False,True,cruise,1.0,1.4607808589935303,331
cruise,False,False,True,True,True,False,True,False,True,keep,1.0,1.5169956684112549,331
cruise,False,False,True,True,True,False,True,False,True,swerve_left,1.0,1.4581239223480225,331
cruise,False,False,True,True,True,False,True,False,True,swerve_right,1.0,1.5093154907226562,331
keep,False,False,True,True,True,False,True,False,True,change_to_left,1.0,1.4813849925994873,332
keep,False,False,True,True,True,False,True,False,True,change_to_right,1.0,1.4743847846984863,332
keep,False,False,True,True,True,False,True,False,True,cruise,1.0,1.4392173290252686,332
keep,False,False,True,True,True,False,True,False,True,keep,1.0,1.4744582176208496,332
keep,False,False,True,True,True,False,True,False,True,swerve_left,1.0,1.4233357906341553,332
keep,False,False,True,True,True,False,True,False,True,swerve_right,1.0,1.4453349113464355,332
cruise,False,False,True,True,True,True,False,False,True,change_to_left,1.0,1.5056045055389404,333
cruise,False,False,True,True,True,True,False,False,True,change_to_right,1.0,1.4941232204437256,333
cruise,False,False,True,True,True,True,False,False,True,cruise,1.0,1.4461357593536377,333
cruise,False,False,True,True,True,True,False,False,True,keep,1.0,1.464841365814209,333
cruise,False,False,True,True,True,True,False,False,True,swerve_left,1.0,1.4347586631774902,333
cruise,False,False,True,True,True,True,False,False,True,swerve_right,1.0,1.4871971607208252,333
keep,False,False,True,True,True,True,False,False,True,change_to_left,1.0,1.5045466423034668,334
keep,False,False,True,True,True,True,False,False,True,change_to_right,1.0,1.4987213611602783,334
keep,False,False,True,True,True,True,False,False,True,cruise,1.0,1.4533512592315674,334
keep,False,False,True,True,True,True,False,False,True,keep,1.0,1.5057353973388672,334
keep,False,False,True,True,True,True,False,False,True,swerve_left,1.0,1.4597108364105225,334
keep,False,False,True,True,True,True,False,False,True,swerve_right,1.0,1.5149693489074707,334
cruise,False,False,True,True,True,True,True,False,True,change_to_left,1.0,1.501633882522583,335
cruise,False,False,True,True,True,True,True,False,True,change_to_right,1.0,1.4863531589508057,335
cruise,False,False,True,True,True,True,True,False,True,cruise,1.0,1.4636759757995605,335
cruise,False,False,True,True,True,True,True,False,True,keep,1.0,1.5050058364868164,335
cruise,False,False,True,True,True,True,True,False,True,swerve_left,1.0,1.4600608348846436,335
cruise,False,False,True,True,True,True,True,False,True,swerve_right,1.0,1.5338294506072998,335
keep,False,False,True,True,True,True,True,False,True,change_to_left,1.0,1.5241355895996094,336
keep,False,False,True,True,True,True,True,False,True,change_to_right,1.0,1.500809669494629,336
keep,False,False,True,True,True,True,True,False,True,cruise,1.0,1.4491314888000488,336
keep,False,False,True,True,True,True,True,False,True,keep,1.0,1.5182139873504639,336
keep,False,False,True,True,True,True,True,False,True,swerve_left,1.0,1.4714572429656982,336
keep,False,False,True,True,True,True,True,False,True,swerve_right,1.0,1.5045464038848877,336
keep,False,True,False,False,False,False,False,False,True,change_to_left,1.0,1.4740619659423828,337
keep,False,True,False,False,False,False,False,False,True,change_to_right,1.0,1.4713478088378906,337
keep,False,True,False,False,False,False,False,False,True,cruise,1.0,1.4470295906066895,337
keep,False,True,False,False,False,False,False,False,True,keep,1.0,1.4880967140197754,337
keep,False,True,False,False,False,False,False,False,True,swerve_left,1.0,1.43406081199646,337
keep,False,True,False,False,False,False,False,False,True,swerve_right,1.0,1.4873766899108887,337
keep,False,True,False,False,False,False,True,False,True,change_to_left,1.0,1.4845476150512695,338
keep,False,True,False,False,False,False,True,False,True,change_to_right,1.0,1.4890952110290527,338
keep,False,True,False,False,False,False,True,False,True,cruise,1.0,1.4532685279846191,338
keep,False,True,False,False,False,False,True,False,True,keep,1.0,1.4938337802886963,338
keep,False,True,False,False,False,False,True,False,True,swerve_left,1.0,1.466491460800171,338
keep,False,True,False,False,False,False,True,False,True,swerve_right,1.0,1.468458652496338,338
keep,False,True,False,False,False,True,False,False,True,change_to_left,1.0,1.4989728927612305,339
keep,False,True,False,False,False,True,False,False,True,change_to_right,1.0,1.5010251998901367,339
keep,False,True,False,False,False,True,False,False,True,cruise,1.0,1.4623019695281982,339
keep,False,True,False,False,False,True,False,False,True,keep,1.0,1.4649629592895508,339
keep,False,True,False,False,False,True,False,False,True,swerve_left,1.0,1.4485187530517578,339
keep,False,True,False,False,False,True,False,False,True,swerve_right,1.0,1.5249967575073242,339
keep,False,True,False,False,False,True,True,False,True,change_to_left,1.0,1.5028290748596191,340
keep,False,True,False,False,False,True,True,False,True,change_to_right,1.0,1.4705047607421875,340
keep,False,True,False,False,False,True,True,False,True,cruise,1.0,1.433323621749878,340
keep,False,True,False,False,False,True,True,False,True,keep,1.0,1.4799811840057373,340
keep,False,True,False,False,False,True,True,False,True,swerve_left,1.0,1.446998119354248,340
keep,False,True,False,False,False,True,True,False,True,swerve_right,1.0,1.4984111785888672,340
keep,False,True,False,False,True,False,False,False,True,change_to_left,1.0,1.4944922924041748,341
keep,False,True,False,False,True,False,False,False,True,change_to_right,1.0,1.500504493713379,341
keep,False,True,False,False,True,False,False,False,True,cruise,1.0,1.4661293029785156,341
keep,False,True,False,False,True,False,False,False,True,keep,1.0,1.5172550678253174,341
keep,False,True,False,False,True,False,False,False,True,swerve_left,1.0,1.4406507015228271,341
keep,False,True,False,False,True,False,False,False,True,swerve_right,1.0,1.504716396331787,341
keep,False,True,False,False,True,False,True,False,True,change_to_left,1.0,1.5238418579101562,342
keep,False,True,False,False,True,False,True,False,True,change_to_right,1.0,1.499809980392456,342
keep,False,True,False,False,True,False,True,False,True,cruise,1.0,1.4521222114562988,342
keep,False,True,False,False,True,False,True,False,True,keep,1.0,1.5145587921142578,342
keep,False,True,False,False,True,False,True,False,True,swerve_left,1.0,1.4639170169830322,342
keep,False,True,False,False,True,False,True,False,True,swerve_right,1.0,1.505988359451294,342
keep,False,True,False,False,True,True,False,False,True,change_to_left,1.0,1.5090606212615967,343
keep,False,True,False,False,True,True,False,False,True,change_to_right,1.0,1.496079683303833,343
keep,False,True,False,False,True,True,False,False,True,cruise,1.0,1.467231035232544,343
keep,False,True,False,False,True,True,False,False,True,keep,1.0,1.5147826671600342,343
keep,False,True,False,False,True,True,False,False,True,swerve_left,1.0,1.4642486572265625,343
keep,False,True,False,False,True,True,False,False,True,swerve_right,1.0,1.503441333770752,343
keep,False,True,False,False,True,True,True,False,True,change_to_left,1.0,1.4807908535003662,344
keep,False,True,False,False,True,True,True,False,True,change_to_right,1.0,1.484114170074463,344
keep,False,True,False,False,True,True,True,False,True,cruise,1.0,1.4284782409667969,344
keep,False,True,False,False,True,True,True,False,True,keep,1.0,1.4829461574554443,344
keep,False,True,False,False,True,True,True,False,True,swerve_left,1.0,1.4344043731689453,344
keep,False,True,False,False,True,True,True,False,True,swerve_right,1.0,1.4715626239776611,344
cruise,False,True,False,True,False,False,False,False,True,change_to_left,1.0,1.5049874782562256,345
cruise,False,True,False,True,False,False,False,False,True,change_to_right,1.0,1.487548828125,345
cruise,False,True,False,True,False,False,False,False,True,cruise,1.0,1.4690194129943848,345
cruise,False,True,False,True,False,False,False,False,True,keep,1.0,1.5017380714416504,345
cruise,False,True,False,True,False,False,False,False,True,swerve_left,1.0,1.4469308853149414,345
cruise,False,True,False,True,False,False,False,False,True,swerve_right,1.0,1.499781847000122,345
keep,False,True,False,True,False,False,False,False,True,change_to_left,1.0,1.5197350978851318,346
keep,False,True,False,True,False,False,False,False,True,change_to_right,1.0,1.4868762493133545,346
keep,False,True,False,True,False,False,False,False,True,cruise,1.0,1.4351534843444824,346
keep,False,True,False,True,False,False,False,False,True,keep,1.0,1.4986591339111328,346
keep,False,True,False,True,False,False,False,False,True,swerve_left,1.0,1.457251787185669,346
keep,False,True,False,True,False,False,False,False,True,swerve_right,1.0,1.4908382892608643,346
cruise,False,True,False,True,False,False,True,False,True,change_to_left,1.0,1.4957573413848877,347
cruise,False,True,False,True,False,False,True,False,True,change_to_right,1.0,1.507396936416626,347
cruise,False,True,False,True,False,False,True,False,True,cruise,1.0,1.4512193202972412,347
cruise,False,True,False,True,False,False,True,False,True,keep,1.0,1.5129263401031494,347
cruise,False,True,False,True,False,False,True,False,True,swerve_left,1.0,1.4614472389221191,347
cruise,False,True,False,True,False,False,True,False,True,swerve_right,1.0,1.5031161308288574,347
keep,False,True,False,True,False,False,True,False,True,change_to_left,1.0,1.5119967460632324,348
keep,False,True,False,True,False,False,True,False,True,change_to_right,1.0,1.5010621547698975,348
keep,False,True,False,True,False,False,True,False,True,cruise,1.0,1.4606208801269531,348
keep,False,True,False,True,False,False,True,False,True,keep,1.0,1.510263204574585,348
keep,False,True,False,True,False,False,True,False,True,swerve_left,1.0,1.4830451011657715,348
keep,False,True,False,True,False,False,True,False,True,swerve_right,1.0,1.5110089778900146,348
cruise,False,True,False,True,False,True,False,False,True,change_to_left,1.0,1.496006727218628,349
cruise,False,True,False,True,False,True,False,False,True,change_to_right,1.0,1.4982500076293945,349
cruise,False,True,False,True,False,True,False,False,True,cruise,1.0,1.469224452972412,349
cruise,False,True,False,True,False,True,False,False,True,keep,1.0,1.5366246700286865,349
cruise,False,True,False,True,False,True,False,False,True,swerve_left,1.0,1.473804235458374,349
cruise,False,True,False,True,False,True,False,False,True,swerve_right,1.0,1.527146339416504,349
keep,False,True,False,True,False,True,False,False,True,change_to_left,1.0,1.5297472476959229,350
keep,False,True,False,True,False,True,False,False,True,change_to_right,1.0,1.493561029434204,350
keep,False,True,False,True,False,True,False,False,True,cruise,1.0,1.422760009765625,350
keep,False,True,False,True,False,True,False,False,True,keep,1.0,1.4866695404052734,350
keep,False,True,False,True,False,True,False,False,True,swerve_left,1.0,1.471830129623413,350
keep,False,True,False,True,False,True,False,False,True,swerve_right,1.0,1.4805030822753906,350
cruise,False,True,False,True,False,True,True,False,True,change_to_left,1.0,1.483515739440918,351
cruise,False,True,False,True,False,True,True,False,True,change_to_right,1.0,1.4913530349731445,351
cruise,False,True,False,True,False,True,True,False,True,cruise,1.0,1.4501829147338867,351
cruise,False,True,False,True,False,True,True,False,True,keep,1.0,1.477571964263916,351
cruise,False,True,False,True,False,True,True,False,True,swerve_left,1.0,1.446338415145874,351
cruise,False,True,False,True,False,True,True,False,True,swerve_right,1.0,1.4693591594696045,351
keep,False,True,False,True,False,True,True,False,True,change_to_left,1.0,1.5067007541656494,352
keep,False,True,False,True,False,True,True,False,True,change_to_right,1.0,1.504286766052246,352
keep,False,True,False,True,False,True,True,False,True,cruise,1.0,1.4565403461456299,352
keep,False,True,False,True,False,True,True,False,True,keep,1.0,1.4919896125793457,352
keep,False,True,False,True,False,True,True,False,True,swerve_left,1.0,1.4587736129760742,352
keep,False,True,False,True,False,True,True,False,True,swerve_right,1.0,1.5155584812164307,352
cruise,False,True,False,True,True,False,False,False,True,change_to_left,1.0,1.5081932544708252,353
cruise,False,True,False,True,True,False,False,False,True,change_to_right,1.0,1.4851584434509277,353
cruise,False,True,False,True,True,False,False,False,True,cruise,1.0,1.4708003997802734,353
cruise,False,True,False,True,True,False,False,False,True,keep,1.0,1.511854648590088,353
cruise,False,True,False,True,True,False,False,False,True,swerve_left,1.0,1.4429137706756592,353
cruise,False,True,False,True,True,False,False,False,True,swerve_right,1.0,1.5067408084869385,353
keep,False,True,False,True,True,False,False,False,True,change_to_left,1.0,1.494490623474121,354
keep,False,True,False,True,True,False,False,False,True,change_to_right,1.0,1.4840312004089355,354
keep,False,True,False,True,True,False,False,False,True,cruise,1.0,1.4384047985076904,354
keep,False,True,False,True,True,False,False,False,True,keep,1.0,1.501258373260498,354
keep,False,True,False,True,True,False,False,False,True,swerve_left,1.0,1.482417106628418,354
keep,False,True,False,True,True,False,False,False,True,swerve_right,1.0,1.4745903015136719,354
cruise,False,True,False,True,True,False,True,False,True,change_to_left,1.0,1.4963946342468262,355
cruise,False,True,False,True,True,False,True,False,True,change_to_right,1.0,1.4927654266357422,355
cruise,False,True,False,True,True,False,True,False,True,cruise,1.0,1.456007480621338,355
cruise,False,True,False,True,True,False,True,False,True,keep,1.0,1.529757022857666,355
cruise,False,True,False,True,True,False,True,False,True,swerve_left,1.0,1.471193552017212,355
cruise,False,True,False,True,True,False,True,False,True,swerve_right,1.0,1.5199213027954102,355
keep,False,True,False,True,True,False,True,False,True,change_to_left,1.0,1.5256826877593994,356
keep,False,True,False,True,True,False,True,False,True,change_to_right,1.0,1.4917917251586914,356
keep,False,True,False,True,True,False,True,False,True,cruise,1.0,1.468616008758545,356
keep,False,True,False,True,True,False,True,False,True,keep,1.0,1.5165197849273682,356
keep,False,True,False,True,True,False,True,False,True,swerve_left,1.0,1.4721519947052002,356
keep,False,True,False,True,True,False,True,False,True,swerve_right,1.0,1.5197336673736572,356
cruise,False,True,False,True,True,True,False,False,True,change_to_left,1.0,1.4913125038146973,357
cruise,False,True,False,True,True,True,False,False,True,change_to_right,1.0,1.50266695022583,357
cruise,False,True,False,True,True,True,False,False,True,cruise,1.0,1.4321584701538086,357
cruise,False,True,False,True,True,True,False,False,True,keep,1.0,1.4931621551513672,357
cruise,False,True,False,True,True,True,False,False,True,swerve_left,1.0,1.4504754543304443,357
cruise,False,True,False,True,True,True,False,False,True,swerve_right,1.0,1.4833621978759766,357
keep,False,True,False,True,True,True,False,False,True,change_to_left,1.0,1.501908779144287,358
keep,False,True,False,True,True,True,False,False,True,change_to_right,1.0,1.4785888195037842,358
keep,False,True,False,True,True,True,False,False,True,cruise,1.0,1.4222769737243652,358
keep,False,True,False,True,True,True,False,False,True,keep,1.0,1.5142357349395752,358
keep,False,True,False,True,True,True,False,False,True,swerve_left,1.0,1.4495303630828857,358
keep,False,True,False,True,True,True,False,False,True,swerve_right,1.0,1.4865484237670898,358
cruise,False,True,False,True,True,True,True,False,True,change_to_left,1.0,1.5011258125305176,359
cruise,False,True,False,True,True,True,True,False,True,change_to_right,1.0,1.5008301734924316,359
cruise,False,True,False,True,True,True,True,False,True,cruise,1.0,1.512918472290039,359
cruise,False,True,False,True,True,True,True,False,True,keep,1.0,1.5049419403076172,359
cruise,False,True,False,True,True,True,True,False,True,swerve_left,1.0,1.4753007888793945,359
cruise,False,True,False,True,True,True,True,False,True,swerve_right,1.0,1.5229811668395996,359
keep,False,True,False,True,True,True,True,False,True,change_to_left,1.0,1.5189824104309082,360
keep,False,True,False,True,True,True,True,False,True,change_to_right,1.0,1.4743680953979492,360
keep,False,True,False,True,True,True,True,False,True,cruise,1.0,1.4430456161499023,360
keep,False,True,False,True,True,True,True,False,True,keep,1.0,1.4934780597686768,360
keep,False,True,False,True,True,True,True,False,True,swerve_left,1.0,1.435887336730957,360
keep,False,True,False,True,True,True,True,False,True,swerve_right,1.0,1.5195951461791992,360
change_to_right,False,True,True,False,False,False,False,False,True,change_to_left,1.0,1.504822015762329,361
change_to_right,False,True,True,False,False,False,False,False,True,change_to_right,1.0,1.5051827430725098,361
change_to_right,False,True,True,False,False,False,False,False,True,cruise,1.0,1.4771976470947266,361
change_to_right,False,True,True,False,False,False,False,False,True,keep,1.0,1.517665147781372,361
change_to_right,False,True,True,False,False,False,False,False,True,swerve_left,1.0,1.470036506652832,361
change_to_right,False,True,True,False,False,False,False,False,True,swerve_right,1.0,1.4897637367248535,361
keep,False,True,True,False,False,False,False,False,True,change_to_left,1.0,1.5084881782531738,362
keep,False,True,True,False,False,False,False,False,True,change_to_right,1.0,1.4971034526824951,362
keep,False,True,True,False,False,False,False,False,True,cruise,1.0,1.460402250289917,362
keep,False,True,True,False,False,False,False,False,True,keep,1.0,1.513568639755249,362
keep,False,True,True,False,False,False,False,False,True,swerve_left,1.0,1.4634199142456055,362
keep,False,True,True,False,False,False,False,False,True,swerve_right,1.0,1.4992399215698242,362
change_to_right,False,True,True,False,False,False,True,False,True,change_to_left,1.0,1.5006492137908936,363
change_to_right,False,True,True,False,False,False,True,False,True,change_to_right,1.0,1.496049165725708,363
change_to_right,False,True,True,False,False,False,True,False,True,cruise,1.0,1.449493169784546,363
change_to_right,False,True,True,False,False,False,True,False,True,keep,1.0,1.5084073543548584,363
change_to_right,False,True,True,False,False,False,True,False,True,swerve_left,1.0,1.4520659446716309,363
change_to_right,False,True,True,False,False,False,True,False,True,swerve_right,1.0,1.5063230991363525,363
keep,False,True,True,False,False,False,True,False,True,change_to_left,1.0,1.4927473068237305,364
keep,False,True,True,False,False,False,True,False,True,change_to_right,1.0,1.470660924911499,364
keep,False,True,True,False,False,False,True,False,True,cruise,1.0,1.4520597457885742,364
keep,False,True,True,False,False,False,True,False,True,keep,1.0,1.503896713256836,364
keep,False,True,True,False,False,False,True,False,True,swerve_left,1.0,1.4465765953063965,364
keep,False,True,True,False,False,False,True,False,True,swerve_right,1.0,1.479257345199585,364
change_to_right,False,True,True,False,False,True,False,False,True,change_to_left,1.0,1.509767770767212,365
change_to_right,False,True,True,False,False,True,False,False,True,change_to_right,1.0,1.4913971424102783,365
change_to_right,False,True,True,False,False,True,False,False,True,cruise,1.0,1.4851658344268799,365
change_to_right,False,True,True,False,False,True,False,False,True,keep,1.0,1.5175044536590576,365
change_to_right,False,True,True,False,False,True,False,False,True,swerve_left,1.0,1.4524705410003662,365
change_to_right,False,True,True,False,False,True,False,False,True,swerve_right,1.0,1.5109519958496094,365
keep,False,True,True,False,False,True,False,False,True,change_to_left,1.0,1.482182502746582,366
keep,False,True,True,False,False,True,False,False,True,change_to_right,1.0,1.5022802352905273,366
keep,False,True,True,False,False,True,False,False,True,cruise,1.0,1.4481000900268555,366
keep,False,True,True,False,False,True,False,False,True,keep,1.0,1.4845168590545654,366
keep,False,True,True,False,False,True,False,False,True,swerve_left,1.0,1.4356496334075928,366
keep,False,True,True,False,False,True,False,False,True,swerve_right,1.0,1.4755585193634033,366
change_to_right,False,True,True,False,False,True,True,False,True,change_to_left,1.0,1.5093128681182861,367
change_to_right,False,True,True,False,False,True,True,False,True,change_to_right,1.0,1.4897356033325195,367
change_to_right,False,True,True,False,False,True,True,False,True,cruise,1.0,1.459362268447876,367
change_to_right,False,True,True,False,False,True,True,False,True,keep,1.0,1.496476173400879,367
change_to_right,False,True,True,False,False,True,True,False,True,swerve_left,1.0,1.4580354690551758,367
change_to_right,False,True,True,False,False,True,True,False,True,swerve_right,1.0,1.500584363937378,367
keep,False,True,True,False,False,True,True,False,True,change_to_left,1.0,1.5230321884155273,368
keep,False,True,True,False,False,True,True,False,True,change_to_right,1.0,1.495105266571045,368
keep,False,True,True,False,False,True,True,False,True,cruise,1.0,1.4564604759216309,368
keep,False,True,True,False,False,True,True,False,True,keep,1.0,1.5290987491607666,368
keep,False,True,True,False,False,True,True,False,True,swerve_left,1.0,1.4530348777770996,368
keep,False,True,True,False,False,True,True,False,True,swerve_right,1.0,1.4914436340332031,368
change_to_right,False,True,True,False,True,False,False,False,True,change_to_left,1.0,1.512291431427002,369
change_to_right,False,True,True,False,True,False,False,False,True,change_to_right,1.0,1.492990493774414,369
change_to_right,False,True,True,False,True,False,False,False,True,cruise,1.0,1.464057445526123,369
change_to_right,False,True,True,False,True,False,False,False,True,keep,1.0,1.509312629699707,369
change_to_right,False,True,True,False,True,False,False,False,True,swerve_left,1.0,1.463855504989624,369
change_to_right,False,True,True,False,True,False,False,False,True,swerve_right,1.0,1.5115320682525635,369
keep,False,True,True,False,True,False,False,False,True,change_to_left,1.0,1.4988055229187012,370
keep,False,True,True,False,True,False,False,False,True,change_to_right,1.0,1.5121870040893555,370
keep,False,True,True,False,True,False,False,False,True,cruise,1.0,1.4810914993286133,370
keep,False,True,True,False,True,False,False,False,True,keep,1.0,1.5222244262695312,370
keep,False,True,True,False,True,False,False,False,True,swerve_left,1.0,1.4560520648956299,370
keep,False,True,True,False,True,False,False,False,True,swerve_right,1.0,1.5125515460968018,370
change_to_right,False,True,True,False,True,False,True,False,True,change_to_left,1.0,1.4955742359161377,371
change_to_right,False,True,True,False,True,False,True,False,True,change_to_right,1.0,1.514655351638794,371
change_to_right,False,True,True,False,True,False,True,False,True,cruise,1.0,1.4581570625305176,371
change_to_right,False,True,True,False,True,False,True,False,True,keep,1.0,1.5383765697479248,371
change_to_right,False,True,True,False,True,False,True,False,True,swerve_left,1.0,1.4537279605865479,371
change_to_right,False,True,True,False,True,False,True,False,True,swerve_right,1.0,1.5155932903289795,371
keep,False,True,True,False,True,False,True,False,True,change_to_left,1.0,1.5170609951019287,372
keep,False,True,True,False,True,False,True,False,True,change_to_right,1.0,1.494123935699463,372
keep,False,True,True,False,True,False,True,False,True,cruise,1.0,1.459946632385254,372
keep,False,True,True,False,True,False,True,False,True,keep,1.0,1.5119223594665527,372
keep,False,True,True,False,True,False,True,False,True,swerve_left,1.0,1.4742071628570557,372
keep,False,True,True,False,True,False,True,False,True,swerve_right,1.0,1.4993798732757568,372
change_to_right,False,True,True,False,True,True,False,False,True,change_to_left,1.0,1.5005245208740234,373
change_to_right,False,True,True,False,True,True,False,False,True,change_to_right,1.0,1.5055103302001953,373
change_to_right,False,True,True,False,True,True,False,False,True,cruise,1.0,1.4396452903747559,373
change_to_right,False,True,True,False,True,True,False,False,True,keep,1.0,1.4983463287353516,373
change_to_right,False,True,True,False,True,True,False,False,True,swerve_left,1.0,1.4661059379577637,373
change_to_right,False,True,True,False,True,True,False,False,True,swerve_right,1.0,1.459334135055542,373
keep,False,True,True,False,True,True,False,False,True,change_to_left,1.0,1.475471019744873,374
keep,False,True,True,False,True,True,False,False,True,change_to_right,1.0,1.4704134464263916,374
keep,False,True,True,False,True,True,False,False,True,cruise,1.0,1.4203777313232422,374
keep,False,True,True,False,True,True,False,False,True,keep,1.0,1.4720726013183594,374
keep,False,True,True,False,True,True,False,False,True,swerve_left,1.0,1.436913251876831,374
keep,False,True,True,False,True,True,False,False,True,swerve_right,1.0,1.4792356491088867,374
change_to_right,False,True,True,False,True,True,True,False,True,change_to_left,1.0,1.4835388660430908,375
change_to_right,False,True,True,False,True,True,True,False,True,change_to_right,1.0,1.4897918701171875,375
change_to_right,False,True,True,False,True,True,True,False,True,cruise,1.0,1.4344992637634277,375
change_to_right,False,True,True,False,True,True,True,False,True,keep,1.0,1.4952073097229004,375
change_to_right,False,True,True,False,True,True,True,False,True,swerve_left,1.0,1.461040735244751,375
change_to_right,False,True,True,False,True,True,True,False,True,swerve_right,1.0,1.496941089630127,375
keep,False,True,True,False,True,True,True,False,True,change_to_left,1.0,1.498746395111084,376
keep,False,True,True,False,True,True,True,False,True,change_to_right,1.0,1.4809880256652832,376
keep,False,True,True,False,True,True,True,False,True,cruise,1.0,1.4662137031555176,376
keep,False,True,True,False,True,True,True,False,True,keep,1.0,1.4992165565490723,376
keep,False,True,True,False,True,True,True,False,True,swerve_left,1.0,1.4423818588256836,376
keep,False,True,True,False,True,True,True,False,True,swerve_right,1.0,1.4968955516815186,376
change_to_right,False,True,True,True,False,False,False,False,True,change_to_left,1.0,1.5150525569915771,377
change_to_right,False,True,True,True,False,False,False,False,True,change_to_right,1.0,1.4858860969543457,377
change_to_right,False,True,True,True,False,False,False,False,True,cruise,1.0,1.4511942863464355,377
change_to_right,False,True,True,True,False,False,False,False,True,keep,1.0,1.489497184753418,377
change_to_right,False,True,True,True,False,False,False,False,True,swerve_left,1.0,1.446650743484497,377
change_to_right,False,True,True,True,False,False,False,False,True,swerve_right,1.0,1.500530481338501,377
cruise,False,True,True,True,False,False,False,False,True,change_to_left,1.0,1.4748766422271729,378
cruise,False,True,True,True,False,False,False,False,True,change_to_right,1.0,1.4793753623962402,378
cruise,False,True,True,True,False,False,False,False,True,cruise,1.0,1.4310429096221924,378
cruise,False,True,True,True,False,False,False,False,True,keep,1.0,1.4917681217193604,378
cruise,False,True,True,True,False,False,False,False,True,swerve_left,1.0,1.461127758026123,378
cruise,False,True,True,True,False,False,False,False,True,swerve_right,1.0,1.4720029830932617,378
keep,False,True,True,True,False,False,False,False,True,change_to_left,1.0,1.5180258750915527,379
keep,False,True,True,True,False,False,False,False,True,change_to_right,1.0,1.4731760025024414,379
keep,False,True,True,True,False,False,False,False,True,cruise,1.0,1.4485375881195068,379
keep,False,True,True,True,False,False,False,False,True,keep,1.0,1.5263421535491943,379
keep,False,True,True,True,False,False,False,False,True,swerve_left,1.0,1.45808744430542,379
keep,False,True,True,True,False,False,False,False,True,swerve_right,1.0,1.490382432937622,379
change_to_right,False,True,True,True,False,False,True,False,True,change_to_left,1.0,1.4905903339385986,380
change_to_right,False,True,True,True,False,False,True,False,True,change_to_right,1.0,1.4930026531219482,380
change_to_right,False,True,True,True,False,False,True,False,True,cruise,1.0,1.4513373374938965,380
change_to_right,False,True,True,True,False,False,True,False,True,keep,1.0,1.5022366046905518,380
change_to_right,False,True,True,True,False,False,True,False,True,swerve_left,1.0,1.4823615550994873,380
change_to_right,False,True,True,True,False,False,True,False,True,swerve_right,1.0,1.4946165084838867,380
cruise,False,True,True,True,False,False,True,False,True,change_to_left,1.0,1.475548267364502,381
cruise,False,True,True,True,False,False,True,False,True,change_to_right,1.0,1.4874675273895264,381
cruise,False,True,True,True,False,False,True,False,True,cruise,1.0,1.4249441623687744,381
cruise,False,True,True,True,False,False,True,False,True,keep,1.0,1.5046226978302002,381
cruise,False,True,True,True,False,False,True,False,True,swerve_left,1.0,1.4618594646453857,381
cruise,False,True,True,True,False,False,True,False,True,swerve_right,1.0,1.482304334640503,381
keep,False,True,True,True,False,False,True,False,True,change_to_left,1.0,1.3805291652679443,382
keep,False,True,True,True,False,False,True,False,True,change_to_right,1.0,1.2998924255371094,382
keep,False,True,True,True,False,False,True,False,True,cruise,1.0,1.358863353729248,382
keep,False,True,True,True,False,False,True,False,True,keep,1.0,1.3186182975769043,382
keep,False,True,True,True,False,False,True,False,True,swerve_left,1.0,1.3614501953125,382
keep,False,True,True,True,False,False,True,False,True,swerve_right,1.0,1.3275043964385986,382
change_to_right,False,True,True,True,False,True,False,False,True,change_to_left,1.0,1.4976434707641602,383
change_to_right,False,True,True,True,False,True,False,False,True,change_to_right,1.0,1.4861905574798584,383
change_to_right,False,True,True,True,False,True,False,False,True,cruise,1.0,1.4570281505584717,383
change_to_right,False,True,True,True,False,True,False,False,True,keep,1.0,1.504300832748413,383
change_to_right,False,True,True,True,False,True,False,False,True,swerve_left,1.0,1.457245111465454,383
change_to_right,False,True,True,True,False,True,False,False,True,swerve_right,1.0,1.4988200664520264,383
cruise,False,True,True,True,False,True,False,False,True,change_to_left,1.0,1.5110125541687012,384
cruise,False,True,True,True,False,True,False,False,True,change_to_right,1.0,1.5154364109039307,384
cruise,False,True,True,True,False,True,False,False,True,cruise,1.0,1.4553399085998535,384
cruise,False,True,True,True,False,True,False,False,True,keep,1.0,1.5177547931671143,384
cruise,False,True,True,True,False,True,False,False,True,swerve_left,1.0,1.46897554397583,384
cruise,False,True,True,True,False,True,False,False,True,swerve_right,1.0,1.4881975650787354,384
keep,False,True,True,True,False,True,False,False,True,change_to_left,1.0,1.4701576232910156,385
keep,False,True,True,True,False,True,False,False,True,change_to_right,1.0,1.472679853439331,385
keep,False,True,True,True,False,True,False,False,True,cruise,1.0,1.4339933395385742,385
keep,False,True,True,True,False,True,False,False,True,keep,1.0,1.4701998233795166,385
keep,False,True,True,True,False,True,False,False,True,swerve_left,1.0,1.4511280059814453,385
keep,False,True,True,True,False,True,False,False,True,swerve_right,1.0,1.4935195446014404,385
change_to_right,False,True,True,True,False,True,True,False,True,change_to_left,1.0,1.4800784587860107,386
change_to_right,False,True,True,True,False,True,True,False,True,change_to_right,1.0,1.4633362293243408,386
change_to_right,False,True,True,True,False,True,True,False,True,cruise,1.0,1.425846815109253,386
change_to_right,False,True,True,True,False,True,True,False,True,keep,1.0,1.4802422523498535,386
change_to_right,False,True,True,True,False,True,True,False,True,swerve_left,1.0,1.4443955421447754,386
change_to_right,False,True,True,True,False,True,True,False,True,swerve_right,1.0,1.4819340705871582,386
cruise,False,True,True,True,False,True,True,False,True,change_to_left,1.0,1.4669880867004395,387
cruise,False,True,True,True,False,True,True,False,True,change_to_right,1.0,1.459057331085205,387
cruise,False,True,True,True,False,True,True,False,True,cruise,1.0,1.4178740978240967,387
cruise,False,True,True,True,False,True,True,False,True,keep,1.0,1.4499540328979492,387
cruise,False,True,True,True,False,True,True,False,True,swerve_left,1.0,1.399188756942749,387
cruise,False,True,True,True,False,True,True,False,True,swerve_right,1.0,1.4570791721343994,387
keep,False,True,True,True,False,True,True,False,True,change_to_left,1.0,1.466844081878662,388
keep,False,True,True,True,False,True,True,False,True,change_to_right,1.0,1.4599065780639648,388
keep,False,True,True,True,False,True,True,False,True,cruise,1.0,1.4305708408355713,388
keep,False,True,True,True,False,True,True,False,True,keep,1.0,1.4530322551727295,388
keep,False,True,True,True,False,True,True,False,True,swerve_left,1.0,1.4392430782318115,388
keep,False,True,True,True,False,True,True,False,True,swerve_right,1.0,1.4620647430419922,388
change_to_right,False,True,True,True,True,False,False,False,True,change_to_left,1.0,1.4963817596435547,389
change_to_right,False,True,True,True,True,False,False,False,True,change_to_right,1.0,1.4737038612365723,389
change_to_right,False,True,True,True,True,False,False,False,True,cruise,1.0,1.4384727478027344,389
change_to_right,False,True,True,True,True,False,False,False,True,keep,1.0,1.459061861038208,389
change_to_right,False,True,True,True,True,False,False,False,True,swerve_left,1.0,1.446575403213501,389
change_to_right,False,True,True,True,True,False,False,False,True,swerve_right,1.0,1.484290361404419,389
cruise,False,True,True,True,True,False,False,False,True,change_to_left,1.0,1.5191748142242432,390
cruise,False,True,True,True,True,False,False,False,True,change_to_right,1.0,1.4836883544921875,390
cruise,False,True,True,True,True,False,False,False,True,cruise,1.0,1.4479568004608154,390
cruise,False,True,True,True,True,False,False,False,True,keep,1.0,1.5068285465240479,390
cruise,False,True,True,True,True,False,False,False,True,swerve_left,1.0,1.4542052745819092,390
cruise,False,True,True,True,True,False,False,False,True,swerve_right,1.0,1.5085039138793945,390
keep,False,True,True,True,True,False,False,False,True,change_to_left,1.0,1.4785606861114502,391
keep,False,True,True,True,True,False,False,False,True,change_to_right,1.0,1.493187427520752,391
keep,False,True,True,True,True,False,False,False,True,cruise,1.0,1.4413588047027588,391
keep,False,True,True,True,True,False,False,False,True,keep,1.0,1.4758594036102295,391
keep,False,True,True,True,True,False,False,False,True,swerve_left,1.0,1.4132499694824219,391
keep,False,True,True,True,True,False,False,False,True,swerve_right,1.0,1.4833333492279053,391
change_to_right,False,True,True,True,True,False,True,False,True,change_to_left,1.0,1.4615237712860107,392
change_to_right,False,True,True,True,True,False,True,False,True,change_to_right,1.0,1.450437068939209,392
change_to_right,False,True,True,True,True,False,True,False,True,cruise,1.0,1.4214298725128174,392
change_to_right,False,True,True,True,True,False,True,False,True,keep,1.0,1.455385446548462,392
change_to_right,False,True,True,True,True,False,True,False,True,swerve_left,1.0,1.4366869926452637,392
change_to_right,False,True,True,True,True,False,True,False,True,swerve_right,1.0,1.463702917098999,392
cruise,False,True,True,True,True,False,True,False,True,change_to_left,1.0,1.4895524978637695,393
cruise,False,True,True,True,True,False,True,False,True,change_to_right,1.0,1.4723901748657227,393
cruise,False,True,True,True,True,False,True,False,True,cruise,1.0,1.4307153224945068,393
cruise,False,True,True,True,True,False,True,False,True,keep,1.0,1.4715182781219482,393
cruise,False,True,True,True,True,False,True,False,True,swerve_left,1.0,1.4318606853485107,393
cruise,False,True,True,True,True,False,True,False,True,swerve_right,1.0,1.4808542728424072,393
keep,False,True,True,True,True,False,True,False,True,change_to_left,1.0,1.4952821731567383,394
keep,False,True,True,True,True,False,True,False,True,change_to_right,1.0,1.4776458740234375,394
keep,False,True,True,True,True,False,True,False,True,cruise,1.0,1.4472839832305908,394
keep,False,True,True,True,True,False,True,False,True,keep,1.0,1.500981092453003,394
keep,False,True,True,True,True,False,True,False,True,swerve_left,1.0,1.4538235664367676,394
keep,False,True,True,True,True,False,True,False,True,swerve_right,1.0,1.4815394878387451,394
change_to_right,False,True,True,True,True,True,False,False,True,change_to_left,1.0,1.4909985065460205,395
change_to_right,False,True,True,True,True,True,False,False,True,change_to_right,1.0,1.4663314819335938,395
change_to_right,False,True,True,True,True,True,False,False,True,cruise,1.0,1.441920518875122,395
change_to_right,False,True,True,True,True,True,False,False,True,keep,1.0,1.4827756881713867,395
change_to_right,False,True,True,True,True,True,False,False,True,swerve_left,1.0,1.4208440780639648,395
change_to_right,False,True,True,True,True,True,False,False,True,swerve_right,1.0,1.4770638942718506,395
cruise,False,True,True,True,True,True,False,False,True,change_to_left,1.0,1.5188875198364258,396
cruise,False,True,True,True,True,True,False,False,True,change_to_right,1.0,1.4876723289489746,396
cruise,False,True,True,True,True,True,False,False,True,cruise,1.0,1.4511263370513916,396
cruise,False,True,True,True,True,True,False,False,True,keep,1.0,1.5212469100952148,396
cruise,False,True,True,True,True,True,False,False,True,swerve_left,1.0,1.4767615795135498,396
cruise,False,True,True,True,True,True,False,False,True,swerve_right,1.0,1.5054049491882324,396
keep,False,True,True,True,True,True,False,False,True,change_to_left,1.0,1.4486806392669678,397
keep,False,True,True,True,True,True,False,False,True,change_to_right,1.0,1.4500951766967773,397
keep,False,True,True,True,True,True,False,False,True,cruise,1.0,1.4235942363739014,397
keep,False,True,True,True,True,True,False,False,True,keep,1.0,1.4456727504730225,397
keep,False,True,True,True,True,True,False,False,True,swerve_left,1.0,1.4221110343933105,397
keep,False,True,True,True,True,True,False,False,True,swerve_right,1.0,1.468837022781372,397
change_to_right,False,True,True,True,True,True,True,False,True,change_to_left,1.0,1.4964540004730225,398
change_to_right,False,True,True,True,True,True,True,False,True,change_to_right,1.0,1.47556471824646,398
change_to_right,False,True,True,True,True,True,True,False,True,cruise,1.0,1.435788631439209,398
change_to_right,False,True,True,True,True,True,True,False,True,keep,1.0,1.4707274436950684,398
change_to_right,False,True,True,True,True,True,True,False,True,swerve_left,1.0,1.423905372619629,398
change_to_right,False,True,True,True,True,True,True,False,True,swerve_right,1.0,1.4671292304992676,398
cruise,False,True,True,True,True,True,True,False,True,change_to_left,1.0,1.4941532611846924,399
cruise,False,True,True,True,True,True,True,False,True,change_to_right,1.0,1.4602956771850586,399
cruise,False,True,True,True,True,True,True,False,True,cruise,1.0,1.418407678604126,399
cruise,False,True,True,True,True,True,True,False,True,keep,1.0,1.458136796951294,399
cruise,False,True,True,True,True,True,True,False,True,swerve_left,1.0,1.4588205814361572,399
cruise,False,True,True,True,True,True,True,False,True,swerve_right,1.0,1.484849214553833,399
keep,False,True,True,True,True,True,True,False,True,change_to_left,1.0,1.4784109592437744,400
keep,False,True,True,True,True,True,True,False,True,change_to_right,1.0,1.459890604019165,400
keep,False,True,True,True,True,True,True,False,True,cruise,1.0,1.4501237869262695,400
keep,False,True,True,True,True,True,True,False,True,keep,1.0,1.4751834869384766,400
keep,False,True,True,True,True,True,True,False,True,swerve_left,1.0,1.4418435096740723,400
keep,False,True,True,True,True,True,True,False,True,swerve_right,1.0,1.4966554641723633,400
keep,True,False,False,False,False,False,False,False,True,change_to_left,1.0,1.4829015731811523,401
keep,True,False,False,False,False,False,False,False,True,change_to_right,1.0,1.4935784339904785,401
keep,True,False,False,False,False,False,False,False,True,cruise,1.0,1.4493658542633057,401
keep,True,False,False,False,False,False,False,False,True,keep,1.0,1.502624273300171,401
keep,True,False,False,False,False,False,False,False,True,swerve_left,1.0,1.4289960861206055,401
keep,True,False,False,False,False,False,False,False,True,swerve_right,1.0,1.5004301071166992,401
keep,True,False,False,False,False,False,True,False,True,change_to_left,1.0,1.5040555000305176,402
keep,True,False,False,False,False,False,True,False,True,change_to_right,1.0,1.464036226272583,402
keep,True,False,False,False,False,False,True,False,True,cruise,1.0,1.460395336151123,402
keep,True,False,False,False,False,False,True,False,True,keep,1.0,1.4860787391662598,402
keep,True,False,False,False,False,False,True,False,True,swerve_left,1.0,1.423279047012329,402
keep,True,False,False,False,False,False,True,False,True,swerve_right,1.0,1.4777235984802246,402
keep,True,False,False,False,False,True,False,False,True,change_to_left,1.0,1.5117099285125732,403
keep,True,False,False,False,False,True,False,False,True,change_to_right,1.0,1.4814801216125488,403
keep,True,False,False,False,False,True,False,False,True,cruise,1.0,1.4411063194274902,403
keep,True,False,False,False,False,True,False,False,True,keep,1.0,1.503828763961792,403
keep,True,False,False,False,False,True,False,False,True,swerve_left,1.0,1.4315924644470215,403
keep,True,False,False,False,False,True,False,False,True,swerve_right,1.0,1.4801487922668457,403
keep,True,False,False,False,False,True,True,False,True,change_to_left,1.0,1.486119270324707,404
keep,True,False,False,False,False,True,True,False,True,change_to_right,1.0,1.4788777828216553,404
keep,True,False,False,False,False,True,True,False,True,cruise,1.0,1.4436323642730713,404
keep,True,False,False,False,False,True,True,False,True,keep,1.0,1.483574390411377,404
keep,True,False,False,False,False,True,True,False,True,swerve_left,1.0,1.412046194076538,404
keep,True,False,False,False,False,True,True,False,True,swerve_right,1.0,1.4744839668273926,404
keep,True,False,False,False,True,False,False,False,True,change_to_left,1.0,1.4861836433410645,405
keep,True,False,False,False,True,False,False,False,True,change_to_right,1.0,1.4849820137023926,405
keep,True,False,False,False,True,False,False,False,True,cruise,1.0,1.440279245376587,405
keep,True,False,False,False,True,False,False,False,True,keep,1.0,1.4759576320648193,405
keep,True,False,False,False,True,False,False,False,True,swerve_left,1.0,1.4218075275421143,405
keep,True,False,False,False,True,False,False,False,True,swerve_right,1.0,1.470979928970337,405
keep,True,False,False,False,True,False,True,False,True,change_to_left,1.0,1.5136783123016357,406
keep,True,False,False,False,True,False,True,False,True,change_to_right,1.0,1.481177568435669,406
keep,True,False,False,False,True,False,True,False,True,cruise,1.0,1.4565141201019287,406
keep,True,False,False,False,True,False,True,False,True,keep,1.0,1.4888155460357666,406
keep,True,False,False,False,True,False,True,False,True,swerve_left,1.0,1.4447710514068604,406
keep,True,False,False,False,True,False,True,False,True,swerve_right,1.0,1.516040563583374,406
keep,True,False,False,False,True,True,False,False,True,change_to_left,1.0,1.5014314651489258,407
keep,True,False,False,False,True,True,False,False,True,change_to_right,1.0,1.4750041961669922,407
keep,True,False,False,False,True,True,False,False,True,cruise,1.0,1.450446367263794,407
keep,True,False,False,False,True,True,False,False,True,keep,1.0,1.4936842918395996,407
keep,True,False,False,False,True,True,False,False,True,swerve_left,1.0,1.447418451309204,407
keep,True,False,False,False,True,True,False,False,True,swerve_right,1.0,1.5150537490844727,407
keep,True,False,False,False,True,True,True,False,True,change_to_left,1.0,1.4989733695983887,408
keep,True,False,False,False,True,True,True,False,True,change_to_right,1.0,1.4985978603363037,408
keep,True,False,False,False,True,True,True,False,True,cruise,1.0,1.4331080913543701,408
keep,True,False,False,False,True,True,True,False,True,keep,1.0,1.5171988010406494,408
keep,True,False,False,False,True,True,True,False,True,swerve_left,1.0,1.4640164375305176,408
keep,True,False,False,False,True,True,True,False,True,swerve_right,1.0,1.497377634048462,408
keep,True,False,False,True,False,False,False,False,True,change_to_left,1.0,1.5064640045166016,409
keep,True,False,False,True,False,False,False,False,True,change_to_right,1.0,1.4830741882324219,409
keep,True,False,False,True,False,False,False,False,True,cruise,1.0,1.45231032371521,409
keep,True,False,False,True,False,False,False,False,True,keep,1.0,1.5064682960510254,409
keep,True,False,False,True,False,False,False,False,True,swerve_left,1.0,1.4481427669525146,409
keep,True,False,False,True,False,False,False,False,True,swerve_right,1.0,1.479386329650879,409
change_to_left,True,False,False,True,False,False,True,False,True,change_to_left,1.0,1.4616143703460693,410
change_to_left,True,False,False,True,False,False,True,False,True,change_to_right,1.0,1.4957642555236816,410
change_to_left,True,False,False,True,False,False,True,False,True,cruise,1.0,1.4399523735046387,410
change_to_left,True,False,False,True,False,False,True,False,True,keep,1.0,1.4746348857879639,410
change_to_left,True,False,False,True,False,False,True,False,True,swerve_left,1.0,1.4436588287353516,410
change_to_left,True,False,False,True,False,False,True,False,True,swerve_right,1.0,1.4653832912445068,410
keep,True,False,False,True,False,False,True,False,True,change_to_left,1.0,1.479341983795166,411
keep,True,False,False,True,False,False,True,False,True,change_to_right,1.0,1.4824109077453613,411
keep,True,False,False,True,False,False,True,False,True,cruise,1.0,1.4212651252746582,411
keep,True,False,False,True,False,False,True,False,True,keep,1.0,1.4655520915985107,411
keep,True,False,False,True,False,False,True,False,True,swerve_left,1.0,1.4285564422607422,411
keep,True,False,False,True,False,False,True,False,True,swerve_right,1.0,1.4753925800323486,411
keep,True,False,False,True,False,True,False,False,True,change_to_left,1.0,1.521327257156372,412
keep,True,False,False,True,False,True,False,False,True,change_to_right,1.0,1.505769968032837,412
keep,True,False,False,True,False,True,False,False,True,cruise,1.0,1.4722216129302979,412
keep,True,False,False,True,False,True,False,False,True,keep,1.0,1.518918514251709,412
keep,True,False,False,True,False,True,False,False,True,swerve_left,1.0,1.5012502670288086,412
keep,True,False,False,True,False,True,False,False,True,swerve_right,1.0,1.5120530128479004,412
change_to_left,True,False,False,True,False,True,True,False,True,change_to_left,1.0,1.4912195205688477,413
change_to_left,True,False,False,True,False,True,True,False,True,change_to_right,1.0,1.4771723747253418,413
change_to_left,True,False,False,True,False,True,True,False,True,cruise,1.0,1.4552319049835205,413
change_to_left,True,False,False,True,False,True,True,False,True,keep,1.0,1.5033185482025146,413
change_to_left,True,False,False,True,False,True,True,False,True,swerve_left,1.0,1.4397499561309814,413
change_to_left,True,False,False,True,False,True,True,False,True,swerve_right,1.0,1.5337166786193848,413
keep,True,False,False,True,False,True,True,False,True,change_to_left,1.0,1.4818730354309082,414
keep,True,False,False,True,False,True,True,False,True,change_to_right,1.0,1.4968910217285156,414
keep,True,False,False,True,False,True,True,False,True,cruise,1.0,1.4122624397277832,414
keep,True,False,False,True,False,True,True,False,True,keep,1.0,1.4864373207092285,414
keep,True,False,False,True,False,True,True,False,True,swerve_left,1.0,1.4350018501281738,414
keep,True,False,False,True,False,True,True,False,True,swerve_right,1.0,1.4952199459075928,414
keep,True,False,False,True,True,False,False,False,True,change_to_left,1.0,1.4693331718444824,415
keep,True,False,False,True,True,False,False,False,True,change_to_right,1.0,1.4790863990783691,415
keep,True,False,False,True,True,False,False,False,True,cruise,1.0,1.4336111545562744,415
keep,True,False,False,True,True,False,False,False,True,keep,1.0,1.4891724586486816,415
keep,True,False,False,True,True,False,False,False,True,swerve_left,1.0,1.4503719806671143,415
keep,True,False,False,True,True,False,False,False,True,swerve_right,1.0,1.4763665199279785,415
change_to_left,True,False,False,True,True,False,True,False,True,change_to_left,1.0,1.5059583187103271,416
change_to_left,True,False,False,True,True,False,True,False,True,change_to_right,1.0,1.4915821552276611,416
change_to_left,True,False,False,True,True,False,True,False,True,cruise,1.0,1.466972827911377,416
change_to_left,True,False,False,True,True,False,True,False,True,keep,1.0,1.5010552406311035,416
change_to_left,True,False,False,True,True,False,True,False,True,swerve_left,1.0,1.468163013458252,416
change_to_left,True,False,False,True,True,False,True,False,True,swerve_right,1.0,1.5128297805786133,416
keep,True,False,False,True,True,False,True,False,True,change_to_left,1.0,1.5018024444580078,417
keep,True,False,False,True,True,False,True,False,True,change_to_right,1.0,1.4776992797851562,417
keep,True,False,False,True,True,False,True,False,True,cruise,1.0,1.438166618347168,417
keep,True,False,False,True,True,False,True,False,True,keep,1.0,1.4957480430603027,417
keep,True,False,False,True,True,False,True,False,True,swerve_left,1.0,1.4418928623199463,417
keep,True,False,False,True,True,False,True,False,True,swerve_right,1.0,1.4995391368865967,417
keep,True,False,False,True,True,True,False,False,True,change_to_left,1.0,1.4961292743682861,418
keep,True,False,False,True,True,True,False,False,True,change_to_right,1.0,1.481353521347046,418
keep,True,False,False,True,True,True,False,False,True,cruise,1.0,1.4624056816101074,418
keep,True,False,False,True,True,True,False,False,True,keep,1.0,1.516679048538208,418
keep,True,False,False,True,True,True,False,False,True,swerve_left,1.0,1.4331228733062744,418
keep,True,False,False,True,True,True,False,False,True,swerve_right,1.0,1.4974169731140137,418
change_to_left,True,False,False,True,True,True,True,False,True,change_to_left,1.0,1.4997024536132812,419
change_to_left,True,False,False,True,True,True,True,False,True,change_to_right,1.0,1.4783129692077637,419
change_to_left,True,False,False,True,True,True,True,False,True,cruise,1.0,1.434913158416748,419
change_to_left,True,False,False,True,True,True,True,False,True,keep,1.0,1.5009238719940186,419
change_to_left,True,False,False,True,True,True,True,False,True,swerve_left,1.0,1.4278206825256348,419
change_to_left,True,False,False,True,True,True,True,False,True,swerve_right,1.0,1.494013786315918,419
keep,True,False,False,True,True,True,True,False,True,change_to_left,1.0,1.505185842514038,420
keep,True,False,False,True,True,True,True,False,True,change_to_right,1.0,1.5006725788116455,420
keep,True,False,False,True,True,True,True,False,True,cruise,1.0,1.422435998916626,420
keep,True,False,False,True,True,True,True,False,True,keep,1.0,1.4832942485809326,420
keep,True,False,False,True,True,True,True,False,True,swerve_left,1.0,1.441685438156128,420
keep,True,False,False,True,True,True,True,False,True,swerve_right,1.0,1.5224003791809082,420
cruise,True,False,True,False,False,False,False,False,True,change_to_left,1.0,1.4980359077453613,421
cruise,True,False,True,False,False,False,False,False,True,change_to_right,1.0,1.4841883182525635,421
cruise,True,False,True,False,False,False,False,False,True,cruise,1.0,1.441314935684204,421
cruise,True,False,True,False,False,False,False,False,True,keep,1.0,1.5014064311981201,421
cruise,True,False,True,False,False,False,False,False,True,swerve_left,1.0,1.4689912796020508,421
cruise,True,False,True,False,False,False,False,False,True,swerve_right,1.0,1.4884905815124512,421
keep,True,False,True,False,False,False,False,False,True,change_to_left,1.0,1.4937028884887695,422
keep,True,False,True,False,False,False,False,False,True,change_to_right,1.0,1.4851353168487549,422
keep,True,False,True,False,False,False,False,False,True,cruise,1.0,1.4426789283752441,422
keep,True,False,True,False,False,False,False,False,True,keep,1.0,1.487044334411621,422
keep,True,False,True,False,False,False,False,False,True,swerve_left,1.0,1.4674410820007324,422
keep,True,False,True,False,False,False,False,False,True,swerve_right,1.0,1.4932835102081299,422
cruise,True,False,True,False,False,False,True,False,True,change_to_left,1.0,1.526550054550171,423
cruise,True,False,True,False,False,False,True,False,True,change_to_right,1.0,1.4809625148773193,423
cruise,True,False,True,False,False,False,True,False,True,cruise,1.0,1.458266019821167,423
cruise,True,False,True,False,False,False,True,False,True,keep,1.0,1.5149338245391846,423
cruise,True,False,True,False,False,False,True,False,True,swerve_left,1.0,1.4496064186096191,423
cruise,True,False,True,False,False,False,True,False,True,swerve_right,1.0,1.5000801086425781,423
keep,True,False,True,False,False,False,True,False,True,change_to_left,1.0,1.4856188297271729,424
keep,True,False,True,False,False,False,True,False,True,change_to_right,1.0,1.4877870082855225,424
keep,True,False,True,False,False,False,True,False,True,cruise,1.0,1.4576740264892578,424
keep,True,False,True,False,False,False,True,False,True,keep,1.0,1.4821889400482178,424
keep,True,False,True,False,False,False,True,False,True,swerve_left,1.0,1.449169397354126,424
keep,True,False,True,False,False,False,True,False,True,swerve_right,1.0,1.4952294826507568,424
cruise,True,False,True,False,False,True,False,False,True,change_to_left,1.0,1.4935181140899658,425
cruise,True,False,True,False,False,True,False,False,True,change_to_right,1.0,1.4789233207702637,425
cruise,True,False,True,False,False,True,False,False,True,cruise,1.0,1.4680497646331787,425
cruise,True,False,True,False,False,True,False,False,True,keep,1.0,1.4836924076080322,425
cruise,True,False,True,False,False,True,False,False,True,swerve_left,1.0,1.4555094242095947,425
cruise,True,False,True,False,False,True,False,False,True,swerve_right,1.0,1.4837188720703125,425
keep,True,False,True,False,False,True,False,False,True,change_to_left,1.0,1.5487165451049805,426
keep,True,False,True,False,False,True,False,False,True,change_to_right,1.0,1.491253137588501,426
keep,True,False,True,False,False,True,False,False,True,cruise,1.0,1.4459059238433838,426
keep,True,False,True,False,False,True,False,False,True,keep,1.0,1.4947776794433594,426
keep,True,False,True,False,False,True,False,False,True,swerve_left,1.0,1.4688365459442139,426
keep,True,False,True,False,False,True,False,False,True,swerve_right,1.0,1.5030925273895264,426
cruise,True,False,True,False,False,True,True,False,True,change_to_left,1.0,1.4660923480987549,427
cruise,True,False,True,False,False,True,True,False,True,change_to_right,1.0,1.5087308883666992,427
cruise,True,False,True,False,False,True,True,False,True,cruise,1.0,1.4382600784301758,427
cruise,True,False,True,False,False,True,True,False,True,keep,1.0,1.468113660812378,427
cruise,True,False,True,False,False,True,True,False,True,swerve_left,1.0,1.4476120471954346,427
cruise,True,False,True,False,False,True,True,False,True,swerve_right,1.0,1.4855763912200928,427
keep,True,False,True,False,False,True,True,False,True,change_to_left,1.0,1.4645318984985352,428
keep,True,False,True,False,False,True,True,False,True,change_to_right,1.0,1.490626335144043,428
keep,True,False,True,False,False,True,True,False,True,cruise,1.0,1.4356982707977295,428
keep,True,False,True,False,False,True,True,False,True,keep,1.0,1.489048957824707,428
keep,True,False,True,False,False,True,True,False,True,swerve_left,1.0,1.4494824409484863,428
keep,True,False,True,False,False,True,True,False,True,swerve_right,1.0,1.4947960376739502,428
cruise,True,False,True,False,True,False,False,False,True,change_to_left,1.0,1.559225082397461,429
cruise,True,False,True,False,True,False,False,False,True,change_to_right,1.0,1.4836864471435547,429
cruise,True,False,True,False,True,False,False,False,True,cruise,1.0,1.4707365036010742,429
cruise,True,False,True,False,True,False,False,False,True,keep,1.0,1.5154211521148682,429
cruise,True,False,True,False,True,False,False,False,True,swerve_left,1.0,1.4641804695129395,429
cruise,True,False,True,False,True,False,False,False,True,swerve_right,1.0,1.4974918365478516,429
keep,True,False,True,False,True,False,False,False,True,change_to_left,1.0,1.508918046951294,430
keep,True,False,True,False,True,False,False,False,True,change_to_right,1.0,1.4905261993408203,430
keep,True,False,True,False,True,False,False,False,True,cruise,1.0,1.4328997135162354,430
keep,True,False,True,False,True,False,False,False,True,keep,1.0,1.4927072525024414,430
keep,True,False,True,False,True,False,False,False,True,swerve_left,1.0,1.4651942253112793,430
keep,True,False,True,False,True,False,False,False,True,swerve_right,1.0,1.477149486541748,430
cruise,True,False,True,False,True,False,True,False,True,change_to_left,1.0,1.5067973136901855,431
cruise,True,False,True,False,True,False,True,False,True,change_to_right,1.0,1.4986045360565186,431
cruise,True,False,True,False,True,False,True,False,True,cruise,1.0,1.4501495361328125,431
cruise,True,False,True,False,True,False,True,False,True,keep,1.0,1.5094516277313232,431
cruise,True,False,True,False,True,False,True,False,True,swerve_left,1.0,1.4553399085998535,431
cruise,True,False,True,False,True,False,True,False,True,swerve_right,1.0,1.517953634262085,431
keep,True,False,True,False,True,False,True,False,True,change_to_left,1.0,1.5010995864868164,432
keep,True,False,True,False,True,False,True,False,True,change_to_right,1.0,1.4962456226348877,432
keep,True,False,True,False,True,False,True,False,True,cruise,1.0,1.4650371074676514,432
keep,True,False,True,False,True,False,True,False,True,keep,1.0,1.499021291732788,432
keep,True,False,True,False,True,False,True,False,True,swerve_left,1.0,1.4630889892578125,432
keep,True,False,True,False,True,False,True,False,True,swerve_right,1.0,1.5735375881195068,432
cruise,True,False,True,False,True,True,False,False,True,change_to_left,1.0,1.5213353633880615,433
cruise,True,False,True,False,True,True,False,False,True,change_to_right,1.0,1.488321304321289,433
cruise,True,False,True,False,True,True,False,False,True,cruise,1.0,1.4462454319000244,433
cruise,True,False,True,False,True,True,False,False,True,keep,1.0,1.4993312358856201,433
cruise,True,False,True,False,True,True,False,False,True,swerve_left,1.0,1.4493293762207031,433
cruise,True,False,True,False,True,True,False,False,True,swerve_right,1.0,1.5055148601531982,433
keep,True,False,True,False,True,True,False,False,True,change_to_left,1.0,1.5123624801635742,434
keep,True,False,True,False,True,True,False,False,True,change_to_right,1.0,1.4993748664855957,434
keep,True,False,True,False,True,True,False,False,True,cruise,1.0,1.4480535984039307,434
keep,True,False,True,False,True,True,False,False,True,keep,1.0,1.5145654678344727,434
keep,True,False,True,False,True,True,False,False,True,swerve_left,1.0,1.4685585498809814,434
keep,True,False,True,False,True,True,False,False,True,swerve_right,1.0,1.505152702331543,434
cruise,True,False,True,False,True,True,True,False,True,change_to_left,1.0,1.474656105041504,435
cruise,True,False,True,False,True,True,True,False,True,change_to_right,1.0,1.4827642440795898,435
cruise,True,False,True,False,True,True,True,False,True,cruise,1.0,1.4404771327972412,435
cruise,True,False,True,False,True,True,True,False,True,keep,1.0,1.4764304161071777,435
cruise,True,False,True,False,True,True,True,False,True,swerve_left,1.0,1.436488389968872,435
cruise,True,False,True,False,True,True,True,False,True,swerve_right,1.0,1.4929766654968262,435
keep,True,False,True,False,True,True,True,False,True,change_to_left,1.0,1.4830107688903809,436
keep,True,False,True,False,True,True,True,False,True,change_to_right,1.0,1.4853088855743408,436
keep,True,False,True,False,True,True,True,False,True,cruise,1.0,1.4289131164550781,436
keep,True,False,True,False,True,True,True,False,True,keep,1.0,1.4730372428894043,436
keep,True,False,True,False,True,True,True,False,True,swerve_left,1.0,1.4462296962738037,436
keep,True,False,True,False,True,True,True,False,True,swerve_right,1.0,1.4714434146881104,436
cruise,True,False,True,True,False,False,False,False,True,change_to_left,1.0,1.5049006938934326,437
cruise,True,False,True,True,False,False,False,False,True,change_to_right,1.0,1.4939680099487305,437
cruise,True,False,True,True,False,False,False,False,True,cruise,1.0,1.4703619480133057,437
cruise,True,False,True,True,False,False,False,False,True,keep,1.0,1.5202391147613525,437
cruise,True,False,True,True,False,False,False,False,True,swerve_left,1.0,1.482480764389038,437
cruise,True,False,True,True,False,False,False,False,True,swerve_right,1.0,1.500525712966919,437
keep,True,False,True,True,False,False,False,False,True,change_to_left,1.0,1.5097448825836182,438
keep,True,False,True,True,False,False,False,False,True,change_to_right,1.0,1.4811224937438965,438
keep,True,False,True,True,False,False,False,False,True,cruise,1.0,1.456319808959961,438
keep,True,False,True,True,False,False,False,False,True,keep,1.0,1.517652988433838,438
keep,True,False,True,True,False,False,False,False,True,swerve_left,1.0,1.4489519596099854,438
keep,True,False,True,True,False,False,False,False,True,swerve_right,1.0,1.5012431144714355,438
change_to_left,True,False,True,True,False,False,True,False,True,change_to_left,1.0,1.4636447429656982,439
change_to_left,True,False,True,True,False,False,True,False,True,change_to_right,1.0,1.4523351192474365,439
change_to_left,True,False,True,True,False,False,True,False,True,cruise,1.0,1.4344890117645264,439
change_to_left,True,False,True,True,False,False,True,False,True,keep,1.0,1.4599945545196533,439
change_to_left,True,False,True,True,False,False,True,False,True,swerve_left,1.0,1.430037260055542,439
change_to_left,True,False,True,True,False,False,True,False,True,swerve_right,1.0,1.4633991718292236,439
cruise,True,False,True,True,False,False,True,False,True,change_to_left,1.0,1.499577522277832,440
cruise,True,False,True,True,False,False,True,False,True,change_to_right,1.0,1.4905943870544434,440
cruise,True,False,True,True,False,False,True,False,True,cruise,1.0,1.471632957458496,440
cruise,True,False,True,True,False,False,True,False,True,keep,1.0,1.5111992359161377,440
cruise,True,False,True,True,False,False,True,False,True,swerve_left,1.0,1.4547367095947266,440
cruise,True,False,True,True,False,False,True,False,True,swerve_right,1.0,1.5128254890441895,440
keep,True,False,True,True,False,False,True,False,True,change_to_left,1.0,1.5224614143371582,441
keep,True,False,True,True,False,False,True,False,True,change_to_right,1.0,1.4928979873657227,441
keep,True,False,True,True,False,False,True,False,True,cruise,1.0,1.4426805973052979,441
keep,True,False,True,True,False,False,True,False,True,keep,1.0,1.5081558227539062,441
keep,True,False,True,True,False,False,True,False,True,swerve_left,1.0,1.4651286602020264,441
keep,True,False,True,True,False,False,True,False,True,swerve_right,1.0,1.4830467700958252,441
cruise,True,False,True,True,False,True,False,False,True,change_to_left,1.0,1.4960007667541504,442
cruise,True,False,True,True,False,True,False,False,True,change_to_right,1.0,1.4892559051513672,442
cruise,True,False,True,True,False,True,False,False,True,cruise,1.0,1.4612922668457031,442
cruise,True,False,True,True,False,True,False,False,True,keep,1.0,1.4919276237487793,442
cruise,True,False,True,True,False,True,False,False,True,swerve_left,1.0,1.451719045639038,442
cruise,True,False,True,True,False,True,False,False,True,swerve_right,1.0,1.5065021514892578,442
keep,True,False,True,True,False,True,False,False,True,change_to_left,1.0,1.5092928409576416,443
keep,True,False,True,True,False,True,False,False,True,change_to_right,1.0,1.49782133102417,443
keep,True,False,True,True,False,True,False,False,True,cruise,1.0,1.446737289428711,443
keep,True,False,True,True,False,True,False,False,True,keep,1.0,1.4939417839050293,443
keep,True,False,True,True,False,True,False,False,True,swerve_left,1.0,1.468834400177002,443
keep,True,False,True,True,False,True,False,False,True,swerve_right,1.0,1.5194578170776367,443
change_to_left,True,False,True,True,False,True,True,False,True,change_to_left,1.0,1.4903228282928467,444
change_to_left,True,False,True,True,False,True,True,False,True,change_to_right,1.0,1.4677364826202393,444
change_to_left,True,False,True,True,False,True,True,False,True,cruise,1.0,1.4572293758392334,444
change_to_left,True,False,True,True,False,True,True,False,True,keep,1.0,1.5648753643035889,444
change_to_left,True,False,True,True,False,True,True,False,True,swerve_left,1.0,1.4660923480987549,444
change_to_left,True,False,True,True,False,True,True,False,True,swerve_right,1.0,1.5072097778320312,444
cruise,True,False,True,True,False,True,True,False,True,change_to_left,1.0,1.4999558925628662,445
cruise,True,False,True,True,False,True,True,False,True,change_to_right,1.0,1.4874451160430908,445
cruise,True,False,True,True,False,True,True,False,True,cruise,1.0,1.437713384628296,445
cruise,True,False,True,True,False,True,True,False,True,keep,1.0,1.513702392578125,445
cruise,True,False,True,True,False,True,True,False,True,swerve_left,1.0,1.4733281135559082,445
cruise,True,False,True,True,False,True,True,False,True,swerve_right,1.0,1.4993619918823242,445
keep,True,False,True,True,False,True,True,False,True,change_to_left,1.0,1.4862191677093506,446
keep,True,False,True,True,False,True,True,False,True,change_to_right,1.0,1.468475103378296,446
keep,True,False,True,True,False,True,True,False,True,cruise,1.0,1.4340128898620605,446
keep,True,False,True,True,False,True,True,False,True,keep,1.0,1.498525857925415,446
keep,True,False,True,True,False,True,True,False,True,swerve_left,1.0,1.4334065914154053,446
keep,True,False,True,True,False,True,True,False,True,swerve_right,1.0,1.4826385974884033,446
cruise,True,False,True,True,True,False,False,False,True,change_to_left,1.0,1.5137016773223877,447
cruise,True,False,True,True,True,False,False,False,True,change_to_right,1.0,1.5081279277801514,447
cruise,True,False,True,True,True,False,False,False,True,cruise,1.0,1.4576547145843506,447
cruise,True,False,True,True,True,False,False,False,True,keep,1.0,1.5215389728546143,447
cruise,True,False,True,True,True,False,False,False,True,swerve_left,1.0,1.4789466857910156,447
cruise,True,False,True,True,True,False,False,False,True,swerve_right,1.0,1.4967262744903564,447
keep,True,False,True,True,True,False,False,False,True,change_to_left,1.0,1.508434534072876,448
keep,True,False,True,True,True,False,False,False,True,change_to_right,1.0,1.4892477989196777,448
keep,True,False,True,True,True,False,False,False,True,cruise,1.0,1.4805710315704346,448
keep,True,False,True,True,True,False,False,False,True,keep,1.0,1.5021803379058838,448
keep,True,False,True,True,True,False,False,False,True,swerve_left,1.0,1.4509696960449219,448
keep,True,False,True,True,True,False,False,False,True,swerve_right,1.0,1.5045480728149414,448
change_to_left,True,False,True,True,True,False,True,False,True,change_to_left,1.0,1.4785737991333008,449
change_to_left,True,False,True,True,True,False,True,False,True,change_to_right,1.0,1.4718093872070312,449
change_to_left,True,False,True,True,True,False,True,False,True,cruise,1.0,1.4411630630493164,449
change_to_left,True,False,True,True,True,False,True,False,True,keep,1.0,1.4917492866516113,449
change_to_left,True,False,True,True,True,False,True,False,True,swerve_left,1.0,1.4472978115081787,449
change_to_left,True,False,True,True,True,False,True,False,True,swerve_right,1.0,1.4890868663787842,449
cruise,True,False,True,True,True,False,True,False,True,change_to_left,1.0,1.5061109066009521,450
cruise,True,False,True,True,True,False,True,False,True,change_to_right,1.0,1.4821515083312988,450
cruise,True,False,True,True,True,False,True,False,True,cruise,1.0,1.4632542133331299,450
cruise,True,False,True,True,True,False,True,False,True,keep,1.0,1.4964935779571533,450
cruise,True,False,True,True,True,False,True,False,True,swerve_left,1.0,1.4736475944519043,450
cruise,True,False,True,True,True,False,True,False,True,swerve_right,1.0,1.5402657985687256,450
keep,True,False,True,True,True,False,True,False,True,change_to_left,1.0,1.5021533966064453,451
keep,True,False,True,True,True,False,True,False,True,change_to_right,1.0,1.490190029144287,451
keep,True,False,True,True,True,False,True,False,True,cruise,1.0,1.4742786884307861,451
keep,True,False,True,True,True,False,True,False,True,keep,1.0,1.510817050933838,451
keep,True,False,True,True,True,False,True,False,True,swerve_left,1.0,1.452770471572876,451
keep,True,False,True,True,True,False,True,False,True,swerve_right,1.0,1.5162842273712158,451
cruise,True,False,True,True,True,True,False,False,True,change_to_left,1.0,1.4910764694213867,452
cruise,True,False,True,True,True,True,False,False,True,change_to_right,1.0,1.487389087677002,452
cruise,True,False,True,True,True,True,False,False,True,cruise,1.0,1.468681812286377,452
cruise,True,False,True,True,True,True,False,False,True,keep,1.0,1.4656062126159668,452
cruise,True,False,True,True,True,True,False,False,True,swerve_left,1.0,1.436241626739502,452
cruise,True,False,True,True,True,True,False,False,True,swerve_right,1.0,1.477745771408081,452
keep,True,False,True,True,True,True,False,False,True,change_to_left,1.0,1.5004420280456543,453
keep,True,False,True,True,True,True,False,False,True,change_to_right,1.0,1.5087122917175293,453
keep,True,False,True,True,True,True,False,False,True,cruise,1.0,1.4619531631469727,453
keep,True,False,True,True,True,True,False,False,True,keep,1.0,1.4969217777252197,453
keep,True,False,True,True,True,True,False,False,True,swerve_left,1.0,1.4582371711730957,453
keep,True,False,True,True,True,True,False,False,True,swerve_right,1.0,1.50376558303833,453
change_to_left,True,False,True,True,True,True,True,False,True,change_to_left,1.0,1.5116541385650635,454
change_to_left,True,False,True,True,True,True,True,False,True,change_to_right,1.0,1.5055296421051025,454
change_to_left,True,False,True,True,True,True,True,False,True,cruise,1.0,1.4675862789154053,454
change_to_left,True,False,True,True,True,True,True,False,True,keep,1.0,1.5023975372314453,454
change_to_left,True,False,True,True,True,True,True,False,True,swerve_left,1.0,1.4613499641418457,454
change_to_left,True,False,True,True,True,True,True,False,True,swerve_right,1.0,1.5115818977355957,454
cruise,True,False,True,True,True,True,True,False,True,change_to_left,1.0,1.5312228202819824,455
cruise,True,False,True,True,True,True,True,False,True,change_to_right,1.0,1.5022075176239014,455
cruise,True,False,True,True,True,True,True,False,True,cruise,1.0,1.451664686203003,455
cruise,True,False,True,True,True,True,True,False,True,keep,1.0,1.5097992420196533,455
cruise,True,False,True,True,True,True,True,False,True,swerve_left,1.0,1.457733392715454,455
cruise,True,False,True,True,True,True,True,False,True,swerve_right,1.0,1.5182597637176514,455
keep,True,False,True,True,True,True,True,False,True,change_to_left,1.0,1.4800608158111572,456
keep,True,False,True,True,True,True,True,False,True,change_to_right,1.0,1.4800946712493896,456
keep,True,False,True,True,True,True,True,False,True,cruise,1.0,1.419032335281372,456
keep,True,False,True,True,True,True,True,False,True,keep,1.0,1.496058464050293,456
keep,True,False,True,True,True,True,True,False,True,swerve_left,1.0,1.4221141338348389,456
keep,True,False,True,True,True,True,True,False,True,swerve_right,1.0,1.4899849891662598,456
keep,True,True,False,False,False,False,False,False,True,change_to_left,1.0,1.4775784015655518,457
keep,True,True,False,False,False,False,False,False,True,change_to_right,1.0,1.4875967502593994,457
keep,True,True,False,False,False,False,False,False,True,cruise,1.0,1.4279148578643799,457
keep,True,True,False,False,False,False,False,False,True,keep,1.0,1.4761769771575928,457
keep,True,True,False,False,False,False,False,False,True,swerve_left,1.0,1.4606528282165527,457
keep,True,True,False,False,False,False,False,False,True,swerve_right,1.0,1.471928596496582,457
keep,True,True,False,False,False,False,True,False,True,change_to_left,1.0,1.511063575744629,458
keep,True,True,False,False,False,False,True,False,True,change_to_right,1.0,1.4912312030792236,458
keep,True,True,False,False,False,False,True,False,True,cruise,1.0,1.4637444019317627,458
keep,True,True,False,False,False,False,True,False,True,keep,1.0,1.5227787494659424,458
keep,True,True,False,False,False,False,True,False,True,swerve_left,1.0,1.4497132301330566,458
keep,True,True,False,False,False,False,True,False,True,swerve_right,1.0,1.4920907020568848,458
keep,True,True,False,False,False,True,False,False,True,change_to_left,1.0,1.500889778137207,459
keep,True,True,False,False,False,True,False,False,True,change_to_right,1.0,1.4879679679870605,459
keep,True,True,False,False,False,True,False,False,True,cruise,1.0,1.4497289657592773,459
keep,True,True,False,False,False,True,False,False,True,keep,1.0,1.500377893447876,459
keep,True,True,False,False,False,True,False,False,True,swerve_left,1.0,1.4647424221038818,459
keep,True,True,False,False,False,True,False,False,True,swerve_right,1.0,1.4909820556640625,459
keep,True,True,False,False,False,True,True,False,True,change_to_left,1.0,1.5001018047332764,460
keep,True,True,False,False,False,True,True,False,True,change_to_right,1.0,1.4875340461730957,460
keep,True,True,False,False,False,True,True,False,True,cruise,1.0,1.4753074645996094,460
keep,True,True,False,False,False,True,True,False,True,keep,1.0,1.510465145111084,460
keep,True,True,False,False,False,True,True,False,True,swerve_left,1.0,1.442204236984253,460
keep,True,True,False,False,False,True,True,False,True,swerve_right,1.0,1.5166041851043701,460
keep,True,True,False,False,True,False,False,False,True,change_to_left,1.0,1.5129635334014893,461
keep,True,True,False,False,True,False,False,False,True,change_to_right,1.0,1.4844329357147217,461
keep,True,True,False,False,True,False,False,False,True,cruise,1.0,1.4761223793029785,461
keep,True,True,False,False,True,False,False,False,True,keep,1.0,1.5202174186706543,461
keep,True,True,False,False,True,False,False,False,True,swerve_left,1.0,1.4784345626831055,461
keep,True,True,False,False,True,False,False,False,True,swerve_right,1.0,1.490628957748413,461
keep,True,True,False,False,True,False,True,False,True,change_to_left,1.0,1.4960737228393555,462
keep,True,True,False,False,True,False,True,False,True,change_to_right,1.0,1.5386075973510742,462
keep,True,True,False,False,True,False,True,False,True,cruise,1.0,1.4728174209594727,462
keep,True,True,False,False,True,False,True,False,True,keep,1.0,1.496424913406372,462
keep,True,True,False,False,True,False,True,False,True,swerve_left,1.0,1.4769973754882812,462
keep,True,True,False,False,True,False,True,False,True,swerve_right,1.0,1.521223783493042,462
keep,True,True,False,False,True,True,False,False,True,change_to_left,1.0,1.4905853271484375,463
keep,True,True,False,False,True,True,False,False,True,change_to_right,1.0,1.4912941455841064,463
keep,True,True,False,False,True,True,False,False,True,cruise,1.0,1.459965467453003,463
keep,True,True,False,False,True,True,False,False,True,keep,1.0,1.5289928913116455,463
keep,True,True,False,False,True,True,False,False,True,swerve_left,1.0,1.4697363376617432,463
keep,True,True,False,False,True,True,False,False,True,swerve_right,1.0,1.5133693218231201,463
keep,True,True,False,False,True,True,True,False,True,change_to_left,0.8686300095986951,2.3474020957946777,464
keep,True,True,False,False,True,True,True,False,True,change_to_right,0.8935572742545974,2.2942984104156494,464
keep,True,True,False,False,True,True,True,False,True,cruise,0.21381990582303262,2.325277090072632,464
keep,True,True,False,False,True,True,True,False,True,keep,1.0,1.2573153972625732,464
keep,True,True,False,False,True,True,True,False,True,swerve_left,0.0019488025526309199,2.2827131748199463,464
keep,True,True,False,False,True,True,True,False,True,swerve_right,0.002493012484014449,2.3323559761047363,464
keep,True,True,False,True,False,False,False,False,True,change_to_left,1.0,1.5160717964172363,465
keep,True,True,False,True,False,False,False,False,True,change_to_right,1.0,1.504497766494751,465
keep,True,True,False,True,False,False,False,False,True,cruise,1.0,1.4555039405822754,465
keep,True,True,False,True,False,False,False,False,True,keep,1.0,1.517322301864624,465
keep,True,True,False,True,False,False,False,False,True,swerve_left,1.0,1.4638962745666504,465
keep,True,True,False,True,False,False,False,False,True,swerve_right,1.0,1.5131168365478516,465
change_to_left,True,True,False,True,False,False,True,False,True,change_to_left,1.0,1.4956252574920654,466
change_to_left,True,True,False,True,False,False,True,False,True,change_to_right,1.0,1.4900522232055664,466
change_to_left,True,True,False,True,False,False,True,False,True,cruise,1.0,1.4813258647918701,466
change_to_left,True,True,False,True,False,False,True,False,True,keep,1.0,1.5061659812927246,466
change_to_left,True,True,False,True,False,False,True,False,True,swerve_left,1.0,1.4758343696594238,466
change_to_left,True,True,False,True,False,False,True,False,True,swerve_right,1.0,1.4966182708740234,466
keep,True,True,False,True,False,False,True,False,True,change_to_left,1.0,1.5127158164978027,467
keep,True,True,False,True,False,False,True,False,True,change_to_right,1.0,1.4943881034851074,467
keep,True,True,False,True,False,False,True,False,True,cruise,1.0,1.463515043258667,467
keep,True,True,False,True,False,False,True,False,True,keep,1.0,1.534912109375,467
keep,True,True,False,True,False,False,True,False,True,swerve_left,1.0,1.4379029273986816,467
keep,True,True,False,True,False,False,True,False,True,swerve_right,1.0,1.5236105918884277,467
keep,True,True,False,True,False,True,False,False,True,change_to_left,1.0,1.5167629718780518,468
keep,True,True,False,True,False,True,False,False,True,change_to_right,1.0,1.4883167743682861,468
keep,True,True,False,True,False,True,False,False,True,cruise,1.0,1.4527480602264404,468
keep,True,True,False,True,False,True,False,False,True,keep,1.0,1.5090579986572266,468
keep,True,True,False,True,False,True,False,False,True,swerve_left,1.0,1.4473578929901123,468
keep,True,True,False,True,False,True,False,False,True,swerve_right,1.0,1.4846408367156982,468
change_to_left,True,True,False,True,False,True,True,False,True,change_to_left,1.0,1.5138473510742188,469
change_to_left,True,True,False,True,False,True,True,False,True,change_to_right,1.0,1.5146722793579102,469
change_to_left,True,True,False,True,False,True,True,False,True,cruise,1.0,1.4642701148986816,469
change_to_left,True,True,False,True,False,True,True,False,True,keep,1.0,1.5270047187805176,469
change_to_left,True,True,False,True,False,True,True,False,True,swerve_left,1.0,1.4496970176696777,469
change_to_left,True,True,False,True,False,True,True,False,True,swerve_right,1.0,1.50917649269104,469
keep,True,True,False,True,False,True,True,False,True,change_to_left,1.0,1.4796395301818848,470
keep,True,True,False,True,False,True,True,False,True,change_to_right,1.0,1.4962067604064941,470
keep,True,True,False,True,False,True,True,False,True,cruise,1.0,1.452441930770874,470
keep,True,True,False,True,False,True,True,False,True,keep,1.0,1.4851675033569336,470
keep,True,True,False,True,False,True,True,False,True,swerve_left,1.0,1.4562726020812988,470
keep,True,True,False,True,False,True,True,False,True,swerve_right,1.0,1.499154806137085,470
keep,True,True,False,True,True,False,False,False,True,change_to_left,1.0,1.5120139122009277,471
keep,True,True,False,True,True,False,False,False,True,change_to_right,1.0,1.4846818447113037,471
keep,True,True,False,True,True,False,False,False,True,cruise,1.0,1.4625415802001953,471
keep,True,True,False,True,True,False,False,False,True,keep,1.0,1.5240073204040527,471
keep,True,True,False,True,True,False,False,False,True,swerve_left,1.0,1.4482064247131348,471
keep,True,True,False,True,True,False,False,False,True,swerve_right,1.0,1.481673002243042,471
change_to_left,True,True,False,True,True,False,True,False,True,change_to_left,1.0,1.3397514820098877,472
change_to_left,True,True,False,True,True,False,True,False,True,change_to_right,1.0,1.298534870147705,472
change_to_left,True,True,False,True,True,False,True,False,True,cruise,1.0,1.3354885578155518,472
change_to_left,True,True,False,True,True,False,True,False,True,keep,1.0,1.3130409717559814,472
change_to_left,True,True,False,True,True,False,True,False,True,swerve_left,1.0,1.3003895282745361,472
change_to_left,True,True,False,True,True,False,True,False,True,swerve_right,1.0,1.3523476123809814,472
keep,True,True,False,True,True,False,True,False,True,change_to_left,1.0,1.4959383010864258,473
keep,True,True,False,True,True,False,True,False,True,change_to_right,1.0,1.4959046840667725,473
keep,True,True,False,True,True,False,True,False,True,cruise,1.0,1.4587759971618652,473
keep,True,True,False,True,True,False,True,False,True,keep,1.0,1.4924657344818115,473
keep,True,True,False,True,True,False,True,False,True,swerve_left,1.0,1.4594130516052246,473
keep,True,True,False,True,True,False,True,False,True,swerve_right,1.0,1.624791145324707,473
keep,True,True,False,True,True,True,False,False,True,change_to_left,1.0,1.558305025100708,474
keep,True,True,False,True,True,True,False,False,True,change_to_right,1.0,1.646406650543213,474
keep,True,True,False,True,True,True,False,False,True,cruise,1.0,1.4970288276672363,474
keep,True,True,False,True,True,True,False,False,True,keep,1.0,1.574037790298462,474
keep,True,True,False,True,True,True,False,False,True,swerve_left,1.0,1.55029296875,474
keep,True,True,False,True,True,True,False,False,True,swerve_right,1.0,1.5613362789154053,474
change_to_left,True,True,False,True,True,True,True,False,True,change_to_left,1.0,1.5314037799835205,475
change_to_left,True,True,False,True,True,True,True,False,True,change_to_right,1.0,1.4774580001831055,475
change_to_left,True,True,False,True,True,True,True,False,True,cruise,1.0,1.4477007389068604,475
change_to_left,True,True,False,True,True,True,True,False,True,keep,1.0,1.4788851737976074,475
change_to_left,True,True,False,True,True,True,True,False,True,swerve_left,1.0,1.4305446147918701,475
change_to_left,True,True,False,True,True,True,True,False,True,swerve_right,1.0,1.4973907470703125,475
keep,True,True,False,True,True,True,True,False,True,change_to_left,1.0,1.4907662868499756,476
keep,True,True,False,True,True,True,True,False,True,change_to_right,1.0,1.4770841598510742,476
keep,True,True,False,True,True,True,True,False,True,cruise,1.0,1.4395263195037842,476
keep,True,True,False,True,True,True,True,False,True,keep,1.0,1.484163761138916,476
keep,True,True,False,True,True,True,True,False,True,swerve_left,1.0,1.4141526222229004,476
keep,True,True,False,True,True,True,True,False,True,swerve_right,1.0,1.4986646175384521,476
cruise,True,True,True,False,False,False,False,False,True,change_to_left,1.0,1.5328590869903564,477
cruise,True,True,True,False,False,False,False,False,True,change_to_right,1.0,1.5076394081115723,477
cruise,True,True,True,False,False,False,False,False,True,cruise,1.0,1.4507567882537842,477
cruise,True,True,True,False,False,False,False,False,True,keep,1.0,1.5090558528900146,477
cruise,True,True,True,False,False,False,False,False,True,swerve_left,1.0,1.4755198955535889,477
cruise,True,True,True,False,False,False,False,False,True,swerve_right,1.0,1.494659423828125,477
keep,True,True,True,False,False,False,False,False,True,change_to_left,1.0,1.516324758529663,478
keep,True,True,True,False,False,False,False,False,True,change_to_right,1.0,1.4999973773956299,478
keep,True,True,True,False,False,False,False,False,True,cruise,1.0,1.4591727256774902,478
keep,True,True,True,False,False,False,False,False,True,keep,1.0,1.4824466705322266,478
keep,True,True,True,False,False,False,False,False,True,swerve_left,1.0,1.4703102111816406,478
keep,True,True,True,False,False,False,False,False,True,swerve_right,1.0,1.5221316814422607,478
cruise,True,True,True,False,False,False,True,False,True,change_to_left,1.0,1.5098233222961426,479
cruise,True,True,True,False,False,False,True,False,True,change_to_right,1.0,1.4786243438720703,479
cruise,True,True,True,False,False,False,True,False,True,cruise,1.0,1.4410400390625,479
cruise,True,True,True,False,False,False,True,False,True,keep,1.0,1.5187559127807617,479
cruise,True,True,True,False,False,False,True,False,True,swerve_left,1.0,1.4581220149993896,479
cruise,True,True,True,False,False,False,True,False,True,swerve_right,1.0,1.5195870399475098,479
keep,True,True,True,False,False,False,True,False,True,change_to_left,1.0,1.510448694229126,480
keep,True,True,True,False,False,False,True,False,True,change_to_right,1.0,1.513624906539917,480
keep,True,True,True,False,False,False,True,False,True,cruise,1.0,1.44700026512146,480
keep,True,True,True,False,False,False,True,False,True,keep,1.0,1.4854209423065186,480
keep,True,True,True,False,False,False,True,False,True,swerve_left,1.0,1.4549264907836914,480
keep,True,True,True,False,False,False,True,False,True,swerve_right,1.0,1.5067543983459473,480
cruise,True,True,True,False,False,True,False,False,True,change_to_left,1.0,1.503603458404541,481
cruise,True,True,True,False,False,True,False,False,True,change_to_right,1.0,1.5031893253326416,481
cruise,True,True,True,False,False,True,False,False,True,cruise,1.0,1.467904806137085,481
cruise,True,True,True,False,False,True,False,False,True,keep,1.0,1.5170166492462158,481
cruise,True,True,True,False,False,True,False,False,True,swerve_left,1.0,1.4582815170288086,481
cruise,True,True,True,False,False,True,False,False,True,swerve_right,1.0,1.4999194145202637,481
keep,True,True,True,False,False,True,False,False,True,change_to_left,1.0,1.501377820968628,482
keep,True,True,True,False,False,True,False,False,True,change_to_right,1.0,1.498016595840454,482
keep,True,True,True,False,False,True,False,False,True,cruise,1.0,1.4625189304351807,482
keep,True,True,True,False,False,True,False,False,True,keep,1.0,1.4921467304229736,482
keep,True,True,True,False,False,True,False,False,True,swerve_left,1.0,1.4490489959716797,482
keep,True,True,True,False,False,True,False,False,True,swerve_right,1.0,1.5077886581420898,482
cruise,True,True,True,False,False,True,True,False,True,change_to_left,1.0,1.5035009384155273,483
cruise,True,True,True,False,False,True,True,False,True,change_to_right,1.0,1.4810514450073242,483
cruise,True,True,True,False,False,True,True,False,True,cruise,1.0,1.4492270946502686,483
cruise,True,True,True,False,False,True,True,False,True,keep,1.0,1.4721932411193848,483
cruise,True,True,True,False,False,True,True,False,True,swerve_left,1.0,1.45326566696167,483
cruise,True,True,True,False,False,True,True,False,True,swerve_right,1.0,1.485182285308838,483
keep,True,True,True,False,False,True,True,False,True,change_to_left,1.0,1.5080583095550537,484
keep,True,True,True,False,False,True,True,False,True,change_to_right,1.0,1.4743294715881348,484
keep,True,True,True,False,False,True,True,False,True,cruise,1.0,1.483041524887085,484
keep,True,True,True,False,False,True,True,False,True,keep,1.0,1.5480122566223145,484
keep,True,True,True,False,False,True,True,False,True,swerve_left,1.0,1.4636635780334473,484
keep,True,True,True,False,False,True,True,False,True,swerve_right,1.0,1.4908297061920166,484
cruise,True,True,True,False,True,False,False,False,True,change_to_left,1.0,1.5138623714447021,485
cruise,True,True,True,False,True,False,False,False,True,change_to_right,1.0,1.5095937252044678,485
cruise,True,True,True,False,True,False,False,False,True,cruise,1.0,1.440366506576538,485
cruise,True,True,True,False,True,False,False,False,True,keep,1.0,1.52545166015625,485
cruise,True,True,True,False,True,False,False,False,True,swerve_left,1.0,1.466780662536621,485
cruise,True,True,True,False,True,False,False,False,True,swerve_right,1.0,1.5160942077636719,485
keep,True,True,True,False,True,False,False,False,True,change_to_left,1.0,1.530531406402588,486
keep,True,True,True,False,True,False,False,False,True,change_to_right,1.0,1.545656442642212,486
keep,True,True,True,False,True,False,False,False,True,cruise,1.0,1.5056850910186768,486
keep,True,True,True,False,True,False,False,False,True,keep,1.0,1.546337366104126,486
keep,True,True,True,False,True,False,False,False,True,swerve_left,1.0,1.5669398307800293,486
keep,True,True,True,False,True,False,False,False,True,swerve_right,1.0,1.517563819885254,486
cruise,True,True,True,False,True,False,True,False,True,change_to_left,1.0,1.539421796798706,487
cruise,True,True,True,False,True,False,True,False,True,change_to_right,1.0,1.5671885013580322,487
cruise,True,True,True,False,True,False,True,False,True,cruise,1.0,1.5014443397521973,487
cruise,True,True,True,False,True,False,True,False,True,keep,1.0,1.5647411346435547,487
cruise,True,True,True,False,True,False,True,False,True,swerve_left,1.0,1.5518991947174072,487
cruise,True,True,True,False,True,False,True,False,True,swerve_right,1.0,1.5228466987609863,487
keep,True,True,True,False,True,False,True,False,True,change_to_left,1.0,1.819549322128296,488
keep,True,True,True,False,True,False,True,False,True,change_to_right,1.0,1.826718807220459,488
keep,True,True,True,False,True,False,True,False,True,cruise,1.0,1.836958885192871,488
keep,True,True,True,False,True,False,True,False,True,keep,1.0,1.8375465869903564,488
keep,True,True,True,False,True,False,True,False,True,swerve_left,1.0,1.8420748710632324,488
keep,True,True,True,False,True,False,True,False,True,swerve_right,1.0,1.8366358280181885,488
cruise,True,True,True,False,True,True,False,False,True,change_to_left,1.0,1.3533024787902832,489
cruise,True,True,True,False,True,True,False,False,True,change_to_right,1.0,1.3148260116577148,489
cruise,True,True,True,False,True,True,False,False,True,cruise,1.0,1.3548879623413086,489
cruise,True,True,True,False,True,True,False,False,True,keep,1.0,1.3224372863769531,489
cruise,True,True,True,False,True,True,False,False,True,swerve_left,1.0,1.302037239074707,489
cruise,True,True,True,False,True,True,False,False,True,swerve_right,1.0,1.346994161605835,489
keep,True,True,True,False,True,True,False,False,True,change_to_left,1.0,1.479487657546997,490
keep,True,True,True,False,True,True,False,False,True,change_to_right,1.0,1.4649646282196045,490
keep,True,True,True,False,True,True,False,False,True,cruise,1.0,1.434086799621582,490
keep,True,True,True,False,True,True,False,False,True,keep,1.0,1.4579246044158936,490
keep,True,True,True,False,True,True,False,False,True,swerve_left,1.0,1.4338173866271973,490
keep,True,True,True,False,True,True,False,False,True,swerve_right,1.0,1.4929089546203613,490
cruise,True,True,True,False,True,True,True,False,True,change_to_left,1.0,1.5792133808135986,491
cruise,True,True,True,False,True,True,True,False,True,change_to_right,1.0,1.540698528289795,491
cruise,True,True,True,False,True,True,True,False,True,cruise,1.0,1.519263744354248,491
cruise,True,True,True,False,True,True,True,False,True,keep,1.0,1.5538175106048584,491
cruise,True,True,True,False,True,True,True,False,True,swerve_left,1.0,1.5539250373840332,491
cruise,True,True,True,False,True,True,True,False,True,swerve_right,1.0,1.480097770690918,491
keep,True,True,True,False,True,True,True,False,True,change_to_left,1.0,1.5037479400634766,492
keep,True,True,True,False,True,True,True,False,True,change_to_right,1.0,1.5081324577331543,492
keep,True,True,True,False,True,True,True,False,True,cruise,1.0,1.4826483726501465,492
keep,True,True,True,False,True,True,True,False,True,keep,1.0,1.5099167823791504,492
keep,True,True,True,False,True,True,True,False,True,swerve_left,1.0,1.5075387954711914,492
keep,True,True,True,False,True,True,True,False,True,swerve_right,1.0,1.4757397174835205,492
cruise,True,True,True,True,False,False,False,False,True,change_to_left,1.0,1.4671294689178467,493
cruise,True,True,True,True,False,False,False,False,True,change_to_right,1.0,1.4550516605377197,493
cruise,True,True,True,True,False,False,False,False,True,cruise,1.0,1.421231746673584,493
cruise,True,True,True,True,False,False,False,False,True,keep,1.0,1.451272964477539,493
cruise,True,True,True,True,False,False,False,False,True,swerve_left,1.0,1.4437837600708008,493
cruise,True,True,True,True,False,False,False,False,True,swerve_right,1.0,1.4583008289337158,493
keep,True,True,True,True,False,False,False,False,True,change_to_left,1.0,1.4428107738494873,494
keep,True,True,True,True,False,False,False,False,True,change_to_right,1.0,1.445068597793579,494
keep,True,True,True,True,False,False,False,False,True,cruise,1.0,1.3940269947052002,494
keep,True,True,True,True,False,False,False,False,True,keep,1.0,1.4395971298217773,494
keep,True,True,True,True,False,False,False,False,True,swerve_left,1.0,1.4030954837799072,494
keep,True,True,True,True,False,False,False,False,True,swerve_right,1.0,1.4762444496154785,494
change_to_left,True,True,True,True,False,False,True,False,True,change_to_left,1.0,1.4671533107757568,495
change_to_left,True,True,True,True,False,False,True,False,True,change_to_right,1.0,1.4621803760528564,495
change_to_left,True,True,True,True,False,False,True,False,True,cruise,1.0,1.383629560470581,495
change_to_left,True,True,True,True,False,False,True,False,True,keep,1.0,1.4590270519256592,495
change_to_left,True,True,True,True,False,False,True,False,True,swerve_left,1.0,1.4221408367156982,495
change_to_left,True,True,True,True,False,False,True,False,True,swerve_right,1.0,1.4471426010131836,495
cruise,True,True,True,True,False,False,True,False,True,change_to_left,1.0,1.4520106315612793,496
cruise,True,True,True,True,False,False,True,False,True,change_to_right,1.0,1.4511611461639404,496
cruise,True,True,True,True,False,False,True,False,True,cruise,1.0,1.4013924598693848,496
cruise,True,True,True,True,False,False,True,False,True,keep,1.0,1.4340441226959229,496
cruise,True,True,True,True,False,False,True,False,True,swerve_left,1.0,1.4266705513000488,496
cruise,True,True,True,True,False,False,True,False,True,swerve_right,1.0,1.427710771560669,496
keep,True,True,True,True,False,False,True,False,True,change_to_left,1.0,1.445669174194336,497
keep,True,True,True,True,False,False,True,False,True,change_to_right,1.0,1.4541196823120117,497
keep,True,True,True,True,False,False,True,False,True,cruise,1.0,1.399001121520996,497
keep,True,True,True,True,False,False,True,False,True,keep,1.0,1.470557689666748,497
keep,True,True,True,True,False,False,True,False,True,swerve_left,1.0,1.4003026485443115,497
keep,True,True,True,True,False,False,True,False,True,swerve_right,1.0,1.4417803287506104,497
cruise,True,True,True,True,False,True,False,False,True,change_to_left,1.0,1.4299042224884033,498
cruise,True,True,True,True,False,True,False,False,True,change_to_right,1.0,1.4225447177886963,498
cruise,True,True,True,True,False,True,False,False,True,cruise,1.0,1.436840295791626,498
cruise,True,True,True,True,False,True,False,False,True,keep,1.0,1.4321818351745605,498
cruise,True,True,True,True,False,True,False,False,True,swerve_left,1.0,1.39146089553833,498
cruise,True,True,True,True,False,True,False,False,True,swerve_right,1.0,1.440272331237793,498
keep,True,True,True,True,False,True,False,False,True,change_to_left,1.0,1.4553029537200928,499
keep,True,True,True,True,False,True,False,False,True,change_to_right,1.0,1.4630513191223145,499
keep,True,True,True,True,False,True,False,False,True,cruise,1.0,1.4369213581085205,499
keep,True,True,True,True,False,True,False,False,True,keep,1.0,1.4934546947479248,499
keep,True,True,True,True,False,True,False,False,True,swerve_left,1.0,1.4520421028137207,499
keep,True,True,True,True,False,True,False,False,True,swerve_right,1.0,1.4640533924102783,499
change_to_left,True,True,True,True,False,True,True,False,True,change_to_left,1.0,1.4519946575164795,500
change_to_left,True,True,True,True,False,True,True,False,True,change_to_right,1.0,1.464364767074585,500
change_to_left,True,True,True,True,False,True,True,False,True,cruise,1.0,1.4173123836517334,500
change_to_left,True,True,True,True,False,True,True,False,True,keep,1.0,1.4743247032165527,500
change_to_left,True,True,True,True,False,True,True,False,True,swerve_left,1.0,1.4191012382507324,500
change_to_left,True,True,True,True,False,True,True,False,True,swerve_right,1.0,1.4614644050598145,500
cruise,True,True,True,True,False,True,True,False,True,change_to_left,1.0,1.43202543258667,501
cruise,True,True,True,True,False,True,True,False,True,change_to_right,1.0,1.4252333641052246,501
cruise,True,True,True,True,False,True,True,False,True,cruise,1.0,1.3877968788146973,501
cruise,True,True,True,True,False,True,True,False,True,keep,1.0,1.4232101440429688,501
cruise,True,True,True,True,False,True,True,False,True,swerve_left,1.0,1.3981516361236572,501
cruise,True,True,True,True,False,True,True,False,True,swerve_right,1.0,1.428217887878418,501
keep,True,True,True,True,False,True,True,False,True,change_to_left,1.0,1.457338571548462,502
keep,True,True,True,True,False,True,True,False,True,change_to_right,1.0,1.441087245941162,502
keep,True,True,True,True,False,True,True,False,True,cruise,1.0,1.4205906391143799,502
keep,True,True,True,True,False,True,True,False,True,keep,1.0,1.4659299850463867,502
keep,True,True,True,True,False,True,True,False,True,swerve_left,1.0,1.4369103908538818,502
keep,True,True,True,True,False,True,True,False,True,swerve_right,1.0,1.4679780006408691,502
cruise,True,True,True,True,True,False,False,False,True,change_to_left,1.0,1.3351411819458008,503
cruise,True,True,True,True,True,False,False,False,True,change_to_right,1.0,1.293092966079712,503
cruise,True,True,True,True,True,False,False,False,True,cruise,1.0,1.3477790355682373,503
cruise,True,True,True,True,True,False,False,False,True,keep,1.0,1.3129351139068604,503
cruise,True,True,True,True,True,False,False,False,True,swerve_left,1.0,1.3359472751617432,503
cruise,True,True,True,True,True,False,False,False,True,swerve_right,1.0,1.3129174709320068,503
keep,True,True,True,True,True,False,False,False,True,change_to_left,1.0,1.4757108688354492,504
keep,True,True,True,True,True,False,False,False,True,change_to_right,1.0,1.4475488662719727,504
keep,True,True,True,True,True,False,False,False,True,cruise,1.0,1.424447774887085,504
keep,True,True,True,True,True,False,False,False,True,keep,1.0,1.4560651779174805,504
keep,True,True,True,True,True,False,False,False,True,swerve_left,1.0,1.42026948928833,504
keep,True,True,True,True,True,False,False,False,True,swerve_right,1.0,1.4602644443511963,504
change_to_left,True,True,True,True,True,False,True,False,True,change_to_left,1.0,1.4495394229888916,505
change_to_left,True,True,True,True,True,False,True,False,True,change_to_right,1.0,1.4521801471710205,505
change_to_left,True,True,True,True,True,False,True,False,True,cruise,1.0,1.4257030487060547,505
change_to_left,True,True,True,True,True,False,True,False,True,keep,1.0,1.4877848625183105,505
change_to_left,True,True,True,True,True,False,True,False,True,swerve_left,1.0,1.4331107139587402,505
change_to_left,True,True,True,True,True,False,True,False,True,swerve_right,1.0,1.4543838500976562,505
cruise,True,True,True,True,True,False,True,False,True,change_to_left,1.0,1.4662644863128662,506
cruise,True,True,True,True,True,False,True,False,True,change_to_right,1.0,1.451988935470581,506
cruise,True,True,True,True,True,False,True,False,True,cruise,1.0,1.4024088382720947,506
cruise,True,True,True,True,True,False,True,False,True,keep,1.0,1.4848918914794922,506
cruise,True,True,True,True,True,False,True,False,True,swerve_left,1.0,1.426527738571167,506
cruise,True,True,True,True,True,False,True,False,True,swerve_right,1.0,1.4667043685913086,506
keep,True,True,True,True,True,False,True,False,True,change_to_left,1.0,1.4606423377990723,507
keep,True,True,True,True,True,False,True,False,True,change_to_right,1.0,1.4628779888153076,507
keep,True,True,True,True,True,False,True,False,True,cruise,1.0,1.417403221130371,507
keep,True,True,True,True,True,False,True,False,True,keep,1.0,1.4758014678955078,507
keep,True,True,True,True,True,False,True,False,True,swerve_left,1.0,1.4396703243255615,507
keep,True,True,True,True,True,False,True,False,True,swerve_right,1.0,1.4483082294464111,507
cruise,True,True,True,True,True,True,False,False,True,change_to_left,1.0,1.4915289878845215,508
cruise,True,True,True,True,True,True,False,False,True,change_to_right,1.0,1.4855916500091553,508
cruise,True,True,True,True,True,True,False,False,True,cruise,1.0,1.4449646472930908,508
cruise,True,True,True,True,True,True,False,False,True,keep,1.0,1.4952576160430908,508
cruise,True,True,True,True,True,True,False,False,True,swerve_left,1.0,1.4735002517700195,508
cruise,True,True,True,True,True,True,False,False,True,swerve_right,1.0,1.4261023998260498,508
keep,True,True,True,True,True,True,False,False,True,change_to_left,1.0,1.3530569076538086,509
keep,True,True,True,True,True,True,False,False,True,change_to_right,1.0,1.2960772514343262,509
keep,True,True,True,True,True,True,False,False,True,cruise,1.0,1.4014625549316406,509
keep,True,True,True,True,True,True,False,False,True,keep,1.0,1.346245527267456,509
keep,True,True,True,True,True,True,False,False,True,swerve_left,1.0,1.3877286911010742,509
keep,True,True,True,True,True,True,False,False,True,swerve_right,1.0,1.3274881839752197,509
change_to_left,True,True,True,True,True,True,True,False,True,change_to_left,1.0,1.442983865737915,510
change_to_left,True,True,True,True,True,True,True,False,True,change_to_right,1.0,1.4454548358917236,510
change_to_left,True,True,True,True,True,True,True,False,True,cruise,1.0,1.4189553260803223,510
change_to_left,True,True,True,True,True,True,True,False,True,keep,1.0,1.4406826496124268,510
change_to_left,True,True,True,True,True,True,True,False,True,swerve_left,1.0,1.4023585319519043,510
change_to_left,True,True,True,True,True,True,True,False,True,swerve_right,1.0,1.4249165058135986,510
cruise,True,True,True,True,True,True,True,False,True,change_to_left,1.0,1.5182666778564453,511
cruise,True,True,True,True,True,True,True,False,True,change_to_right,1.0,1.5124123096466064,511
cruise,True,True,True,True,True,True,True,False,True,cruise,1.0,1.4805915355682373,511
cruise,True,True,True,True,True,True,True,False,True,keep,1.0,1.5005266666412354,511
cruise,True,True,True,True,True,True,True,False,True,swerve_left,1.0,1.486637830734253,511
cruise,True,True,True,True,True,True,True,False,True,swerve_right,1.0,1.4532272815704346,511
keep,True,True,True,True,True,True,True,False,True,change_to_left,1.0,1.4940650463104248,512
keep,True,True,True,True,True,True,True,False,True,change_to_right,1.0,1.4756529331207275,512
keep,True,True,True,True,True,True,True,False,True,cruise,1.0,1.4479176998138428,512
keep,True,True,True,True,True,True,True,False,True,keep,1.0,1.4888033866882324,512
keep,True,True,True,True,True,True,True,False,True,swerve_left,1.0,1.487572431564331,512
keep,True,True,True,True,True,True,True,False,True,swerve_right,1.0,1.4638140201568604,512
swerve_left,False,False,False,False,False,False,False,False,True,change_to_left,1.0,1.4481780529022217,513
swerve_left,False,False,False,False,False,False,False,False,True,change_to_right,1.0,1.4202673435211182,513
swerve_left,False,False,False,False,False,False,False,False,True,cruise,1.0,1.414109468460083,513
swerve_left,False,False,False,False,False,False,False,False,True,keep,1.0,1.426577091217041,513
swerve_left,False,False,False,False,False,False,False,False,True,swerve_left,1.0,1.4147858619689941,513
swerve_left,False,False,False,False,False,False,False,False,True,swerve_right,1.0,1.4388062953948975,513
swerve_left,False,True,False,False,False,False,False,False,True,change_to_left,1.0,1.4630038738250732,514
swerve_left,False,True,False,False,False,False,False,False,True,change_to_right,1.0,1.458061695098877,514
swerve_left,False,True,False,False,False,False,False,False,True,cruise,1.0,1.4406325817108154,514
swerve_left,False,True,False,False,False,False,False,False,True,keep,1.0,1.4399313926696777,514
swerve_left,False,True,False,False,False,False,False,False,True,swerve_left,1.0,1.4331223964691162,514
swerve_left,False,True,False,False,False,False,False,False,True,swerve_right,1.0,1.4678699970245361,514
swerve_left,False,False,True,False,False,False,False,False,True,change_to_left,1.0,1.4639546871185303,515
swerve_left,False,False,True,False,False,False,False,False,True,change_to_right,1.0,1.449263334274292,515
swerve_left,False,False,True,False,False,False,False,False,True,cruise,1.0,1.4148776531219482,515
swerve_left,False,False,True,False,False,False,False,False,True,keep,1.0,1.4675679206848145,515
swerve_left,False,False,True,False,False,False,False,False,True,swerve_left,1.0,1.4257166385650635,515
swerve_left,False,False,True,False,False,False,False,False,True,swerve_right,1.0,1.457014799118042,515
swerve_left,False,True,True,False,False,False,False,False,True,change_to_left,1.0,1.4703853130340576,516
swerve_left,False,True,True,False,False,False,False,False,True,change_to_right,1.0,1.4835360050201416,516
swerve_left,False,True,True,False,False,False,False,False,True,cruise,1.0,1.4517741203308105,516
swerve_left,False,True,True,False,False,False,False,False,True,keep,1.0,1.4846432209014893,516
swerve_left,False,True,True,False,False,False,False,False,True,swerve_left,1.0,1.4560019969940186,516
swerve_left,False,True,True,False,False,False,False,False,True,swerve_right,1.0,1.4693822860717773,516
swerve_left,False,False,False,True,False,False,False,False,True,change_to_left,1.0,1.4240858554840088,517
swerve_left,False,False,False,True,False,False,False,False,True,change_to_right,1.0,1.449026346206665,517
swerve_left,False,False,False,True,False,False,False,False,True,cruise,1.0,1.3836438655853271,517
swerve_left,False,False,False,True,False,False,False,False,True,keep,1.0,1.4353446960449219,517
swerve_left,False,False,False,True,False,False,False,False,True,swerve_left,1.0,1.3966014385223389,517
swerve_left,False,False,False,True,False,False,False,False,True,swerve_right,1.0,1.4511642456054688,517
swerve_left,False,True,False,True,False,False,False,False,True,change_to_left,1.0,1.4660954475402832,518
swerve_left,False,True,False,True,False,False,False,False,True,change_to_right,1.0,1.4410552978515625,518
swerve_left,False,True,False,True,False,False,False,False,True,cruise,1.0,1.408390998840332,518
swerve_left,False,True,False,True,False,False,False,False,True,keep,1.0,1.4589793682098389,518
swerve_left,False,True,False,True,False,False,False,False,True,swerve_left,1.0,1.4042997360229492,518
swerve_left,False,True,False,True,False,False,False,False,True,swerve_right,1.0,1.4892566204071045,518
swerve_left,False,False,True,True,False,False,False,False,True,change_to_left,1.0,1.4591162204742432,519
swerve_left,False,False,True,True,False,False,False,False,True,change_to_right,1.0,1.473151445388794,519
swerve_left,False,False,True,True,False,False,False,False,True,cruise,1.0,1.4344847202301025,519
swerve_left,False,False,True,True,False,False,False,False,True,keep,1.0,1.444596767425537,519
swerve_left,False,False,True,True,False,False,False,False,True,swerve_left,1.0,1.415137529373169,519
swerve_left,False,False,True,True,False,False,False,False,True,swerve_right,1.0,1.441504955291748,519
swerve_left,False,True,True,True,False,False,False,False,True,change_to_left,1.0,1.4263124465942383,520
swerve_left,False,True,True,True,False,False,False,False,True,change_to_right,1.0,1.436185598373413,520
swerve_left,False,True,True,True,False,False,False,False,True,cruise,1.0,1.3927745819091797,520
swerve_left,False,True,True,True,False,False,False,False,True,keep,1.0,1.4511406421661377,520
swerve_left,False,True,True,True,False,False,False,False,True,swerve_left,1.0,1.397836446762085,520
swerve_left,False,True,True,True,False,False,False,False,True,swerve_right,1.0,1.448815107345581,520
swerve_left,False,False,False,False,True,False,False,False,True,change_to_left,1.0,1.450575351715088,521
swerve_left,False,False,False,False,True,False,False,False,True,change_to_right,1.0,1.4387342929840088,521
swerve_left,False,False,False,False,True,False,False,False,True,cruise,1.0,1.4037210941314697,521
swerve_left,False,False,False,False,True,False,False,False,True,keep,1.0,1.4769270420074463,521
swerve_left,False,False,False,False,True,False,False,False,True,swerve_left,1.0,1.4219014644622803,521
swerve_left,False,False,False,False,True,False,False,False,True,swerve_right,1.0,1.45296311378479,521
swerve_left,False,True,False,False,True,False,False,False,True,change_to_left,1.0,1.4417541027069092,522
swerve_left,False,True,False,False,True,False,False,False,True,change_to_right,1.0,1.4328343868255615,522
swerve_left,False,True,False,False,True,False,False,False,True,cruise,1.0,1.3989667892456055,522
swerve_left,False,True,False,False,True,False,False,False,True,keep,1.0,1.4408085346221924,522
swerve_left,False,True,False,False,True,False,False,False,True,swerve_left,1.0,1.4046697616577148,522
swerve_left,False,True,False,False,True,False,False,False,True,swerve_right,1.0,1.4448323249816895,522
swerve_left,False,False,True,False,True,False,False,False,True,change_to_left,1.0,1.437208652496338,523
swerve_left,False,False,True,False,True,False,False,False,True,change_to_right,1.0,1.4399816989898682,523
swerve_left,False,False,True,False,True,False,False,False,True,cruise,1.0,1.4174602031707764,523
swerve_left,False,False,True,False,True,False,False,False,True,keep,1.0,1.440206527709961,523
swerve_left,False,False,True,False,True,False,False,False,True,swerve_left,1.0,1.4074640274047852,523
swerve_left,False,False,True,False,True,False,False,False,True,swerve_right,1.0,1.4468514919281006,523
swerve_left,False,True,True,False,True,False,False,False,True,change_to_left,1.0,1.4701488018035889,524
swerve_left,False,True,True,False,True,False,False,False,True,change_to_right,1.0,1.452463150024414,524
swerve_left,False,True,True,False,True,False,False,False,True,cruise,1.0,1.4301583766937256,524
swerve_left,False,True,True,False,True,False,False,False,True,keep,1.0,1.4846489429473877,524
swerve_left,False,True,True,False,True,False,False,False,True,swerve_left,1.0,1.419687271118164,524
swerve_left,False,True,True,False,True,False,False,False,True,swerve_right,1.0,1.4519784450531006,524
swerve_left,False,False,False,True,True,False,False,False,True,change_to_left,1.0,1.4514551162719727,525
swerve_left,False,False,False,True,True,False,False,False,True,change_to_right,1.0,1.449791669845581,525
swerve_left,False,False,False,True,True,False,False,False,True,cruise,1.0,1.403907060623169,525
swerve_left,False,False,False,True,True,False,False,False,True,keep,1.0,1.44972825050354,525
swerve_left,False,False,False,True,True,False,False,False,True,swerve_left,1.0,1.4140818119049072,525
swerve_left,False,False,False,True,True,False,False,False,True,swerve_right,1.0,1.4607162475585938,525
swerve_left,False,True,False,True,True,False,False,False,True,change_to_left,1.0,1.4496731758117676,526
swerve_left,False,True,False,True,True,False,False,False,True,change_to_right,1.0,1.4383039474487305,526
swerve_left,False,True,False,True,True,False,False,False,True,cruise,1.0,1.4222378730773926,526
swerve_left,False,True,False,True,True,False,False,False,True,keep,1.0,1.4357109069824219,526
swerve_left,False,True,False,True,True,False,False,False,True,swerve_left,1.0,1.4086973667144775,526
swerve_left,False,True,False,True,True,False,False,False,True,swerve_right,1.0,1.4467394351959229,526
swerve_left,False,False,True,True,True,False,False,False,True,change_to_left,1.0,1.4568734169006348,527
swerve_left,False,False,True,True,True,False,False,False,True,change_to_right,1.0,1.4372785091400146,527
swerve_left,False,False,True,True,True,False,False,False,True,cruise,1.0,1.392033338546753,527
swerve_left,False,False,True,True,True,False,False,False,True,keep,1.0,1.4560716152191162,527
swerve_left,False,False,True,True,True,False,False,False,True,swerve_left,1.0,1.3885841369628906,527
swerve_left,False,False,True,True,True,False,False,False,True,swerve_right,1.0,1.4531960487365723,527
swerve_left,False,True,True,True,True,False,False,False,True,change_to_left,1.0,1.460712194442749,528
swerve_left,False,True,True,True,True,False,False,False,True,change_to_right,1.0,1.4532411098480225,528
swerve_left,False,True,True,True,True,False,False,False,True,cruise,1.0,1.423426866531372,528
swerve_left,False,True,True,True,True,False,False,False,True,keep,1.0,1.4610414505004883,528
swerve_left,False,True,True,True,True,False,False,False,True,swerve_left,1.0,1.4336633682250977,528
swerve_left,False,True,True,True,True,False,False,False,True,swerve_right,1.0,1.4822330474853516,528
swerve_left,False,False,False,False,False,True,False,False,True,change_to_left,1.0,1.4354724884033203,529
swerve_left,False,False,False,False,False,True,False,False,True,change_to_right,1.0,1.4669475555419922,529
swerve_left,False,False,False,False,False,True,False,False,True,cruise,1.0,1.4097263813018799,529
swerve_left,False,False,False,False,False,True,False,False,True,keep,1.0,1.4459359645843506,529
swerve_left,False,False,False,False,False,True,False,False,True,swerve_left,1.0,1.4069359302520752,529
swerve_left,False,False,False,False,False,True,False,False,True,swerve_right,1.0,1.4379642009735107,529
swerve_left,False,True,False,False,False,True,False,False,True,change_to_left,1.0,1.469879150390625,530
swerve_left,False,True,False,False,False,True,False,False,True,change_to_right,1.0,1.4712283611297607,530
swerve_left,False,True,False,False,False,True,False,False,True,cruise,1.0,1.405287504196167,530
swerve_left,False,True,False,False,False,True,False,False,True,keep,1.0,1.4652831554412842,530
swerve_left,False,True,False,False,False,True,False,False,True,swerve_left,1.0,1.4002432823181152,530
swerve_left,False,True,False,False,False,True,False,False,True,swerve_right,1.0,1.4640700817108154,530
swerve_left,False,False,True,False,False,True,False,False,True,change_to_left,1.0,1.4425530433654785,531
swerve_left,False,False,True,False,False,True,False,False,True,change_to_right,1.0,1.4291651248931885,531
swerve_left,False,False,True,False,False,True,False,False,True,cruise,1.0,1.4056448936462402,531
swerve_left,False,False,True,False,False,True,False,False,True,keep,1.0,1.4357292652130127,531
swerve_left,False,False,True,False,False,True,False,False,True,swerve_left,1.0,1.4240376949310303,531
swerve_left,False,False,True,False,False,True,False,False,True,swerve_right,1.0,1.4723787307739258,531
swerve_left,False,True,True,False,False,True,False,False,True,change_to_left,1.0,1.44356107711792,532
swerve_left,False,True,True,False,False,True,False,False,True,change_to_right,1.0,1.4360620975494385,532
swerve_left,False,True,True,False,False,True,False,False,True,cruise,1.0,1.3908307552337646,532
swerve_left,False,True,True,False,False,True,False,False,True,keep,1.0,1.4543430805206299,532
swerve_left,False,True,True,False,False,True,False,False,True,swerve_left,1.0,1.4047610759735107,532
swerve_left,False,True,True,False,False,True,False,False,True,swerve_right,1.0,1.4371435642242432,532
swerve_left,False,False,False,True,False,True,False,False,True,change_to_left,1.0,1.4757747650146484,533
swerve_left,False,False,False,True,False,True,False,False,True,change_to_right,1.0,1.4531993865966797,533
swerve_left,False,False,False,True,False,True,False,False,True,cruise,1.0,1.420151948928833,533
swerve_left,False,False,False,True,False,True,False,False,True,keep,1.0,1.473585844039917,533
swerve_left,False,False,False,True,False,True,False,False,True,swerve_left,1.0,1.4096839427947998,533
swerve_left,False,False,False,True,False,True,False,False,True,swerve_right,1.0,1.4630475044250488,533
swerve_left,False,True,False,True,False,True,False,False,True,change_to_left,1.0,1.4402680397033691,534
swerve_left,False,True,False,True,False,True,False,False,True,change_to_right,1.0,1.4282853603363037,534
swerve_left,False,True,False,True,False,True,False,False,True,cruise,1.0,1.409670352935791,534
swerve_left,False,True,False,True,False,True,False,False,True,keep,1.0,1.4336555004119873,534
swerve_left,False,True,False,True,False,True,False,False,True,swerve_left,1.0,1.4148073196411133,534
swerve_left,False,True,False,True,False,True,False,False,True,swerve_right,1.0,1.446052074432373,534
swerve_left,False,False,True,True,False,True,False,False,True,change_to_left,1.0,1.4573700428009033,535
swerve_left,False,False,True,True,False,True,False,False,True,change_to_right,1.0,1.4550507068634033,535
swerve_left,False,False,True,True,False,True,False,False,True,cruise,1.0,1.4211747646331787,535
swerve_left,False,False,True,True,False,True,False,False,True,keep,1.0,1.4794857501983643,535
swerve_left,False,False,True,True,False,True,False,False,True,swerve_left,1.0,1.4292700290679932,535
swerve_left,False,False,True,True,False,True,False,False,True,swerve_right,1.0,1.4686930179595947,535
swerve_left,False,True,True,True,False,True,False,False,True,change_to_left,1.0,1.43696928024292,536
swerve_left,False,True,True,True,False,True,False,False,True,change_to_right,1.0,1.4379570484161377,536
swerve_left,False,True,True,True,False,True,False,False,True,cruise,1.0,1.405332326889038,536
swerve_left,False,True,True,True,False,True,False,False,True,keep,1.0,1.4523847103118896,536
swerve_left,False,True,True,True,False,True,False,False,True,swerve_left,1.0,1.3803012371063232,536
swerve_left,False,True,True,True,False,True,False,False,True,swerve_right,1.0,1.4501020908355713,536
swerve_left,False,False,False,False,True,True,False,False,True,change_to_left,1.0,1.4376697540283203,537
swerve_left,False,False,False,False,True,True,False,False,True,change_to_right,1.0,1.4285085201263428,537
swerve_left,False,False,False,False,True,True,False,False,True,cruise,1.0,1.3917632102966309,537
swerve_left,False,False,False,False,True,True,False,False,True,keep,1.0,1.4219696521759033,537
swerve_left,False,False,False,False,True,True,False,False,True,swerve_left,1.0,1.407637357711792,537
swerve_left,False,False,False,False,True,True,False,False,True,swerve_right,1.0,1.4545187950134277,537
swerve_left,False,True,False,False,True,True,False,False,True,change_to_left,1.0,1.4779469966888428,538
swerve_left,False,True,False,False,True,True,False,False,True,change_to_right,1.0,1.4557180404663086,538
swerve_left,False,True,False,False,True,True,False,False,True,cruise,1.0,1.4203920364379883,538
swerve_left,False,True,False,False,True,True,False,False,True,keep,1.0,1.4800145626068115,538
swerve_left,False,True,False,False,True,True,False,False,True,swerve_left,1.0,1.4267497062683105,538
swerve_left,False,True,False,False,True,True,False,False,True,swerve_right,1.0,1.435304880142212,538
swerve_left,False,False,True,False,True,True,False,False,True,change_to_left,1.0,1.4506781101226807,539
swerve_left,False,False,True,False,True,True,False,False,True,change_to_right,1.0,1.4549033641815186,539
swerve_left,False,False,True,False,True,True,False,False,True,cruise,1.0,1.4358429908752441,539
swerve_left,False,False,True,False,True,True,False,False,True,keep,1.0,1.4745533466339111,539
swerve_left,False,False,True,False,True,True,False,False,True,swerve_left,1.0,1.4105236530303955,539
swerve_left,False,False,True,False,True,True,False,False,True,swerve_right,1.0,1.446441888809204,539
swerve_left,False,True,True,False,True,True,False,False,True,change_to_left,1.0,1.4572696685791016,540
swerve_left,False,True,True,False,True,True,False,False,True,change_to_right,1.0,1.4386403560638428,540
swerve_left,False,True,True,False,True,True,False,False,True,cruise,1.0,1.4189453125,540
swerve_left,False,True,True,False,True,True,False,False,True,keep,1.0,1.4399473667144775,540
swerve_left,False,True,True,False,True,True,False,False,True,swerve_left,1.0,1.4060873985290527,540
swerve_left,False,True,True,False,True,True,False,False,True,swerve_right,1.0,1.4385359287261963,540
swerve_left,False,False,False,True,True,True,False,False,True,change_to_left,1.0,1.467139720916748,541
swerve_left,False,False,False,True,True,True,False,False,True,change_to_right,1.0,1.4366872310638428,541
swerve_left,False,False,False,True,True,True,False,False,True,cruise,1.0,1.4283621311187744,541
swerve_left,False,False,False,True,True,True,False,False,True,keep,1.0,1.4483201503753662,541
swerve_left,False,False,False,True,True,True,False,False,True,swerve_left,1.0,1.4382717609405518,541
swerve_left,False,False,False,True,True,True,False,False,True,swerve_right,1.0,1.452803611755371,541
swerve_left,False,True,False,True,True,True,False,False,True,change_to_left,1.0,1.4558277130126953,542
swerve_left,False,True,False,True,True,True,False,False,True,change_to_right,1.0,1.4420864582061768,542
swerve_left,False,True,False,True,True,True,False,False,True,cruise,1.0,1.4101433753967285,542
swerve_left,False,True,False,True,True,True,False,False,True,keep,1.0,1.4436922073364258,542
swerve_left,False,True,False,True,True,True,False,False,True,swerve_left,1.0,1.429023265838623,542
swerve_left,False,True,False,True,True,True,False,False,True,swerve_right,1.0,1.4274311065673828,542
swerve_left,False,False,True,True,True,True,False,False,True,change_to_left,1.0,1.4585034847259521,543
swerve_left,False,False,True,True,True,True,False,False,True,change_to_right,1.0,1.4522500038146973,543
swerve_left,False,False,True,True,True,True,False,False,True,cruise,1.0,1.3987925052642822,543
swerve_left,False,False,True,True,True,True,False,False,True,keep,1.0,1.484952449798584,543
swerve_left,False,False,True,True,True,True,False,False,True,swerve_left,1.0,1.4097931385040283,543
swerve_left,False,False,True,True,True,True,False,False,True,swerve_right,1.0,1.4462590217590332,543
swerve_left,False,True,True,True,True,True,False,False,True,change_to_left,1.0,1.4613001346588135,544
swerve_left,False,True,True,True,True,True,False,False,True,change_to_right,1.0,1.4484901428222656,544
swerve_left,False,True,True,True,True,True,False,False,True,cruise,1.0,1.435837984085083,544
swerve_left,False,True,True,True,True,True,False,False,True,keep,1.0,1.4715197086334229,544
swerve_left,False,True,True,True,True,True,False,False,True,swerve_left,1.0,1.416114091873169,544
swerve_left,False,True,True,True,True,True,False,False,True,swerve_right,1.0,1.4548892974853516,544
swerve_left,False,False,False,False,False,False,True,False,True,change_to_left,1.0,1.4648585319519043,545
swerve_left,False,False,False,False,False,False,True,False,True,change_to_right,1.0,1.4551420211791992,545
swerve_left,False,False,False,False,False,False,True,False,True,cruise,1.0,1.4128868579864502,545
swerve_left,False,False,False,False,False,False,True,False,True,keep,1.0,1.4536356925964355,545
swerve_left,False,False,False,False,False,False,True,False,True,swerve_left,1.0,1.4173181056976318,545
swerve_left,False,False,False,False,False,False,True,False,True,swerve_right,1.0,1.4570765495300293,545
swerve_left,False,True,False,False,False,False,True,False,True,change_to_left,1.0,1.4228410720825195,546
swerve_left,False,True,False,False,False,False,True,False,True,change_to_right,1.0,1.4410655498504639,546
swerve_left,False,True,False,False,False,False,True,False,True,cruise,1.0,1.4992420673370361,546
swerve_left,False,True,False,False,False,False,True,False,True,keep,1.0,1.434396743774414,546
swerve_left,False,True,False,False,False,False,True,False,True,swerve_left,1.0,1.397709846496582,546
swerve_left,False,True,False,False,False,False,True,False,True,swerve_right,1.0,1.4347198009490967,546
swerve_left,False,False,True,False,False,False,True,False,True,change_to_left,1.0,1.4730687141418457,547
swerve_left,False,False,True,False,False,False,True,False,True,change_to_right,1.0,1.4738214015960693,547
swerve_left,False,False,True,False,False,False,True,False,True,cruise,1.0,1.4422712326049805,547
swerve_left,False,False,True,False,False,False,True,False,True,keep,1.0,1.4706525802612305,547
swerve_left,False,False,True,False,False,False,True,False,True,swerve_left,1.0,1.4388456344604492,547
swerve_left,False,False,True,False,False,False,True,False,True,swerve_right,1.0,1.4735603332519531,547
swerve_left,False,True,True,False,False,False,True,False,True,change_to_left,1.0,1.4509859085083008,548
swerve_left,False,True,True,False,False,False,True,False,True,change_to_right,1.0,1.4249687194824219,548
swerve_left,False,True,True,False,False,False,True,False,True,cruise,1.0,1.398439884185791,548
swerve_left,False,True,True,False,False,False,True,False,True,keep,1.0,1.4470889568328857,548
swerve_left,False,True,True,False,False,False,True,False,True,swerve_left,1.0,1.4032201766967773,548
swerve_left,False,True,True,False,False,False,True,False,True,swerve_right,1.0,1.4420809745788574,548
swerve_left,False,False,False,True,False,False,True,False,True,change_to_left,1.0,1.4626710414886475,549
swerve_left,False,False,False,True,False,False,True,False,True,change_to_right,1.0,1.4424824714660645,549
swerve_left,False,False,False,True,False,False,True,False,True,cruise,1.0,1.421715259552002,549
swerve_left,False,False,False,True,False,False,True,False,True,keep,1.0,1.4954426288604736,549
swerve_left,False,False,False,True,False,False,True,False,True,swerve_left,1.0,1.4354984760284424,549
swerve_left,False,False,False,True,False,False,True,False,True,swerve_right,1.0,1.4655439853668213,549
swerve_left,False,True,False,True,False,False,True,False,True,change_to_left,1.0,1.434166669845581,550
swerve_left,False,True,False,True,False,False,True,False,True,change_to_right,1.0,1.4234821796417236,550
swerve_left,False,True,False,True,False,False,True,False,True,cruise,1.0,1.3792729377746582,550
swerve_left,False,True,False,True,False,False,True,False,True,keep,1.0,1.4238348007202148,550
swerve_left,False,True,False,True,False,False,True,False,True,swerve_left,1.0,1.3852581977844238,550
swerve_left,False,True,False,True,False,False,True,False,True,swerve_right,1.0,1.4274492263793945,550
swerve_left,False,False,True,True,False,False,True,False,True,change_to_left,1.0,1.466158390045166,551
swerve_left,False,False,True,True,False,False,True,False,True,change_to_right,1.0,1.4523932933807373,551
swerve_left,False,False,True,True,False,False,True,False,True,cruise,1.0,1.4310460090637207,551
swerve_left,False,False,True,True,False,False,True,False,True,keep,1.0,1.4690680503845215,551
swerve_left,False,False,True,True,False,False,True,False,True,swerve_left,1.0,1.427619457244873,551
swerve_left,False,False,True,True,False,False,True,False,True,swerve_right,1.0,1.4525046348571777,551
swerve_left,False,True,True,True,False,False,True,False,True,change_to_left,1.0,1.443100929260254,552
swerve_left,False,True,True,True,False,False,True,False,True,change_to_right,1.0,1.4292852878570557,552
swerve_left,False,True,True,True,False,False,True,False,True,cruise,1.0,1.4198064804077148,552
swerve_left,False,True,True,True,False,False,True,False,True,keep,1.0,1.4608473777770996,552
swerve_left,False,True,True,True,False,False,True,False,True,swerve_left,1.0,1.4220995903015137,552
swerve_left,False,True,True,True,False,False,True,False,True,swerve_right,1.0,1.4775798320770264,552
swerve_left,False,False,False,False,True,False,True,False,True,change_to_left,1.0,1.4649534225463867,553
swerve_left,False,False,False,False,True,False,True,False,True,change_to_right,1.0,1.4360899925231934,553
swerve_left,False,False,False,False,True,False,True,False,True,cruise,1.0,1.4291601181030273,553
swerve_left,False,False,False,False,True,False,True,False,True,keep,1.0,1.4393017292022705,553
swerve_left,False,False,False,False,True,False,True,False,True,swerve_left,1.0,1.411268711090088,553
swerve_left,False,False,False,False,True,False,True,False,True,swerve_right,1.0,1.426161289215088,553
swerve_left,False,True,False,False,True,False,True,False,True,change_to_left,1.0,1.5388998985290527,554
swerve_left,False,True,False,False,True,False,True,False,True,change_to_right,1.0,1.7161140441894531,554
swerve_left,False,True,False,False,True,False,True,False,True,cruise,1.0,1.624387502670288,554
swerve_left,False,True,False,False,True,False,True,False,True,keep,1.0,1.5005958080291748,554
swerve_left,False,True,False,False,True,False,True,False,True,swerve_left,1.0,1.447669506072998,554
swerve_left,False,True,False,False,True,False,True,False,True,swerve_right,1.0,1.5141417980194092,554
swerve_left,False,False,True,False,True,False,True,False,True,change_to_left,1.0,1.4780917167663574,555
swerve_left,False,False,True,False,True,False,True,False,True,change_to_right,1.0,1.4631330966949463,555
swerve_left,False,False,True,False,True,False,True,False,True,cruise,1.0,1.4434809684753418,555
swerve_left,False,False,True,False,True,False,True,False,True,keep,1.0,1.471815824508667,555
swerve_left,False,False,True,False,True,False,True,False,True,swerve_left,1.0,1.4204838275909424,555
swerve_left,False,False,True,False,True,False,True,False,True,swerve_right,1.0,1.4895682334899902,555
swerve_left,False,True,True,False,True,False,True,False,True,change_to_left,1.0,1.4898219108581543,556
swerve_left,False,True,True,False,True,False,True,False,True,change_to_right,1.0,1.479212760925293,556
swerve_left,False,True,True,False,True,False,True,False,True,cruise,1.0,1.4509191513061523,556
swerve_left,False,True,True,False,True,False,True,False,True,keep,1.0,1.5062932968139648,556
swerve_left,False,True,True,False,True,False,True,False,True,swerve_left,1.0,1.4539761543273926,556
swerve_left,False,True,True,False,True,False,True,False,True,swerve_right,1.0,1.4929983615875244,556
swerve_left,False,False,False,True,True,False,True,False,True,change_to_left,1.0,1.5198121070861816,557
swerve_left,False,False,False,True,True,False,True,False,True,change_to_right,1.0,1.4902763366699219,557
swerve_left,False,False,False,True,True,False,True,False,True,cruise,1.0,1.4420256614685059,557
swerve_left,False,False,False,True,True,False,True,False,True,keep,1.0,1.5000030994415283,557
swerve_left,False,False,False,True,True,False,True,False,True,swerve_left,1.0,1.4579715728759766,557
swerve_left,False,False,False,True,True,False,True,False,True,swerve_right,1.0,1.5035340785980225,557
swerve_left,False,True,False,True,True,False,True,False,True,change_to_left,1.0,1.5116126537322998,558
swerve_left,False,True,False,True,True,False,True,False,True,change_to_right,1.0,1.4914114475250244,558
swerve_left,False,True,False,True,True,False,True,False,True,cruise,1.0,1.446810245513916,558
swerve_left,False,True,False,True,True,False,True,False,True,keep,1.0,1.514984130859375,558
swerve_left,False,True,False,True,True,False,True,False,True,swerve_left,1.0,1.45430326461792,558
swerve_left,False,True,False,True,True,False,True,False,True,swerve_right,1.0,1.5336618423461914,558
swerve_left,False,False,True,True,True,False,True,False,True,change_to_left,1.0,1.4881503582000732,559
swerve_left,False,False,True,True,True,False,True,False,True,change_to_right,1.0,1.503709077835083,559
swerve_left,False,False,True,True,True,False,True,False,True,cruise,1.0,1.440089225769043,559
swerve_left,False,False,True,True,True,False,True,False,True,keep,1.0,1.51943039894104,559
swerve_left,False,False,True,True,True,False,True,False,True,swerve_left,1.0,1.4729855060577393,559
swerve_left,False,False,True,True,True,False,True,False,True,swerve_right,1.0,1.5123815536499023,559
swerve_left,False,True,True,True,True,False,True,False,True,change_to_left,1.0,1.4719653129577637,560
swerve_left,False,True,True,True,True,False,True,False,True,change_to_right,1.0,1.4726121425628662,560
swerve_left,False,True,True,True,True,False,True,False,True,cruise,1.0,1.437476634979248,560
swerve_left,False,True,True,True,True,False,True,False,True,keep,1.0,1.472618818283081,560
swerve_left,False,True,True,True,True,False,True,False,True,swerve_left,1.0,1.434877634048462,560
swerve_left,False,True,True,True,True,False,True,False,True,swerve_right,1.0,1.4646110534667969,560
swerve_left,False,False,False,False,False,True,True,False,True,change_to_left,0.8787670906847899,2.3437600135803223,561
swerve_left,False,False,False,False,False,True,True,False,True,change_to_right,0.891164408412766,2.325324535369873,561
swerve_left,False,False,False,False,False,True,True,False,True,cruise,0.2211327200053143,2.3759169578552246,561
swerve_left,False,False,False,False,False,True,True,False,True,keep,0.0019303365208489266,2.340449094772339,561
swerve_left,False,False,False,False,False,True,True,False,True,swerve_left,1.0,1.3096916675567627,561
swerve_left,False,False,False,False,False,True,True,False,True,swerve_right,0.002493012484014449,2.3354525566101074,561
swerve_left,False,True,False,False,False,True,True,False,True,change_to_left,1.0,1.4827682971954346,562
swerve_left,False,True,False,False,False,True,True,False,True,change_to_right,1.0,1.4959650039672852,562
swerve_left,False,True,False,False,False,True,True,False,True,cruise,1.0,1.4645860195159912,562
swerve_left,False,True,False,False,False,True,True,False,True,keep,1.0,1.4848477840423584,562
swerve_left,False,True,False,False,False,True,True,False,True,swerve_left,1.0,1.4467253684997559,562
swerve_left,False,True,False,False,False,True,True,False,True,swerve_right,1.0,1.4891879558563232,562
swerve_left,False,False,True,False,False,True,True,False,True,change_to_left,1.0,1.5057332515716553,563
swerve_left,False,False,True,False,False,True,True,False,True,change_to_right,1.0,1.5001201629638672,563
swerve_left,False,False,True,False,False,True,True,False,True,cruise,1.0,1.4181370735168457,563
swerve_left,False,False,True,False,False,True,True,False,True,keep,1.0,1.477257490158081,563
swerve_left,False,False,True,False,False,True,True,False,True,swerve_left,1.0,1.447869062423706,563
swerve_left,False,False,True,False,False,True,True,False,True,swerve_right,1.0,1.499349594116211,563
swerve_left,False,True,True,False,False,True,True,False,True,change_to_left,1.0,1.500063419342041,564
swerve_left,False,True,True,False,False,True,True,False,True,change_to_right,1.0,1.4877281188964844,564
swerve_left,False,True,True,False,False,True,True,False,True,cruise,1.0,1.4517650604248047,564
swerve_left,False,True,True,False,False,True,True,False,True,keep,1.0,1.5228817462921143,564
swerve_left,False,True,True,False,False,True,True,False,True,swerve_left,1.0,1.460798740386963,564
swerve_left,False,True,True,False,False,True,True,False,True,swerve_right,1.0,1.507561445236206,564
swerve_left,False,False,False,True,False,True,True,False,True,change_to_left,1.0,1.5051214694976807,565
swerve_left,False,False,False,True,False,True,True,False,True,change_to_right,1.0,1.510817050933838,565
swerve_left,False,False,False,True,False,True,True,False,True,cruise,1.0,1.471240758895874,565
swerve_left,False,False,False,True,False,True,True,False,True,keep,1.0,1.5076143741607666,565
swerve_left,False,False,False,True,False,True,True,False,True,swerve_left,1.0,1.4635932445526123,565
swerve_left,False,False,False,True,False,True,True,False,True,swerve_right,1.0,1.5107455253601074,565
swerve_left,False,True,False,True,False,True,True,False,True,change_to_left,1.0,1.4870882034301758,566
swerve_left,False,True,False,True,False,True,True,False,True,change_to_right,1.0,1.4666695594787598,566
swerve_left,False,True,False,True,False,True,True,False,True,cruise,1.0,1.4425783157348633,566
swerve_left,False,True,False,True,False,True,True,False,True,keep,1.0,1.4848849773406982,566
swerve_left,False,True,False,True,False,True,True,False,True,swerve_left,1.0,1.4278228282928467,566
swerve_left,False,True,False,True,False,True,True,False,True,swerve_right,1.0,1.4752528667449951,566
swerve_left,False,False,True,True,False,True,True,False,True,change_to_left,1.0,1.5036442279815674,567
swerve_left,False,False,True,True,False,True,True,False,True,change_to_right,1.0,1.4758944511413574,567
swerve_left,False,False,True,True,False,True,True,False,True,cruise,1.0,1.4549946784973145,567
swerve_left,False,False,True,True,False,True,True,False,True,keep,1.0,1.4756724834442139,567
swerve_left,False,False,True,True,False,True,True,False,True,swerve_left,1.0,1.4591405391693115,567
swerve_left,False,False,True,True,False,True,True,False,True,swerve_right,1.0,1.4916698932647705,567
swerve_left,False,True,True,True,False,True,True,False,True,change_to_left,1.0,1.472733974456787,568
swerve_left,False,True,True,True,False,True,True,False,True,change_to_right,1.0,1.4693191051483154,568
swerve_left,False,True,True,True,False,True,True,False,True,cruise,1.0,1.4565179347991943,568
swerve_left,False,True,True,True,False,True,True,False,True,keep,1.0,1.499729871749878,568
swerve_left,False,True,True,True,False,True,True,False,True,swerve_left,1.0,1.4304401874542236,568
swerve_left,False,True,True,True,False,True,True,False,True,swerve_right,1.0,1.5044653415679932,568
swerve_left,False,False,False,False,True,True,True,False,True,change_to_left,1.0,1.492415189743042,569
swerve_left,False,False,False,False,True,True,True,False,True,change_to_right,1.0,1.498492956161499,569
swerve_left,False,False,False,False,True,True,True,False,True,cruise,1.0,1.4775707721710205,569
swerve_left,False,False,False,False,True,True,True,False,True,keep,1.0,1.5218801498413086,569
swerve_left,False,False,False,False,True,True,True,False,True,swerve_left,1.0,1.461519479751587,569
swerve_left,False,False,False,False,True,True,True,False,True,swerve_right,1.0,1.5038833618164062,569
swerve_left,False,True,False,False,True,True,True,False,True,change_to_left,1.0,1.4708263874053955,570
swerve_left,False,True,False,False,True,True,True,False,True,change_to_right,1.0,1.468221664428711,570
swerve_left,False,True,False,False,True,True,True,False,True,cruise,1.0,1.4450044631958008,570
swerve_left,False,True,False,False,True,True,True,False,True,keep,1.0,1.5125133991241455,570
swerve_left,False,True,False,False,True,True,True,False,True,swerve_left,1.0,1.434314250946045,570
swerve_left,False,True,False,False,True,True,True,False,True,swerve_right,1.0,1.480133056640625,570
swerve_left,False,False,True,False,True,True,True,False,True,change_to_left,1.0,1.5273215770721436,571
swerve_left,False,False,True,False,True,True,True,False,True,change_to_right,1.0,1.5021286010742188,571
swerve_left,False,False,True,False,True,True,True,False,True,cruise,1.0,1.4588756561279297,571
swerve_left,False,False,True,False,True,True,True,False,True,keep,1.0,1.5134899616241455,571
swerve_left,False,False,True,False,True,True,True,False,True,swerve_left,1.0,1.4510536193847656,571
swerve_left,False,False,True,False,True,True,True,False,True,swerve_right,1.0,1.5207624435424805,571
swerve_left,False,True,True,False,True,True,True,False,True,change_to_left,1.0,1.4599175453186035,572
swerve_left,False,True,True,False,True,True,True,False,True,change_to_right,1.0,1.489898920059204,572
swerve_left,False,True,True,False,True,True,True,False,True,cruise,1.0,1.4460175037384033,572
swerve_left,False,True,True,False,True,True,True,False,True,keep,1.0,1.4702720642089844,572
swerve_left,False,True,True,False,True,True,True,False,True,swerve_left,1.0,1.4337902069091797,572
swerve_left,False,True,True,False,True,True,True,False,True,swerve_right,1.0,1.4832170009613037,572
swerve_left,False,False,False,True,True,True,True,False,True,change_to_left,1.0,1.4876811504364014,573
swerve_left,False,False,False,True,True,True,True,False,True,change_to_right,1.0,1.499495267868042,573
swerve_left,False,False,False,True,True,True,True,False,True,cruise,1.0,1.4535603523254395,573
swerve_left,False,False,False,True,True,True,True,False,True,keep,1.0,1.5168771743774414,573
swerve_left,False,False,False,True,True,True,True,False,True,swerve_left,1.0,1.466266393661499,573
swerve_left,False,False,False,True,True,True,True,False,True,swerve_right,1.0,1.5031099319458008,573
swerve_left,False,True,False,True,True,True,True,False,True,change_to_left,1.0,1.4989500045776367,574
swerve_left,False,True,False,True,True,True,True,False,True,change_to_right,1.0,1.4817531108856201,574
swerve_left,False,True,False,True,True,True,True,False,True,cruise,1.0,1.452789068222046,574
swerve_left,False,True,False,True,True,True,True,False,True,keep,1.0,1.4762182235717773,574
swerve_left,False,True,False,True,True,True,True,False,True,swerve_left,1.0,1.4406428337097168,574
swerve_left,False,True,False,True,True,True,True,False,True,swerve_right,1.0,1.4829270839691162,574
swerve_left,False,False,True,True,True,True,True,False,True,change_to_left,1.0,1.492851972579956,575
swerve_left,False,False,True,True,True,True,True,False,True,change_to_right,1.0,1.4983251094818115,575
swerve_left,False,False,True,True,True,True,True,False,True,cruise,1.0,1.4545156955718994,575
swerve_left,False,False,True,True,True,True,True,False,True,keep,1.0,1.503066062927246,575
swerve_left,False,False,True,True,True,True,True,False,True,swerve_left,1.0,1.4497358798980713,575
swerve_left,False,False,True,True,True,True,True,False,True,swerve_right,1.0,1.4950263500213623,575
swerve_left,False,True,True,True,True,True,True,False,True,change_to_left,1.0,1.4932363033294678,576
swerve_left,False,True,True,True,True,True,True,False,True,change_to_right,1.0,1.5064969062805176,576
swerve_left,False,True,True,True,True,True,True,False,True,cruise,1.0,1.4532690048217773,576
swerve_left,False,True,True,True,True,True,True,False,True,keep,1.0,1.4818966388702393,576
swerve_left,False,True,True,True,True,True,True,False,True,swerve_left,1.0,1.4337577819824219,576
swerve_left,False,True,True,True,True,True,True,False,True,swerve_right,1.0,1.4931159019470215,576
swerve_right,True,False,False,False,False,False,False,False,True,change_to_left,1.0,1.502011775970459,577
swerve_right,True,False,False,False,False,False,False,False,True,change_to_right,1.0,1.4967620372772217,577
swerve_right,True,False,False,False,False,False,False,False,True,cruise,1.0,1.4497134685516357,577
swerve_right,True,False,False,False,False,False,False,False,True,keep,1.0,1.528456449508667,577
swerve_right,True,False,False,False,False,False,False,False,True,swerve_left,1.0,1.4560885429382324,577
swerve_right,True,False,False,False,False,False,False,False,True,swerve_right,1.0,1.5257296562194824,577
swerve_right,True,True,False,False,False,False,False,False,True,change_to_left,1.0,1.4803907871246338,578
swerve_right,True,True,False,False,False,False,False,False,True,change_to_right,1.0,1.4673538208007812,578
swerve_right,True,True,False,False,False,False,False,False,True,cruise,1.0,1.450951337814331,578
swerve_right,True,True,False,False,False,False,False,False,True,keep,1.0,1.473832368850708,578
swerve_right,True,True,False,False,False,False,False,False,True,swerve_left,1.0,1.4413254261016846,578
swerve_right,True,True,False,False,False,False,False,False,True,swerve_right,1.0,1.4936110973358154,578
swerve_right,True,False,True,False,False,False,False,False,True,change_to_left,1.0,1.5026681423187256,579
swerve_right,True,False,True,False,False,False,False,False,True,change_to_right,1.0,1.5192811489105225,579
swerve_right,True,False,True,False,False,False,False,False,True,cruise,1.0,1.453571081161499,579
swerve_right,True,False,True,False,False,False,False,False,True,keep,1.0,1.5265088081359863,579
swerve_right,True,False,True,False,False,False,False,False,True,swerve_left,1.0,1.4508047103881836,579
swerve_right,True,False,True,False,False,False,False,False,True,swerve_right,1.0,1.5025687217712402,579
swerve_right,True,True,True,False,False,False,False,False,True,change_to_left,1.0,1.4792699813842773,580
swerve_right,True,True,True,False,False,False,False,False,True,change_to_right,1.0,1.4667632579803467,580
swerve_right,True,True,True,False,False,False,False,False,True,cruise,1.0,1.4452848434448242,580
swerve_right,True,True,True,False,False,False,False,False,True,keep,1.0,1.4922566413879395,580
swerve_right,True,True,True,False,False,False,False,False,True,swerve_left,1.0,1.4332294464111328,580
swerve_right,True,True,True,False,False,False,False,False,True,swerve_right,1.0,1.48646879196167,580
swerve_right,True,False,False,True,False,False,False,False,True,change_to_left,1.0,1.4838299751281738,581
swerve_right,True,False,False,True,False,False,False,False,True,change_to_right,1.0,1.499122142791748,581
swerve_right,True,False,False,True,False,False,False,False,True,cruise,1.0,1.4480104446411133,581
swerve_right,True,False,False,True,False,False,False,False,True,keep,1.0,1.5050389766693115,581
swerve_right,True,False,False,True,False,False,False,False,True,swerve_left,1.0,1.4190804958343506,581
swerve_right,True,False,False,True,False,False,False,False,True,swerve_right,1.0,1.4849951267242432,581
swerve_right,True,True,False,True,False,False,False,False,True,change_to_left,1.0,1.507279872894287,582
swerve_right,True,True,False,True,False,False,False,False,True,change_to_right,1.0,1.4924185276031494,582
swerve_right,True,True,False,True,False,False,False,False,True,cruise,1.0,1.4540350437164307,582
swerve_right,True,True,False,True,False,False,False,False,True,keep,1.0,1.5057568550109863,582
swerve_right,True,True,False,True,False,False,False,False,True,swerve_left,1.0,1.4633378982543945,582
swerve_right,True,True,False,True,False,False,False,False,True,swerve_right,1.0,1.5076489448547363,582
swerve_right,True,False,True,True,False,False,False,False,True,change_to_left,1.0,1.5149877071380615,583
swerve_right,True,False,True,True,False,False,False,False,True,change_to_right,1.0,1.4967155456542969,583
swerve_right,True,False,True,True,False,False,False,False,True,cruise,1.0,1.4357726573944092,583
swerve_right,True,False,True,True,False,False,False,False,True,keep,1.0,1.4901783466339111,583
swerve_right,True,False,True,True,False,False,False,False,True,swerve_left,1.0,1.4548261165618896,583
swerve_right,True,False,True,True,False,False,False,False,True,swerve_right,1.0,1.4925789833068848,583
swerve_right,True,True,True,True,False,False,False,False,True,change_to_left,1.0,1.4996449947357178,584
swerve_right,True,True,True,True,False,False,False,False,True,change_to_right,1.0,1.472090244293213,584
swerve_right,True,True,True,True,False,False,False,False,True,cruise,1.0,1.4342236518859863,584
swerve_right,True,True,True,True,False,False,False,False,True,keep,1.0,1.4837796688079834,584
swerve_right,True,True,True,True,False,False,False,False,True,swerve_left,1.0,1.4579870700836182,584
swerve_right,True,True,True,True,False,False,False,False,True,swerve_right,1.0,1.4993243217468262,584
swerve_right,True,False,False,False,True,False,False,False,True,change_to_left,1.0,1.4623818397521973,585
swerve_right,True,False,False,False,True,False,False,False,True,change_to_right,1.0,1.4862236976623535,585
swerve_right,True,False,False,False,True,False,False,False,True,cruise,1.0,1.4397330284118652,585
swerve_right,True,False,False,False,True,False,False,False,True,keep,1.0,1.480997085571289,585
swerve_right,True,False,False,False,True,False,False,False,True,swerve_left,1.0,1.4301838874816895,585
swerve_right,True,False,False,False,True,False,False,False,True,swerve_right,1.0,1.4588463306427002,585
swerve_right,True,True,False,False,True,False,False,False,True,change_to_left,1.0,1.4917347431182861,586
swerve_right,True,True,False,False,True,False,False,False,True,change_to_right,1.0,1.4893131256103516,586
swerve_right,True,True,False,False,True,False,False,False,True,cruise,1.0,1.4701764583587646,586
swerve_right,True,True,False,False,True,False,False,False,True,keep,1.0,1.4996941089630127,586
swerve_right,True,True,False,False,True,False,False,False,True,swerve_left,1.0,1.4689581394195557,586
swerve_right,True,True,False,False,True,False,False,False,True,swerve_right,1.0,1.519519329071045,586
swerve_right,True,False,True,False,True,False,False,False,True,change_to_left,1.0,1.4858646392822266,587
swerve_right,True,False,True,False,True,False,False,False,True,change_to_right,1.0,1.5105385780334473,587
swerve_right,True,False,True,False,True,False,False,False,True,cruise,1.0,1.4561750888824463,587
swerve_right,True,False,True,False,True,False,False,False,True,keep,1.0,1.5188446044921875,587
swerve_right,True,False,True,False,True,False,False,False,True,swerve_left,1.0,1.4506354331970215,587
swerve_right,True,False,True,False,True,False,False,False,True,swerve_right,1.0,1.4998106956481934,587
swerve_right,True,True,True,False,True,False,False,False,True,change_to_left,1.0,1.5424113273620605,588
swerve_right,True,True,True,False,True,False,False,False,True,change_to_right,1.0,1.5347750186920166,588
swerve_right,True,True,True,False,True,False,False,False,True,cruise,1.0,1.4986755847930908,588
swerve_right,True,True,True,False,True,False,False,False,True,keep,1.0,1.5321922302246094,588
swerve_right,True,True,True,False,True,False,False,False,True,swerve_left,1.0,1.5508897304534912,588
swerve_right,True,True,True,False,True,False,False,False,True,swerve_right,1.0,1.506840467453003,588
swerve_right,True,False,False,True,True,False,False,False,True,change_to_left,1.0,1.4919354915618896,589
swerve_right,True,False,False,True,True,False,False,False,True,change_to_right,1.0,1.4940941333770752,589
swerve_right,True,False,False,True,True,False,False,False,True,cruise,1.0,1.460601568222046,589
swerve_right,True,False,False,True,True,False,False,False,True,keep,1.0,1.523451328277588,589
swerve_right,True,False,False,True,True,False,False,False,True,swerve_left,1.0,1.4572811126708984,589
swerve_right,True,False,False,True,True,False,False,False,True,swerve_right,1.0,1.5062284469604492,589
swerve_right,True,True,False,True,True,False,False,False,True,change_to_left,1.0,1.5000686645507812,590
swerve_right,True,True,False,True,True,False,False,False,True,change_to_right,1.0,1.4863502979278564,590
swerve_right,True,True,False,True,True,False,False,False,True,cruise,1.0,1.464165210723877,590
swerve_right,True,True,False,True,True,False,False,False,True,keep,1.0,1.5115079879760742,590
swerve_right,True,True,False,True,True,False,False,False,True,swerve_left,1.0,1.4374783039093018,590
swerve_right,True,True,False,True,True,False,False,False,True,swerve_right,1.0,1.5079405307769775,590
swerve_right,True,False,True,True,True,False,False,False,True,change_to_left,1.0,1.4814016819000244,591
swerve_right,True,False,True,True,True,False,False,False,True,change_to_right,1.0,1.4930803775787354,591
swerve_right,True,False,True,True,True,False,False,False,True,cruise,1.0,1.4614717960357666,591
swerve_right,True,False,True,True,True,False,False,False,True,keep,1.0,1.5036969184875488,591
swerve_right,True,False,True,True,True,False,False,False,True,swerve_left,1.0,1.445605993270874,591
swerve_right,True,False,True,True,True,False,False,False,True,swerve_right,1.0,1.5056207180023193,591
swerve_right,True,True,True,True,True,False,False,False,True,change_to_left,1.0,1.4879591464996338,592
swerve_right,True,True,True,True,True,False,False,False,True,change_to_right,1.0,1.4804432392120361,592
swerve_right,True,True,True,True,True,False,False,False,True,cruise,1.0,1.4377241134643555,592
swerve_right,True,True,True,True,True,False,False,False,True,keep,1.0,1.4833948612213135,592
swerve_right,True,True,True,True,True,False,False,False,True,swerve_left,1.0,1.4182806015014648,592
swerve_right,True,True,True,True,True,False,False,False,True,swerve_right,1.0,1.4790847301483154,592
swerve_right,True,False,False,False,False,True,False,False,True,change_to_left,1.0,1.4849746227264404,593
swerve_right,True,False,False,False,False,True,False,False,True,change_to_right,1.0,1.511946439743042,593
swerve_right,True,False,False,False,False,True,False,False,True,cruise,1.0,1.4028832912445068,593
swerve_right,True,False,False,False,False,True,False,False,True,keep,1.0,1.4601600170135498,593
swerve_right,True,False,False,False,False,True,False,False,True,swerve_left,1.0,1.4125971794128418,593
swerve_right,True,False,False,False,False,True,False,False,True,swerve_right,1.0,1.480130910873413,593
swerve_right,True,True,False,False,False,True,False,False,True,change_to_left,1.0,1.4913387298583984,594
swerve_right,True,True,False,False,False,True,False,False,True,change_to_right,1.0,1.476909875869751,594
swerve_right,True,True,False,False,False,True,False,False,True,cruise,1.0,1.4647257328033447,594
swerve_right,True,True,False,False,False,True,False,False,True,keep,1.0,1.511601209640503,594
swerve_right,True,True,False,False,False,True,False,False,True,swerve_left,1.0,1.486295461654663,594
swerve_right,True,True,False,False,False,True,False,False,True,swerve_right,1.0,1.5069561004638672,594
swerve_right,True,False,True,False,False,True,False,False,True,change_to_left,1.0,1.5124948024749756,595
swerve_right,True,False,True,False,False,True,False,False,True,change_to_right,1.0,1.502295732498169,595
swerve_right,True,False,True,False,False,True,False,False,True,cruise,1.0,1.4727857112884521,595
swerve_right,True,False,True,False,False,True,False,False,True,keep,1.0,1.5164217948913574,595
swerve_right,True,False,True,False,False,True,False,False,True,swerve_left,1.0,1.4539175033569336,595
swerve_right,True,False,True,False,False,True,False,False,True,swerve_right,1.0,1.4846863746643066,595
swerve_right,True,True,True,False,False,True,False,False,True,change_to_left,1.0,1.5203266143798828,596
swerve_right,True,True,True,False,False,True,False,False,True,change_to_right,1.0,1.4911830425262451,596
swerve_right,True,True,True,False,False,True,False,False,True,cruise,1.0,1.4546630382537842,596
swerve_right,True,True,True,False,False,True,False,False,True,keep,1.0,1.5054028034210205,596
swerve_right,True,True,True,False,False,True,False,False,True,swerve_left,1.0,1.4891798496246338,596
swerve_right,True,True,True,False,False,True,False,False,True,swerve_right,1.0,1.511183500289917,596
swerve_right,True,False,False,True,False,True,False,False,True,change_to_left,1.0,1.4841804504394531,597
swerve_right,True,False,False,True,False,True,False,False,True,change_to_right,1.0,1.4811246395111084,597
swerve_right,True,False,False,True,False,True,False,False,True,cruise,1.0,1.4392004013061523,597
swerve_right,True,False,False,True,False,True,False,False,True,keep,1.0,1.4710776805877686,597
swerve_right,True,False,False,True,False,True,False,False,True,swerve_left,1.0,1.412046194076538,597
swerve_right,True,False,False,True,False,True,False,False,True,swerve_right,1.0,1.481947422027588,597
swerve_right,True,True,False,True,False,True,False,False,True,change_to_left,1.0,1.4882469177246094,598
swerve_right,True,True,False,True,False,True,False,False,True,change_to_right,1.0,1.4703283309936523,598
swerve_right,True,True,False,True,False,True,False,False,True,cruise,1.0,1.4583158493041992,598
swerve_right,True,True,False,True,False,True,False,False,True,keep,1.0,1.4860026836395264,598
swerve_right,True,True,False,True,False,True,False,False,True,swerve_left,1.0,1.4134995937347412,598
swerve_right,True,True,False,True,False,True,False,False,True,swerve_right,1.0,1.480233907699585,598
swerve_right,True,False,True,True,False,True,False,False,True,change_to_left,1.0,1.4994945526123047,599
swerve_right,True,False,True,True,False,True,False,False,True,change_to_right,1.0,1.485851526260376,599
swerve_right,True,False,True,True,False,True,False,False,True,cruise,1.0,1.4611594676971436,599
swerve_right,True,False,True,True,False,True,False,False,True,keep,1.0,1.5086133480072021,599
swerve_right,True,False,True,True,False,True,False,False,True,swerve_left,1.0,1.4234848022460938,599
swerve_right,True,False,True,True,False,True,False,False,True,swerve_right,1.0,1.4875602722167969,599
swerve_right,True,True,True,True,False,True,False,False,True,change_to_left,1.0,1.4961695671081543,600
swerve_right,True,True,True,True,False,True,False,False,True,change_to_right,1.0,1.480398416519165,600
swerve_right,True,True,True,True,False,True,False,False,True,cruise,1.0,1.4618701934814453,600
swerve_right,True,True,True,True,False,True,False,False,True,keep,1.0,1.4993500709533691,600
swerve_right,True,True,True,True,False,True,False,False,True,swerve_left,1.0,1.4404478073120117,600
swerve_right,True,True,True,True,False,True,False,False,True,swerve_right,1.0,1.501528024673462,600
swerve_right,True,False,False,False,True,True,False,False,True,change_to_left,1.0,1.5079188346862793,601
swerve_right,True,False,False,False,True,True,False,False,True,change_to_right,1.0,1.5102849006652832,601
swerve_right,True,False,False,False,True,True,False,False,True,cruise,1.0,1.445319414138794,601
swerve_right,True,False,False,False,True,True,False,False,True,keep,1.0,1.5072822570800781,601
swerve_right,True,False,False,False,True,True,False,False,True,swerve_left,1.0,1.4700698852539062,601
swerve_right,True,False,False,False,True,True,False,False,True,swerve_right,1.0,1.494945764541626,601
swerve_right,True,True,False,False,True,True,False,False,True,change_to_left,1.0,1.5029644966125488,602
swerve_right,True,True,False,False,True,True,False,False,True,change_to_right,1.0,1.5006730556488037,602
swerve_right,True,True,False,False,True,True,False,False,True,cruise,1.0,1.4639167785644531,602
swerve_right,True,True,False,False,True,True,False,False,True,keep,1.0,1.4916870594024658,602
swerve_right,True,True,False,False,True,True,False,False,True,swerve_left,1.0,1.4653501510620117,602
swerve_right,True,True,False,False,True,True,False,False,True,swerve_right,1.0,1.5099170207977295,602
swerve_right,True,False,True,False,True,True,False,False,True,change_to_left,1.0,1.4999487400054932,603
swerve_right,True,False,True,False,True,True,False,False,True,change_to_right,1.0,1.4930858612060547,603
swerve_right,True,False,True,False,True,True,False,False,True,cruise,1.0,1.4447803497314453,603
swerve_right,True,False,True,False,True,True,False,False,True,keep,1.0,1.4970600605010986,603
swerve_right,True,False,True,False,True,True,False,False,True,swerve_left,1.0,1.4471838474273682,603
swerve_right,True,False,True,False,True,True,False,False,True,swerve_right,1.0,1.4945366382598877,603
swerve_right,True,True,True,False,True,True,False,False,True,change_to_left,1.0,1.4906425476074219,604
swerve_right,True,True,True,False,True,True,False,False,True,change_to_right,1.0,1.4676764011383057,604
swerve_right,True,True,True,False,True,True,False,False,True,cruise,1.0,1.4401657581329346,604
swerve_right,True,True,True,False,True,True,False,False,True,keep,1.0,1.47590970993042,604
swerve_right,True,True,True,False,True,True,False,False,True,swerve_left,1.0,1.451246738433838,604
swerve_right,True,True,True,False,True,True,False,False,True,swerve_right,1.0,1.4834134578704834,604
swerve_right,True,False,False,True,True,True,False,False,True,change_to_left,1.0,1.492281436920166,605
swerve_right,True,False,False,True,True,True,False,False,True,change_to_right,1.0,1.474679946899414,605
swerve_right,True,False,False,True,True,True,False,False,True,cruise,1.0,1.4320266246795654,605
swerve_right,True,False,False,True,True,True,False,False,True,keep,1.0,1.4800527095794678,605
swerve_right,True,False,False,True,True,True,False,False,True,swerve_left,1.0,1.4627141952514648,605
swerve_right,True,False,False,True,True,True,False,False,True,swerve_right,1.0,1.4861702919006348,605
swerve_right,True,True,False,True,True,True,False,False,True,change_to_left,1.0,1.493398904800415,606
swerve_right,True,True,False,True,True,True,False,False,True,change_to_right,1.0,1.4917571544647217,606
swerve_right,True,True,False,True,True,True,False,False,True,cruise,1.0,1.4705052375793457,606
swerve_right,True,True,False,True,True,True,False,False,True,keep,1.0,1.506629228591919,606
swerve_right,True,True,False,True,True,True,False,False,True,swerve_left,1.0,1.4705018997192383,606
swerve_right,True,True,False,True,True,True,False,False,True,swerve_right,1.0,1.5007641315460205,606
swerve_right,True,False,True,True,True,True,False,False,True,change_to_left,1.0,1.5135011672973633,607
swerve_right,True,False,True,True,True,True,False,False,True,change_to_right,1.0,1.507521390914917,607
swerve_right,True,False,True,True,True,True,False,False,True,cruise,1.0,1.4622299671173096,607
swerve_right,True,False,True,True,True,True,False,False,True,keep,1.0,1.5124077796936035,607
swerve_right,True,False,True,True,True,True,False,False,True,swerve_left,1.0,1.464082956314087,607
swerve_right,True,False,True,True,True,True,False,False,True,swerve_right,1.0,1.4844331741333008,607
swerve_right,True,True,True,True,True,True,False,False,True,change_to_left,1.0,1.516373872756958,608
swerve_right,True,True,True,True,True,True,False,False,True,change_to_right,1.0,1.5428388118743896,608
swerve_right,True,True,True,True,True,True,False,False,True,cruise,1.0,1.4744555950164795,608
swerve_right,True,True,True,True,True,True,False,False,True,keep,1.0,1.524263858795166,608
swerve_right,True,True,True,True,True,True,False,False,True,swerve_left,1.0,1.5156714916229248,608
swerve_right,True,True,True,True,True,True,False,False,True,swerve_right,1.0,1.472978115081787,608
swerve_right,True,False,False,False,False,False,True,False,True,change_to_left,1.0,1.4708569049835205,609
swerve_right,True,False,False,False,False,False,True,False,True,change_to_right,1.0,1.4712088108062744,609
swerve_right,True,False,False,False,False,False,True,False,True,cruise,1.0,1.437981128692627,609
swerve_right,True,False,False,False,False,False,True,False,True,keep,1.0,1.4655921459197998,609
swerve_right,True,False,False,False,False,False,True,False,True,swerve_left,1.0,1.4261858463287354,609
swerve_right,True,False,False,False,False,False,True,False,True,swerve_right,1.0,1.4699623584747314,609
swerve_right,True,True,False,False,False,False,True,False,True,change_to_left,1.0,1.514981985092163,610
swerve_right,True,True,False,False,False,False,True,False,True,change_to_right,1.0,1.470452070236206,610
swerve_right,True,True,False,False,False,False,True,False,True,cruise,1.0,1.4428892135620117,610
swerve_right,True,True,False,False,False,False,True,False,True,keep,1.0,1.5006458759307861,610
swerve_right,True,True,False,False,False,False,True,False,True,swerve_left,1.0,1.4546759128570557,610
swerve_right,True,True,False,False,False,False,True,False,True,swerve_right,1.0,1.5103042125701904,610
swerve_right,True,False,True,False,False,False,True,False,True,change_to_left,1.0,1.4730846881866455,611
swerve_right,True,False,True,False,False,False,True,False,True,change_to_right,1.0,1.4576871395111084,611
swerve_right,True,False,True,False,False,False,True,False,True,cruise,1.0,1.4404196739196777,611
swerve_right,True,False,True,False,False,False,True,False,True,keep,1.0,1.48789381980896,611
swerve_right,True,False,True,False,False,False,True,False,True,swerve_left,1.0,1.4476826190948486,611
swerve_right,True,False,True,False,False,False,True,False,True,swerve_right,1.0,1.4701764583587646,611
swerve_right,True,True,True,False,False,False,True,False,True,change_to_left,1.0,1.5080668926239014,612
swerve_right,True,True,True,False,False,False,True,False,True,change_to_right,1.0,1.500375509262085,612
swerve_right,True,True,True,False,False,False,True,False,True,cruise,1.0,1.4573187828063965,612
swerve_right,True,True,True,False,False,False,True,False,True,keep,1.0,1.516054630279541,612
swerve_right,True,True,True,False,False,False,True,False,True,swerve_left,1.0,1.4604277610778809,612
swerve_right,True,True,True,False,False,False,True,False,True,swerve_right,1.0,1.5033462047576904,612
swerve_right,True,False,False,True,False,False,True,False,True,change_to_left,1.0,1.4905390739440918,613
swerve_right,True,False,False,True,False,False,True,False,True,change_to_right,1.0,1.4911305904388428,613
swerve_right,True,False,False,True,False,False,True,False,True,cruise,1.0,1.4260048866271973,613
swerve_right,True,False,False,True,False,False,True,False,True,keep,1.0,1.4700367450714111,613
swerve_right,True,False,False,True,False,False,True,False,True,swerve_left,1.0,1.4534525871276855,613
swerve_right,True,False,False,True,False,False,True,False,True,swerve_right,1.0,1.4846925735473633,613
swerve_right,True,True,False,True,False,False,True,False,True,change_to_left,1.0,1.4975154399871826,614
swerve_right,True,True,False,True,False,False,True,False,True,change_to_right,1.0,1.4961738586425781,614
swerve_right,True,True,False,True,False,False,True,False,True,cruise,1.0,1.4454588890075684,614
swerve_right,True,True,False,True,False,False,True,False,True,keep,1.0,1.5128357410430908,614
swerve_right,True,True,False,True,False,False,True,False,True,swerve_left,1.0,1.4779176712036133,614
swerve_right,True,True,False,True,False,False,True,False,True,swerve_right,1.0,1.4818735122680664,614
swerve_right,True,False,True,True,False,False,True,False,True,change_to_left,1.0,1.4985530376434326,615
swerve_right,True,False,True,True,False,False,True,False,True,change_to_right,1.0,1.4970295429229736,615
swerve_right,True,False,True,True,False,False,True,False,True,cruise,1.0,1.442669153213501,615
swerve_right,True,False,True,True,False,False,True,False,True,keep,1.0,1.5060474872589111,615
swerve_right,True,False,True,True,False,False,True,False,True,swerve_left,1.0,1.4650423526763916,615
swerve_right,True,False,True,True,False,False,True,False,True,swerve_right,1.0,1.4965488910675049,615
swerve_right,True,True,True,True,False,False,True,False,True,change_to_left,1.0,1.4635472297668457,616
swerve_right,True,True,True,True,False,False,True,False,True,change_to_right,1.0,1.4928970336914062,616
swerve_right,True,True,True,True,False,False,True,False,True,cruise,1.0,1.4435389041900635,616
swerve_right,True,True,True,True,False,False,True,False,True,keep,1.0,1.4783167839050293,616
swerve_right,True,True,True,True,False,False,True,False,True,swerve_left,1.0,1.432619571685791,616
swerve_right,True,True,True,True,False,False,True,False,True,swerve_right,1.0,1.4638941287994385,616
swerve_right,True,False,False,False,True,False,True,False,True,change_to_left,1.0,1.4810211658477783,617
swerve_right,True,False,False,False,True,False,True,False,True,change_to_right,1.0,1.4903736114501953,617
swerve_right,True,False,False,False,True,False,True,False,True,cruise,1.0,1.4362525939941406,617
swerve_right,True,False,False,False,True,False,True,False,True,keep,1.0,1.481299638748169,617
swerve_right,True,False,False,False,True,False,True,False,True,swerve_left,1.0,1.4255743026733398,617
swerve_right,True,False,False,False,True,False,True,False,True,swerve_right,1.0,1.4802398681640625,617
swerve_right,True,True,False,False,True,False,True,False,True,change_to_left,1.0,1.4927632808685303,618
swerve_right,True,True,False,False,True,False,True,False,True,change_to_right,1.0,1.4993891716003418,618
swerve_right,True,True,False,False,True,False,True,False,True,cruise,1.0,1.4634582996368408,618
swerve_right,True,True,False,False,True,False,True,False,True,keep,1.0,1.5253827571868896,618
swerve_right,True,True,False,False,True,False,True,False,True,swerve_left,1.0,1.4702377319335938,618
swerve_right,True,True,False,False,True,False,True,False,True,swerve_right,1.0,1.4960050582885742,618
swerve_right,True,False,True,False,True,False,True,False,True,change_to_left,1.0,1.4985485076904297,619
swerve_right,True,False,True,False,True,False,True,False,True,change_to_right,1.0,1.4753177165985107,619
swerve_right,True,False,True,False,True,False,True,False,True,cruise,1.0,1.4598956108093262,619
swerve_right,True,False,True,False,True,False,True,False,True,keep,1.0,1.5260343551635742,619
swerve_right,True,False,True,False,True,False,True,False,True,swerve_left,1.0,1.445894479751587,619
swerve_right,True,False,True,False,True,False,True,False,True,swerve_right,1.0,1.5037145614624023,619
swerve_right,True,True,True,False,True,False,True,False,True,change_to_left,1.0,1.7956011295318604,620
swerve_right,True,True,True,False,True,False,True,False,True,change_to_right,1.0,1.8158748149871826,620
swerve_right,True,True,True,False,True,False,True,False,True,cruise,1.0,1.7902405261993408,620
swerve_right,True,True,True,False,True,False,True,False,True,keep,1.0,1.7983834743499756,620
swerve_right,True,True,True,False,True,False,True,False,True,swerve_left,1.0,1.798586368560791,620
swerve_right,True,True,True,False,True,False,True,False,True,swerve_right,1.0,1.8161845207214355,620
swerve_right,True,False,False,True,True,False,True,False,True,change_to_left,1.0,1.51289963722229,621
swerve_right,True,False,False,True,True,False,True,False,True,change_to_right,1.0,1.4737160205841064,621
swerve_right,True,False,False,True,True,False,True,False,True,cruise,1.0,1.4461541175842285,621
swerve_right,True,False,False,True,True,False,True,False,True,keep,1.0,1.4992420673370361,621
swerve_right,True,False,False,True,True,False,True,False,True,swerve_left,1.0,1.4708635807037354,621
swerve_right,True,False,False,True,True,False,True,False,True,swerve_right,1.0,1.485478162765503,621
swerve_right,True,True,False,True,True,False,True,False,True,change_to_left,1.0,1.4762771129608154,622
swerve_right,True,True,False,True,True,False,True,False,True,change_to_right,1.0,1.460564136505127,622
swerve_right,True,True,False,True,True,False,True,False,True,cruise,1.0,1.4524707794189453,622
swerve_right,True,True,False,True,True,False,True,False,True,keep,1.0,1.477522850036621,622
swerve_right,True,True,False,True,True,False,True,False,True,swerve_left,1.0,1.4113848209381104,622
swerve_right,True,True,False,True,True,False,True,False,True,swerve_right,1.0,1.4735846519470215,622
swerve_right,True,False,True,True,True,False,True,False,True,change_to_left,1.0,1.529850721359253,623
swerve_right,True,False,True,True,True,False,True,False,True,change_to_right,1.0,1.4942448139190674,623
swerve_right,True,False,True,True,True,False,True,False,True,cruise,1.0,1.4805352687835693,623
swerve_right,True,False,True,True,True,False,True,False,True,keep,1.0,1.5304503440856934,623
swerve_right,True,False,True,True,True,False,True,False,True,swerve_left,1.0,1.467599868774414,623
swerve_right,True,False,True,True,True,False,True,False,True,swerve_right,1.0,1.4986324310302734,623
swerve_right,True,True,True,True,True,False,True,False,True,change_to_left,1.0,1.5106709003448486,624
swerve_right,True,True,True,True,True,False,True,False,True,change_to_right,1.0,1.4960088729858398,624
swerve_right,True,True,True,True,True,False,True,False,True,cruise,1.0,1.469785213470459,624
swerve_right,True,True,True,True,True,False,True,False,True,keep,1.0,1.4953360557556152,624
swerve_right,True,True,True,True,True,False,True,False,True,swerve_left,1.0,1.4418973922729492,624
swerve_right,True,True,True,True,True,False,True,False,True,swerve_right,1.0,1.5027644634246826,624
swerve_right,True,False,False,False,False,True,True,False,True,change_to_left,1.0,1.4671220779418945,625
swerve_right,True,False,False,False,False,True,True,False,True,change_to_right,1.0,1.4751412868499756,625
swerve_right,True,False,False,False,False,True,True,False,True,cruise,1.0,1.4433376789093018,625
swerve_right,True,False,False,False,False,True,True,False,True,keep,1.0,1.4511210918426514,625
swerve_right,True,False,False,False,False,True,True,False,True,swerve_left,1.0,1.4244985580444336,625
swerve_right,True,False,False,False,False,True,True,False,True,swerve_right,1.0,1.4679203033447266,625
swerve_right,True,True,False,False,False,True,True,False,True,change_to_left,1.0,1.514319658279419,626
swerve_right,True,True,False,False,False,True,True,False,True,change_to_right,1.0,1.4923546314239502,626
swerve_right,True,True,False,False,False,True,True,False,True,cruise,1.0,1.481004238128662,626
swerve_right,True,True,False,False,False,True,True,False,True,keep,1.0,1.5061516761779785,626
swerve_right,True,True,False,False,False,True,True,False,True,swerve_left,1.0,1.4462096691131592,626
swerve_right,True,True,False,False,False,True,True,False,True,swerve_right,1.0,1.5238292217254639,626
swerve_right,True,False,True,False,False,True,True,False,True,change_to_left,1.0,1.4664788246154785,627
swerve_right,True,False,True,False,False,True,True,False,True,change_to_right,1.0,1.4654350280761719,627
swerve_right,True,False,True,False,False,True,True,False,True,cruise,1.0,1.4450109004974365,627
swerve_right,True,False,True,False,False,True,True,False,True,keep,1.0,1.46769118309021,627
swerve_right,True,False,True,False,False,True,True,False,True,swerve_left,1.0,1.43275785446167,627
swerve_right,True,False,True,False,False,True,True,False,True,swerve_right,1.0,1.5030195713043213,627
swerve_right,True,True,True,False,False,True,True,False,True,change_to_left,1.0,1.5266802310943604,628
swerve_right,True,True,True,False,False,True,True,False,True,change_to_right,1.0,1.4830212593078613,628
swerve_right,True,True,True,False,False,True,True,False,True,cruise,1.0,1.4431424140930176,628
swerve_right,True,True,True,False,False,True,True,False,True,keep,1.0,1.5238192081451416,628
swerve_right,True,True,True,False,False,True,True,False,True,swerve_left,1.0,1.4280486106872559,628
swerve_right,True,True,True,False,False,True,True,False,True,swerve_right,1.0,1.5046117305755615,628
swerve_right,True,False,False,True,False,True,True,False,True,change_to_left,1.0,1.5068175792694092,629
swerve_right,True,False,False,True,False,True,True,False,True,change_to_right,1.0,1.4832556247711182,629
swerve_right,True,False,False,True,False,True,True,False,True,cruise,1.0,1.4372916221618652,629
swerve_right,True,False,False,True,False,True,True,False,True,keep,1.0,1.5170116424560547,629
swerve_right,True,False,False,True,False,True,True,False,True,swerve_left,1.0,1.4452457427978516,629
swerve_right,True,False,False,True,False,True,True,False,True,swerve_right,1.0,1.5109999179840088,629
swerve_right,True,True,False,True,False,True,True,False,True,change_to_left,1.0,1.5001146793365479,630
swerve_right,True,True,False,True,False,True,True,False,True,change_to_right,1.0,1.4741673469543457,630
swerve_right,True,True,False,True,False,True,True,False,True,cruise,1.0,1.433448076248169,630
swerve_right,True,True,False,True,False,True,True,False,True,keep,1.0,1.4627859592437744,630
swerve_right,True,True,False,True,False,True,True,False,True,swerve_left,1.0,1.4354653358459473,630
swerve_right,True,True,False,True,False,True,True,False,True,swerve_right,1.0,1.480652093887329,630
swerve_right,True,False,True,True,False,True,True,False,True,change_to_left,1.0,1.4865038394927979,631
swerve_right,True,False,True,True,False,True,True,False,True,change_to_right,1.0,1.4919307231903076,631
swerve_right,True,False,True,True,False,True,True,False,True,cruise,1.0,1.4451236724853516,631
swerve_right,True,False,True,True,False,True,True,False,True,keep,1.0,1.469344139099121,631
swerve_right,True,False,True,True,False,True,True,False,True,swerve_left,1.0,1.449779748916626,631
swerve_right,True,False,True,True,False,True,True,False,True,swerve_right,1.0,1.4965486526489258,631
swerve_right,True,True,True,True,False,True,True,False,True,change_to_left,1.0,1.5026519298553467,632
swerve_right,True,True,True,True,False,True,True,False,True,change_to_right,1.0,1.481813669204712,632
swerve_right,True,True,True,True,False,True,True,False,True,cruise,1.0,1.4650611877441406,632
swerve_right,True,True,True,True,False,True,True,False,True,keep,1.0,1.5026307106018066,632
swerve_right,True,True,True,True,False,True,True,False,True,swerve_left,1.0,1.4559080600738525,632
swerve_right,True,True,True,True,False,True,True,False,True,swerve_right,1.0,1.497382640838623,632
swerve_right,True,False,False,False,True,True,True,False,True,change_to_left,1.0,1.5151169300079346,633
swerve_right,True,False,False,False,True,True,True,False,True,change_to_right,1.0,1.4987566471099854,633
swerve_right,True,False,False,False,True,True,True,False,True,cruise,1.0,1.4610686302185059,633
swerve_right,True,False,False,False,True,True,True,False,True,keep,1.0,1.5097641944885254,633
swerve_right,True,False,False,False,True,True,True,False,True,swerve_left,1.0,1.4587485790252686,633
swerve_right,True,False,False,False,True,True,True,False,True,swerve_right,1.0,1.5133674144744873,633
swerve_right,True,True,False,False,True,True,True,False,True,change_to_left,0.8663472929288759,2.312842845916748,634
swerve_right,True,True,False,False,True,True,True,False,True,change_to_right,0.8814235900056753,2.285416841506958,634
swerve_right,True,True,False,False,True,True,True,False,True,cruise,0.21926953913419883,2.3462655544281006,634
swerve_right,True,True,False,False,True,True,True,False,True,keep,0.0020743114464773695,2.2957422733306885,634
swerve_right,True,True,False,False,True,True,True,False,True,swerve_left,0.001995505994502971,2.280728816986084,634
swerve_right,True,True,False,False,True,True,True,False,True,swerve_right,1.0,1.3257579803466797,634
swerve_right,True,False,True,False,True,True,True,False,True,change_to_left,1.0,1.5012691020965576,635
swerve_right,True,False,True,False,True,True,True,False,True,change_to_right,1.0,1.483964443206787,635
swerve_right,True,False,True,False,True,True,True,False,True,cruise,1.0,1.417875051498413,635
swerve_right,True,False,True,False,True,True,True,False,True,keep,1.0,1.478994607925415,635
swerve_right,True,False,True,False,True,True,True,False,True,swerve_left,1.0,1.4208550453186035,635
swerve_right,True,False,True,False,True,True,True,False,True,swerve_right,1.0,1.49415922164917,635
swerve_right,True,True,True,False,True,True,True,False,True,change_to_left,1.0,1.4946999549865723,636
swerve_right,True,True,True,False,True,True,True,False,True,change_to_right,1.0,1.4774198532104492,636
swerve_right,True,True,True,False,True,True,True,False,True,cruise,1.0,1.436551570892334,636
swerve_right,True,True,True,False,True,True,True,False,True,keep,1.0,1.501091480255127,636
swerve_right,True,True,True,False,True,True,True,False,True,swerve_left,1.0,1.4584228992462158,636
swerve_right,True,True,True,False,True,True,True,False,True,swerve_right,1.0,1.4904561042785645,636
swerve_right,True,False,False,True,True,True,True,False,True,change_to_left,1.0,1.527980089187622,637
swerve_right,True,False,False,True,True,True,True,False,True,change_to_right,1.0,1.4890310764312744,637
swerve_right,True,False,False,True,True,True,True,False,True,cruise,1.0,1.469747543334961,637
swerve_right,True,False,False,True,True,True,True,False,True,keep,1.0,1.5037083625793457,637
swerve_right,True,False,False,True,True,True,True,False,True,swerve_left,1.0,1.449388027191162,637
swerve_right,True,False,False,True,True,True,True,False,True,swerve_right,1.0,1.490701675415039,637
swerve_right,True,True,False,True,True,True,True,False,True,change_to_left,1.0,1.500159502029419,638
swerve_right,True,True,False,True,True,True,True,False,True,change_to_right,1.0,1.4844098091125488,638
swerve_right,True,True,False,True,True,True,True,False,True,cruise,1.0,1.4659435749053955,638
swerve_right,True,True,False,True,True,True,True,False,True,keep,1.0,1.5027563571929932,638
swerve_right,True,True,False,True,True,True,True,False,True,swerve_left,1.0,1.4547042846679688,638
swerve_right,True,True,False,True,True,True,True,False,True,swerve_right,1.0,1.4994874000549316,638
swerve_right,True,False,True,True,True,True,True,False,True,change_to_left,1.0,1.4857895374298096,639
swerve_right,True,False,True,True,True,True,True,False,True,change_to_right,1.0,1.4917104244232178,639
swerve_right,True,False,True,True,True,True,True,False,True,cruise,1.0,1.4495329856872559,639
swerve_right,True,False,True,True,True,True,True,False,True,keep,1.0,1.4716017246246338,639
swerve_right,True,False,True,True,True,True,True,False,True,swerve_left,1.0,1.4368507862091064,639
swerve_right,True,False,True,True,True,True,True,False,True,swerve_right,1.0,1.474191427230835,639
swerve_right,True,True,True,True,True,True,True,False,True,change_to_left,1.0,1.5318117141723633,640
swerve_right,True,True,True,True,True,True,True,False,True,change_to_right,1.0,1.5562400817871094,640
swerve_right,True,True,True,True,True,True,True,False,True,cruise,1.0,1.4712066650390625,640
swerve_right,True,True,True,True,True,True,True,False,True,keep,1.0,1.551119089126587,640
swerve_right,True,True,True,True,True,True,True,False,True,swerve_left,1.0,1.5493462085723877,640
swerve_right,True,True,True,True,True,True,True,False,True,swerve_right,1.0,1.4938879013061523,640
swerve_left,True,False,False,False,False,False,False,False,True,change_to_left,1.0,1.4783270359039307,641
swerve_left,True,False,False,False,False,False,False,False,True,change_to_right,1.0,1.4707822799682617,641
swerve_left,True,False,False,False,False,False,False,False,True,cruise,1.0,1.4468858242034912,641
swerve_left,True,False,False,False,False,False,False,False,True,keep,1.0,1.4914324283599854,641
swerve_left,True,False,False,False,False,False,False,False,True,swerve_left,1.0,1.440918207168579,641
swerve_left,True,False,False,False,False,False,False,False,True,swerve_right,1.0,1.469299554824829,641
swerve_left,True,True,False,False,False,False,False,False,True,change_to_left,1.0,1.4649813175201416,642
swerve_left,True,True,False,False,False,False,False,False,True,change_to_right,1.0,1.4729828834533691,642
swerve_left,True,True,False,False,False,False,False,False,True,cruise,1.0,1.4265880584716797,642
swerve_left,True,True,False,False,False,False,False,False,True,keep,1.0,1.4769070148468018,642
swerve_left,True,True,False,False,False,False,False,False,True,swerve_left,1.0,1.4327006340026855,642
swerve_left,True,True,False,False,False,False,False,False,True,swerve_right,1.0,1.4969472885131836,642
swerve_left,True,False,True,False,False,False,False,False,True,change_to_left,1.0,1.498323678970337,643
swerve_left,True,False,True,False,False,False,False,False,True,change_to_right,1.0,1.5102486610412598,643
swerve_left,True,False,True,False,False,False,False,False,True,cruise,1.0,1.484740972518921,643
swerve_left,True,False,True,False,False,False,False,False,True,keep,1.0,1.5075783729553223,643
swerve_left,True,False,True,False,False,False,False,False,True,swerve_left,1.0,1.4584152698516846,643
swerve_left,True,False,True,False,False,False,False,False,True,swerve_right,1.0,1.4881656169891357,643
swerve_left,True,True,True,False,False,False,False,False,True,change_to_left,1.0,1.5194807052612305,644
swerve_left,True,True,True,False,False,False,False,False,True,change_to_right,1.0,1.4863359928131104,644
swerve_left,True,True,True,False,False,False,False,False,True,cruise,1.0,1.4663066864013672,644
swerve_left,True,True,True,False,False,False,False,False,True,keep,1.0,1.518939733505249,644
swerve_left,True,True,True,False,False,False,False,False,True,swerve_left,1.0,1.4412460327148438,644
swerve_left,True,True,True,False,False,False,False,False,True,swerve_right,1.0,1.4987032413482666,644
swerve_left,True,False,False,True,False,False,False,False,True,change_to_left,1.0,1.4656596183776855,645
swerve_left,True,False,False,True,False,False,False,False,True,change_to_right,1.0,1.4783687591552734,645
swerve_left,True,False,False,True,False,False,False,False,True,cruise,1.0,1.4391448497772217,645
swerve_left,True,False,False,True,False,False,False,False,True,keep,1.0,1.4868791103363037,645
swerve_left,True,False,False,True,False,False,False,False,True,swerve_left,1.0,1.4294085502624512,645
swerve_left,True,False,False,True,False,False,False,False,True,swerve_right,1.0,1.4952218532562256,645
swerve_left,True,True,False,True,False,False,False,False,True,change_to_left,1.0,1.4802467823028564,646
swerve_left,True,True,False,True,False,False,False,False,True,change_to_right,1.0,1.4599878787994385,646
swerve_left,True,True,False,True,False,False,False,False,True,cruise,1.0,1.461198091506958,646
swerve_left,True,True,False,True,False,False,False,False,True,keep,1.0,1.4706122875213623,646
swerve_left,True,True,False,True,False,False,False,False,True,swerve_left,1.0,1.4256737232208252,646
swerve_left,True,True,False,True,False,False,False,False,True,swerve_right,1.0,1.481581211090088,646
swerve_left,True,False,True,True,False,False,False,False,True,change_to_left,1.0,1.4957575798034668,647
swerve_left,True,False,True,True,False,False,False,False,True,change_to_right,1.0,1.474552869796753,647
swerve_left,True,False,True,True,False,False,False,False,True,cruise,1.0,1.4242587089538574,647
swerve_left,True,False,True,True,False,False,False,False,True,keep,1.0,1.4738562107086182,647
swerve_left,True,False,True,True,False,False,False,False,True,swerve_left,1.0,1.4335217475891113,647
swerve_left,True,False,True,True,False,False,False,False,True,swerve_right,1.0,1.4944133758544922,647
swerve_left,True,True,True,True,False,False,False,False,True,change_to_left,1.0,1.518247365951538,648
swerve_left,True,True,True,True,False,False,False,False,True,change_to_right,1.0,1.518310546875,648
swerve_left,True,True,True,True,False,False,False,False,True,cruise,1.0,1.4495062828063965,648
swerve_left,True,True,True,True,False,False,False,False,True,keep,1.0,1.50547456741333,648
swerve_left,True,True,True,True,False,False,False,False,True,swerve_left,1.0,1.4588518142700195,648
swerve_left,True,True,True,True,False,False,False,False,True,swerve_right,1.0,1.4995198249816895,648
swerve_left,True,False,False,False,True,False,False,False,True,change_to_left,1.0,1.4998774528503418,649
swerve_left,True,False,False,False,True,False,False,False,True,change_to_right,1.0,1.4787449836730957,649
swerve_left,True,False,False,False,True,False,False,False,True,cruise,1.0,1.442495584487915,649
swerve_left,True,False,False,False,True,False,False,False,True,keep,1.0,1.4895193576812744,649
swerve_left,True,False,False,False,True,False,False,False,True,swerve_left,1.0,1.4559321403503418,649
swerve_left,True,False,False,False,True,False,False,False,True,swerve_right,1.0,1.487513780593872,649
swerve_left,True,True,False,False,True,False,False,False,True,change_to_left,1.0,1.5022711753845215,650
swerve_left,True,True,False,False,True,False,False,False,True,change_to_right,1.0,1.4677000045776367,650
swerve_left,True,True,False,False,True,False,False,False,True,cruise,1.0,1.4238948822021484,650
swerve_left,True,True,False,False,True,False,False,False,True,keep,1.0,1.4806032180786133,650
swerve_left,True,True,False,False,True,False,False,False,True,swerve_left,1.0,1.4462573528289795,650
swerve_left,True,True,False,False,True,False,False,False,True,swerve_right,1.0,1.4817991256713867,650
swerve_left,True,False,True,False,True,False,False,False,True,change_to_left,1.0,1.4921061992645264,651
swerve_left,True,False,True,False,True,False,False,False,True,change_to_right,1.0,1.4880523681640625,651
swerve_left,True,False,True,False,True,False,False,False,True,cruise,1.0,1.4479897022247314,651
swerve_left,True,False,True,False,True,False,False,False,True,keep,1.0,1.5217201709747314,651
swerve_left,True,False,True,False,True,False,False,False,True,swerve_left,1.0,1.4364900588989258,651
swerve_left,True,False,True,False,True,False,False,False,True,swerve_right,1.0,1.4891345500946045,651
swerve_left,True,True,True,False,True,False,False,False,True,change_to_left,1.0,1.5355827808380127,652
swerve_left,True,True,True,False,True,False,False,False,True,change_to_right,1.0,1.5224134922027588,652
swerve_left,True,True,True,False,True,False,False,False,True,cruise,1.0,1.514561653137207,652
swerve_left,True,True,True,False,True,False,False,False,True,keep,1.0,1.556448221206665,652
swerve_left,True,True,True,False,True,False,False,False,True,swerve_left,1.0,1.5424103736877441,652
swerve_left,True,True,True,False,True,False,False,False,True,swerve_right,1.0,1.4954197406768799,652
swerve_left,True,False,False,True,True,False,False,False,True,change_to_left,1.0,1.3521366119384766,653
swerve_left,True,False,False,True,True,False,False,False,True,change_to_right,1.0,1.344831943511963,653
swerve_left,True,False,False,True,True,False,False,False,True,cruise,1.0,1.3889355659484863,653
swerve_left,True,False,False,True,True,False,False,False,True,keep,1.0,1.3354747295379639,653
swerve_left,True,False,False,True,True,False,False,False,True,swerve_left,1.0,1.3364753723144531,653
swerve_left,True,False,False,True,True,False,False,False,True,swerve_right,1.0,1.3236584663391113,653
swerve_left,True,True,False,True,True,False,False,False,True,change_to_left,1.0,1.4748387336730957,654
swerve_left,True,True,False,True,True,False,False,False,True,change_to_right,1.0,1.4635894298553467,654
swerve_left,True,True,False,True,True,False,False,False,True,cruise,1.0,1.4579963684082031,654
swerve_left,True,True,False,True,True,False,False,False,True,keep,1.0,1.4761977195739746,654
swerve_left,True,True,False,True,True,False,False,False,True,swerve_left,1.0,1.4234676361083984,654
swerve_left,True,True,False,True,True,False,False,False,True,swerve_right,1.0,1.4873442649841309,654
swerve_left,True,False,True,True,True,False,False,False,True,change_to_left,1.0,1.4739329814910889,655
swerve_left,True,False,True,True,True,False,False,False,True,change_to_right,1.0,1.4789130687713623,655
swerve_left,True,False,True,True,True,False,False,False,True,cruise,1.0,1.433845043182373,655
swerve_left,True,False,True,True,True,False,False,False,True,keep,1.0,1.4901468753814697,655
swerve_left,True,False,True,True,True,False,False,False,True,swerve_left,1.0,1.4460132122039795,655
swerve_left,True,False,True,True,True,False,False,False,True,swerve_right,1.0,1.469942331314087,655
swerve_left,True,True,True,True,True,False,False,False,True,change_to_left,1.0,1.3719937801361084,656
swerve_left,True,True,True,True,True,False,False,False,True,change_to_right,1.0,1.348501205444336,656
swerve_left,True,True,True,True,True,False,False,False,True,cruise,1.0,1.3622033596038818,656
swerve_left,True,True,True,True,True,False,False,False,True,keep,1.0,1.3267223834991455,656
swerve_left,True,True,True,True,True,False,False,False,True,swerve_left,1.0,1.3521099090576172,656
swerve_left,True,True,True,True,True,False,False,False,True,swerve_right,1.0,1.3394343852996826,656
swerve_left,True,False,False,False,False,True,False,False,True,change_to_left,1.0,1.481706142425537,657
swerve_left,True,False,False,False,False,True,False,False,True,change_to_right,1.0,1.4730839729309082,657
swerve_left,True,False,False,False,False,True,False,False,True,cruise,1.0,1.4515860080718994,657
swerve_left,True,False,False,False,False,True,False,False,True,keep,1.0,1.4977760314941406,657
swerve_left,True,False,False,False,False,True,False,False,True,swerve_left,1.0,1.4638938903808594,657
swerve_left,True,False,False,False,False,True,False,False,True,swerve_right,1.0,1.48405122756958,657
swerve_left,True,True,False,False,False,True,False,False,True,change_to_left,1.0,1.5098307132720947,658
swerve_left,True,True,False,False,False,True,False,False,True,change_to_right,1.0,1.473139762878418,658
swerve_left,True,True,False,False,False,True,False,False,True,cruise,1.0,1.4499988555908203,658
swerve_left,True,True,False,False,False,True,False,False,True,keep,1.0,1.516939640045166,658
swerve_left,True,True,False,False,False,True,False,False,True,swerve_left,1.0,1.4527337551116943,658
swerve_left,True,True,False,False,False,True,False,False,True,swerve_right,1.0,1.5152885913848877,658
swerve_left,True,False,True,False,False,True,False,False,True,change_to_left,1.0,1.4684514999389648,659
swerve_left,True,False,True,False,False,True,False,False,True,change_to_right,1.0,1.4807703495025635,659
swerve_left,True,False,True,False,False,True,False,False,True,cruise,1.0,1.4486660957336426,659
swerve_left,True,False,True,False,False,True,False,False,True,keep,1.0,1.474761724472046,659
swerve_left,True,False,True,False,False,True,False,False,True,swerve_left,1.0,1.4417462348937988,659
swerve_left,True,False,True,False,False,True,False,False,True,swerve_right,1.0,1.4749977588653564,659
swerve_left,True,True,True,False,False,True,False,False,True,change_to_left,1.0,1.4972054958343506,660
swerve_left,True,True,True,False,False,True,False,False,True,change_to_right,1.0,1.487044095993042,660
swerve_left,True,True,True,False,False,True,False,False,True,cruise,1.0,1.4565160274505615,660
swerve_left,True,True,True,False,False,True,False,False,True,keep,1.0,1.4941370487213135,660
swerve_left,True,True,True,False,False,True,False,False,True,swerve_left,1.0,1.4473779201507568,660
swerve_left,True,True,True,False,False,True,False,False,True,swerve_right,1.0,1.50392746925354,660
swerve_left,True,False,False,True,False,True,False,False,True,change_to_left,1.0,1.5210726261138916,661
swerve_left,True,False,False,True,False,True,False,False,True,change_to_right,1.0,1.5011401176452637,661
swerve_left,True,False,False,True,False,True,False,False,True,cruise,1.0,1.4365308284759521,661
swerve_left,True,False,False,True,False,True,False,False,True,keep,1.0,1.5207700729370117,661
swerve_left,True,False,False,True,False,True,False,False,True,swerve_left,1.0,1.4656150341033936,661
swerve_left,True,False,False,True,False,True,False,False,True,swerve_right,1.0,1.507814884185791,661
swerve_left,True,True,False,True,False,True,False,False,True,change_to_left,1.0,1.4912781715393066,662
swerve_left,True,True,False,True,False,True,False,False,True,change_to_right,1.0,1.4765710830688477,662
swerve_left,True,True,False,True,False,True,False,False,True,cruise,1.0,1.4407267570495605,662
swerve_left,True,True,False,True,False,True,False,False,True,keep,1.0,1.4832980632781982,662
swerve_left,True,True,False,True,False,True,False,False,True,swerve_left,1.0,1.4424309730529785,662
swerve_left,True,True,False,True,False,True,False,False,True,swerve_right,1.0,1.4603254795074463,662
swerve_left,True,False,True,True,False,True,False,False,True,change_to_left,1.0,1.5180275440216064,663
swerve_left,True,False,True,True,False,True,False,False,True,change_to_right,1.0,1.4989235401153564,663
swerve_left,True,False,True,True,False,True,False,False,True,cruise,1.0,1.4660282135009766,663
swerve_left,True,False,True,True,False,True,False,False,True,keep,1.0,1.500608205795288,663
swerve_left,True,False,True,True,False,True,False,False,True,swerve_left,1.0,1.4402577877044678,663
swerve_left,True,False,True,True,False,True,False,False,True,swerve_right,1.0,1.5157299041748047,663
swerve_left,True,True,True,True,False,True,False,False,True,change_to_left,1.0,1.521718978881836,664
swerve_left,True,True,True,True,False,True,False,False,True,change_to_right,1.0,1.5042002201080322,664
swerve_left,True,True,True,True,False,True,False,False,True,cruise,1.0,1.4674310684204102,664
swerve_left,True,True,True,True,False,True,False,False,True,keep,1.0,1.50522780418396,664
swerve_left,True,True,True,True,False,True,False,False,True,swerve_left,1.0,1.4509365558624268,664
swerve_left,True,True,True,True,False,True,False,False,True,swerve_right,1.0,1.5238964557647705,664
swerve_left,True,False,False,False,True,True,False,False,True,change_to_left,1.0,1.50612473487854,665
swerve_left,True,False,False,False,True,True,False,False,True,change_to_right,1.0,1.4922571182250977,665
swerve_left,True,False,False,False,True,True,False,False,True,cruise,1.0,1.447807788848877,665
swerve_left,True,False,False,False,True,True,False,False,True,keep,1.0,1.5009899139404297,665
swerve_left,True,False,False,False,True,True,False,False,True,swerve_left,1.0,1.454911470413208,665
swerve_left,True,False,False,False,True,True,False,False,True,swerve_right,1.0,1.4847164154052734,665
swerve_left,True,True,False,False,True,True,False,False,True,change_to_left,1.0,1.5034968852996826,666
swerve_left,True,True,False,False,True,True,False,False,True,change_to_right,1.0,1.4903838634490967,666
swerve_left,True,True,False,False,True,True,False,False,True,cruise,1.0,1.4513137340545654,666
swerve_left,True,True,False,False,True,True,False,False,True,keep,1.0,1.5055525302886963,666
swerve_left,True,True,False,False,True,True,False,False,True,swerve_left,1.0,1.4512312412261963,666
swerve_left,True,True,False,False,True,True,False,False,True,swerve_right,1.0,1.4905054569244385,666
swerve_left,True,False,True,False,True,True,False,False,True,change_to_left,1.0,1.4657130241394043,667
swerve_left,True,False,True,False,True,True,False,False,True,change_to_right,1.0,1.4608960151672363,667
swerve_left,True,False,True,False,True,True,False,False,True,cruise,1.0,1.4308452606201172,667
swerve_left,True,False,True,False,True,True,False,False,True,keep,1.0,1.468940019607544,667
swerve_left,True,False,True,False,True,True,False,False,True,swerve_left,1.0,1.4236021041870117,667
swerve_left,True,False,True,False,True,True,False,False,True,swerve_right,1.0,1.476396083831787,667
swerve_left,True,True,True,False,True,True,False,False,True,change_to_left,1.0,1.4889919757843018,668
swerve_left,True,True,True,False,True,True,False,False,True,change_to_right,1.0,1.4731018543243408,668
swerve_left,True,True,True,False,True,True,False,False,True,cruise,1.0,1.4319703578948975,668
swerve_left,True,True,True,False,True,True,False,False,True,keep,1.0,1.485870122909546,668
swerve_left,True,True,True,False,True,True,False,False,True,swerve_left,1.0,1.4283761978149414,668
swerve_left,True,True,True,False,True,True,False,False,True,swerve_right,1.0,1.4784302711486816,668
swerve_left,True,False,False,True,True,True,False,False,True,change_to_left,1.0,1.501168966293335,669
swerve_left,True,False,False,True,True,True,False,False,True,change_to_right,1.0,1.4984211921691895,669
swerve_left,True,False,False,True,True,True,False,False,True,cruise,1.0,1.4525842666625977,669
swerve_left,True,False,False,True,True,True,False,False,True,keep,1.0,1.517500638961792,669
swerve_left,True,False,False,True,True,True,False,False,True,swerve_left,1.0,1.4674313068389893,669
swerve_left,True,False,False,True,True,True,False,False,True,swerve_right,1.0,1.496511697769165,669
swerve_left,True,True,False,True,True,True,False,False,True,change_to_left,1.0,1.5113332271575928,670
swerve_left,True,True,False,True,True,True,False,False,True,change_to_right,1.0,1.5024919509887695,670
swerve_left,True,True,False,True,True,True,False,False,True,cruise,1.0,1.476823329925537,670
swerve_left,True,True,False,True,True,True,False,False,True,keep,1.0,1.509141206741333,670
swerve_left,True,True,False,True,True,True,False,False,True,swerve_left,1.0,1.4526948928833008,670
swerve_left,True,True,False,True,True,True,False,False,True,swerve_right,1.0,1.507894515991211,670
swerve_left,True,False,True,True,True,True,False,False,True,change_to_left,1.0,1.5079340934753418,671
swerve_left,True,False,True,True,True,True,False,False,True,change_to_right,1.0,1.4851102828979492,671
swerve_left,True,False,True,True,True,True,False,False,True,cruise,1.0,1.4550514221191406,671
swerve_left,True,False,True,True,True,True,False,False,True,keep,1.0,1.4762544631958008,671
swerve_left,True,False,True,True,True,True,False,False,True,swerve_left,1.0,1.412703514099121,671
swerve_left,True,False,True,True,True,True,False,False,True,swerve_right,1.0,1.4634220600128174,671
swerve_left,True,True,True,True,True,True,False,False,True,change_to_left,1.0,1.3441822528839111,672
swerve_left,True,True,True,True,True,True,False,False,True,change_to_right,1.0,1.3059160709381104,672
swerve_left,True,True,True,True,True,True,False,False,True,cruise,1.0,1.3361730575561523,672
swerve_left,True,True,True,True,True,True,False,False,True,keep,1.0,1.3266232013702393,672
swerve_left,True,True,True,True,True,True,False,False,True,swerve_left,1.0,1.3341317176818848,672
swerve_left,True,True,True,True,True,True,False,False,True,swerve_right,1.0,1.35969877243042,672
swerve_left,True,False,False,False,False,False,True,False,True,change_to_left,1.0,1.4840600490570068,673
swerve_left,True,False,False,False,False,False,True,False,True,change_to_right,1.0,1.5135586261749268,673
swerve_left,True,False,False,False,False,False,True,False,True,cruise,1.0,1.4452850818634033,673
swerve_left,True,False,False,False,False,False,True,False,True,keep,1.0,1.5077476501464844,673
swerve_left,True,False,False,False,False,False,True,False,True,swerve_left,1.0,1.464895248413086,673
swerve_left,True,False,False,False,False,False,True,False,True,swerve_right,1.0,1.5300183296203613,673
swerve_left,True,True,False,False,False,False,True,False,True,change_to_left,1.0,1.509889841079712,674
swerve_left,True,True,False,False,False,False,True,False,True,change_to_right,1.0,1.4913458824157715,674
swerve_left,True,True,False,False,False,False,True,False,True,cruise,1.0,1.4568266868591309,674
swerve_left,True,True,False,False,False,False,True,False,True,keep,1.0,1.5031256675720215,674
swerve_left,True,True,False,False,False,False,True,False,True,swerve_left,1.0,1.454899787902832,674
swerve_left,True,True,False,False,False,False,True,False,True,swerve_right,1.0,1.5032854080200195,674
swerve_left,True,False,True,False,False,False,True,False,True,change_to_left,1.0,1.5009078979492188,675
swerve_left,True,False,True,False,False,False,True,False,True,change_to_right,1.0,1.506354808807373,675
swerve_left,True,False,True,False,False,False,True,False,True,cruise,1.0,1.4755134582519531,675
swerve_left,True,False,True,False,False,False,True,False,True,keep,1.0,1.515563726425171,675
swerve_left,True,False,True,False,False,False,True,False,True,swerve_left,1.0,1.438011884689331,675
swerve_left,True,False,True,False,False,False,True,False,True,swerve_right,1.0,1.5076112747192383,675
swerve_left,True,True,True,False,False,False,True,False,True,change_to_left,1.0,1.510218620300293,676
swerve_left,True,True,True,False,False,False,True,False,True,change_to_right,1.0,1.504263162612915,676
swerve_left,True,True,True,False,False,False,True,False,True,cruise,1.0,1.481447696685791,676
swerve_left,True,True,True,False,False,False,True,False,True,keep,1.0,1.5323400497436523,676
swerve_left,True,True,True,False,False,False,True,False,True,swerve_left,1.0,1.4728138446807861,676
swerve_left,True,True,True,False,False,False,True,False,True,swerve_right,1.0,1.4979274272918701,676
swerve_left,True,False,False,True,False,False,True,False,True,change_to_left,1.0,1.4857244491577148,677
swerve_left,True,False,False,True,False,False,True,False,True,change_to_right,1.0,1.4838752746582031,677
swerve_left,True,False,False,True,False,False,True,False,True,cruise,1.0,1.4609217643737793,677
swerve_left,True,False,False,True,False,False,True,False,True,keep,1.0,1.4853565692901611,677
swerve_left,True,False,False,True,False,False,True,False,True,swerve_left,1.0,1.4443738460540771,677
swerve_left,True,False,False,True,False,False,True,False,True,swerve_right,1.0,1.4805629253387451,677
swerve_left,True,True,False,True,False,False,True,False,True,change_to_left,1.0,1.4680631160736084,678
swerve_left,True,True,False,True,False,False,True,False,True,change_to_right,1.0,1.4764683246612549,678
swerve_left,True,True,False,True,False,False,True,False,True,cruise,1.0,1.455017328262329,678
swerve_left,True,True,False,True,False,False,True,False,True,keep,1.0,1.4659488201141357,678
swerve_left,True,True,False,True,False,False,True,False,True,swerve_left,1.0,1.4422531127929688,678
swerve_left,True,True,False,True,False,False,True,False,True,swerve_right,1.0,1.494800090789795,678
swerve_left,True,False,True,True,False,False,True,False,True,change_to_left,1.0,1.4812052249908447,679
swerve_left,True,False,True,True,False,False,True,False,True,change_to_right,1.0,1.4911344051361084,679
swerve_left,True,False,True,True,False,False,True,False,True,cruise,1.0,1.4495956897735596,679
swerve_left,True,False,True,True,False,False,True,False,True,keep,1.0,1.4821579456329346,679
swerve_left,True,False,True,True,False,False,True,False,True,swerve_left,1.0,1.4522242546081543,679
swerve_left,True,False,True,True,False,False,True,False,True,swerve_right,1.0,1.5019166469573975,679
swerve_left,True,True,True,True,False,False,True,False,True,change_to_left,1.0,1.5025660991668701,680
swerve_left,True,True,True,True,False,False,True,False,True,change_to_right,1.0,1.4880261421203613,680
swerve_left,True,True,True,True,False,False,True,False,True,cruise,1.0,1.4654951095581055,680
swerve_left,True,True,True,True,False,False,True,False,True,keep,1.0,1.5056252479553223,680
swerve_left,True,True,True,True,False,False,True,False,True,swerve_left,1.0,1.4459547996520996,680
swerve_left,True,True,True,True,False,False,True,False,True,swerve_right,1.0,1.4975934028625488,680
swerve_left,True,False,False,False,True,False,True,False,True,change_to_left,1.0,1.4976508617401123,681
swerve_left,True,False,False,False,True,False,True,False,True,change_to_right,1.0,1.4882409572601318,681
swerve_left,True,False,False,False,True,False,True,False,True,cruise,1.0,1.4575326442718506,681
swerve_left,True,False,False,False,True,False,True,False,True,keep,1.0,1.5062446594238281,681
swerve_left,True,False,False,False,True,False,True,False,True,swerve_left,1.0,1.4774880409240723,681
swerve_left,True,False,False,False,True,False,True,False,True,swerve_right,1.0,1.5066924095153809,681
swerve_left,True,True,False,False,True,False,True,False,True,change_to_left,1.0,1.5384063720703125,682
swerve_left,True,True,False,False,True,False,True,False,True,change_to_right,1.0,1.5157392024993896,682
swerve_left,True,True,False,False,True,False,True,False,True,cruise,1.0,1.4684548377990723,682
swerve_left,True,True,False,False,True,False,True,False,True,keep,1.0,1.5095467567443848,682
swerve_left,True,True,False,False,True,False,True,False,True,swerve_left,1.0,1.4644770622253418,682
swerve_left,True,True,False,False,True,False,True,False,True,swerve_right,1.0,1.5055148601531982,682
swerve_left,True,False,True,False,True,False,True,False,True,change_to_left,1.0,1.4617571830749512,683
swerve_left,True,False,True,False,True,False,True,False,True,change_to_right,1.0,1.4758496284484863,683
swerve_left,True,False,True,False,True,False,True,False,True,cruise,1.0,1.4036519527435303,683
swerve_left,True,False,True,False,True,False,True,False,True,keep,1.0,1.4725892543792725,683
swerve_left,True,False,True,False,True,False,True,False,True,swerve_left,1.0,1.4323484897613525,683
swerve_left,True,False,True,False,True,False,True,False,True,swerve_right,1.0,1.4700849056243896,683
swerve_left,True,True,True,False,True,False,True,False,True,change_to_left,1.0,1.8148536682128906,684
swerve_left,True,True,True,False,True,False,True,False,True,change_to_right,1.0,1.8340444564819336,684
swerve_left,True,True,True,False,True,False,True,False,True,cruise,1.0,1.8454833030700684,684
swerve_left,True,True,True,False,True,False,True,False,True,keep,1.0,1.8460683822631836,684
swerve_left,True,True,True,False,True,False,True,False,True,swerve_left,1.0,1.8280553817749023,684
swerve_left,True,True,True,False,True,False,True,False,True,swerve_right,1.0,1.8631401062011719,684
swerve_left,True,False,False,True,True,False,True,False,True,change_to_left,1.0,1.5068809986114502,685
swerve_left,True,False,False,True,True,False,True,False,True,change_to_right,1.0,1.505800724029541,685
swerve_left,True,False,False,True,True,False,True,False,True,cruise,1.0,1.434096336364746,685
swerve_left,True,False,False,True,True,False,True,False,True,keep,1.0,1.4767346382141113,685
swerve_left,True,False,False,True,True,False,True,False,True,swerve_left,1.0,1.4574592113494873,685
swerve_left,True,False,False,True,True,False,True,False,True,swerve_right,1.0,1.482689619064331,685
swerve_left,True,True,False,True,True,False,True,False,True,change_to_left,1.0,1.3672657012939453,686
swerve_left,True,True,False,True,True,False,True,False,True,change_to_right,1.0,1.3135044574737549,686
swerve_left,True,True,False,True,True,False,True,False,True,cruise,1.0,1.3389596939086914,686
swerve_left,True,True,False,True,True,False,True,False,True,keep,1.0,1.3061120510101318,686
swerve_left,True,True,False,True,True,False,True,False,True,swerve_left,1.0,1.312253713607788,686
swerve_left,True,True,False,True,True,False,True,False,True,swerve_right,1.0,1.3628580570220947,686
swerve_left,True,False,True,True,True,False,True,False,True,change_to_left,1.0,1.5219948291778564,687
swerve_left,True,False,True,True,True,False,True,False,True,change_to_right,1.0,1.5096430778503418,687
swerve_left,True,False,True,True,True,False,True,False,True,cruise,1.0,1.4594213962554932,687
swerve_left,True,False,True,True,True,False,True,False,True,keep,1.0,1.501373291015625,687
swerve_left,True,False,True,True,True,False,True,False,True,swerve_left,1.0,1.471755027770996,687
swerve_left,True,False,True,True,True,False,True,False,True,swerve_right,1.0,1.5163838863372803,687
swerve_left,True,True,True,True,True,False,True,False,True,change_to_left,1.0,1.5343577861785889,688
swerve_left,True,True,True,True,True,False,True,False,True,change_to_right,1.0,1.5337657928466797,688
swerve_left,True,True,True,True,True,False,True,False,True,cruise,1.0,1.4856176376342773,688
swerve_left,True,True,True,True,True,False,True,False,True,keep,1.0,1.5313713550567627,688
swerve_left,True,True,True,True,True,False,True,False,True,swerve_left,1.0,1.5297760963439941,688
swerve_left,True,True,True,True,True,False,True,False,True,swerve_right,1.0,1.4654440879821777,688
swerve_left,True,False,False,False,False,True,True,False,True,change_to_left,1.0,1.507462978363037,689
swerve_left,True,False,False,False,False,True,True,False,True,change_to_right,1.0,1.4952878952026367,689
swerve_left,True,False,False,False,False,True,True,False,True,cruise,1.0,1.4475018978118896,689
swerve_left,True,False,False,False,False,True,True,False,True,keep,1.0,1.5230891704559326,689
swerve_left,True,False,False,False,False,True,True,False,True,swerve_left,1.0,1.4540095329284668,689
swerve_left,True,False,False,False,False,True,True,False,True,swerve_right,1.0,1.5127153396606445,689
swerve_left,True,True,False,False,False,True,True,False,True,change_to_left,1.0,1.5193641185760498,690
swerve_left,True,True,False,False,False,True,True,False,True,change_to_right,1.0,1.497248888015747,690
swerve_left,True,True,False,False,False,True,True,False,True,cruise,1.0,1.470923900604248,690
swerve_left,True,True,False,False,False,True,True,False,True,keep,1.0,1.4922804832458496,690
swerve_left,True,True,False,False,False,True,True,False,True,swerve_left,1.0,1.4577412605285645,690
swerve_left,True,True,False,False,False,True,True,False,True,swerve_right,1.0,1.5054535865783691,690
swerve_left,True,False,True,False,False,True,True,False,True,change_to_left,1.0,1.5222525596618652,691
swerve_left,True,False,True,False,False,True,True,False,True,change_to_right,1.0,1.4978349208831787,691
swerve_left,True,False,True,False,False,True,True,False,True,cruise,1.0,1.4529409408569336,691
swerve_left,True,False,True,False,False,True,True,False,True,keep,1.0,1.4962830543518066,691
swerve_left,True,False,True,False,False,True,True,False,True,swerve_left,1.0,1.4646492004394531,691
swerve_left,True,False,True,False,False,True,True,False,True,swerve_right,1.0,1.521928310394287,691
swerve_left,True,True,True,False,False,True,True,False,True,change_to_left,1.0,1.5111584663391113,692
swerve_left,True,True,True,False,False,True,True,False,True,change_to_right,1.0,1.4914495944976807,692
swerve_left,True,True,True,False,False,True,True,False,True,cruise,1.0,1.4786393642425537,692
swerve_left,True,True,True,False,False,True,True,False,True,keep,1.0,1.5097060203552246,692
swerve_left,True,True,True,False,False,True,True,False,True,swerve_left,1.0,1.4542763233184814,692
swerve_left,True,True,True,False,False,True,True,False,True,swerve_right,1.0,1.497225046157837,692
swerve_left,True,False,False,True,False,True,True,False,True,change_to_left,1.0,1.522547721862793,693
swerve_left,True,False,False,True,False,True,True,False,True,change_to_right,1.0,1.4948358535766602,693
swerve_left,True,False,False,True,False,True,True,False,True,cruise,1.0,1.4465045928955078,693
swerve_left,True,False,False,True,False,True,True,False,True,keep,1.0,1.530834674835205,693
swerve_left,True,False,False,True,False,True,True,False,True,swerve_left,1.0,1.460930347442627,693
swerve_left,True,False,False,True,False,True,True,False,True,swerve_right,1.0,1.4834930896759033,693
swerve_left,True,True,False,True,False,True,True,False,True,change_to_left,1.0,1.4767394065856934,694
swerve_left,True,True,False,True,False,True,True,False,True,change_to_right,1.0,1.4806923866271973,694
swerve_left,True,True,False,True,False,True,True,False,True,cruise,1.0,1.4258067607879639,694
swerve_left,True,True,False,True,False,True,True,False,True,keep,1.0,1.4943304061889648,694
swerve_left,True,True,False,True,False,True,True,False,True,swerve_left,1.0,1.4359722137451172,694
swerve_left,True,True,False,True,False,True,True,False,True,swerve_right,1.0,1.4700822830200195,694
swerve_left,True,False,True,True,False,True,True,False,True,change_to_left,1.0,1.5256807804107666,695
swerve_left,True,False,True,True,False,True,True,False,True,change_to_right,1.0,1.519463300704956,695
swerve_left,True,False,True,True,False,True,True,False,True,cruise,1.0,1.4690947532653809,695
swerve_left,True,False,True,True,False,True,True,False,True,keep,1.0,1.5026919841766357,695
swerve_left,True,False,True,True,False,True,True,False,True,swerve_left,1.0,1.4461259841918945,695
swerve_left,True,False,True,True,False,True,True,False,True,swerve_right,1.0,1.5143954753875732,695
swerve_left,True,True,True,True,False,True,True,False,True,change_to_left,1.0,1.5167999267578125,696
swerve_left,True,True,True,True,False,True,True,False,True,change_to_right,1.0,1.4949805736541748,696
swerve_left,True,True,True,True,False,True,True,False,True,cruise,1.0,1.4622185230255127,696
swerve_left,True,True,True,True,False,True,True,False,True,keep,1.0,1.5141816139221191,696
swerve_left,True,True,True,True,False,True,True,False,True,swerve_left,1.0,1.4411602020263672,696
swerve_left,True,True,True,True,False,True,True,False,True,swerve_right,1.0,1.5146474838256836,696
swerve_left,True,False,False,False,True,True,True,False,True,change_to_left,1.0,1.494530200958252,697
swerve_left,True,False,False,False,True,True,True,False,True,change_to_right,1.0,1.484424352645874,697
swerve_left,True,False,False,False,True,True,True,False,True,cruise,1.0,1.430861234664917,697
swerve_left,True,False,False,False,True,True,True,False,True,keep,1.0,1.4763212203979492,697
swerve_left,True,False,False,False,True,True,True,False,True,swerve_left,1.0,1.4390461444854736,697
swerve_left,True,False,False,False,True,True,True,False,True,swerve_right,1.0,1.4648432731628418,697
swerve_left,True,True,False,False,True,True,True,False,True,change_to_left,0.8798011878850145,2.3071229457855225,698
swerve_left,True,True,False,False,True,True,True,False,True,change_to_right,0.8784847160199003,2.2707247734069824,698
swerve_left,True,True,False,False,True,True,True,False,True,cruise,0.22028300908875018,2.2953290939331055,698
swerve_left,True,True,False,False,True,True,True,False,True,keep,0.0013905638595494351,2.2826671600341797,698
swerve_left,True,True,False,False,True,True,True,False,True,swerve_left,1.0,1.272737979888916,698
swerve_left,True,True,False,False,True,True,True,False,True,swerve_right,0.001995505994502971,2.2722580432891846,698
swerve_left,True,False,True,False,True,True,True,False,True,change_to_left,1.0,1.4891085624694824,699
swerve_left,True,False,True,False,True,True,True,False,True,change_to_right,1.0,1.5146665573120117,699
swerve_left,True,False,True,False,True,True,True,False,True,cruise,1.0,1.4728219509124756,699
swerve_left,True,False,True,False,True,True,True,False,True,keep,1.0,1.4783649444580078,699
swerve_left,True,False,True,False,True,True,True,False,True,swerve_left,1.0,1.455683708190918,699
swerve_left,True,False,True,False,True,True,True,False,True,swerve_right,1.0,1.4834301471710205,699
swerve_left,True,True,True,False,True,True,True,False,True,change_to_left,1.0,1.5704360008239746,700
swerve_left,True,True,True,False,True,True,True,False,True,change_to_right,1.0,1.5553839206695557,700
swerve_left,True,True,True,False,True,True,True,False,True,cruise,1.0,1.5239458084106445,700
swerve_left,True,True,True,False,True,True,True,False,True,keep,1.0,1.571962833404541,700
swerve_left,True,True,True,False,True,True,True,False,True,swerve_left,1.0,1.5367100238800049,700
swerve_left,True,True,True,False,True,True,True,False,True,swerve_right,1.0,1.5113542079925537,700
swerve_left,True,False,False,True,True,True,True,False,True,change_to_left,1.0,1.4832165241241455,701
swerve_left,True,False,False,True,True,True,True,False,True,change_to_right,1.0,1.4764246940612793,701
swerve_left,True,False,False,True,True,True,True,False,True,cruise,1.0,1.447847604751587,701
swerve_left,True,False,False,True,True,True,True,False,True,keep,1.0,1.4898688793182373,701
swerve_left,True,False,False,True,True,True,True,False,True,swerve_left,1.0,1.4622538089752197,701
swerve_left,True,False,False,True,True,True,True,False,True,swerve_right,1.0,1.502772569656372,701
swerve_left,True,True,False,True,True,True,True,False,True,change_to_left,1.0,1.502760410308838,702
swerve_left,True,True,False,True,True,True,True,False,True,change_to_right,1.0,1.4899132251739502,702
swerve_left,True,True,False,True,True,True,True,False,True,cruise,1.0,1.4392414093017578,702
swerve_left,True,True,False,True,True,True,True,False,True,keep,1.0,1.4846203327178955,702
swerve_left,True,True,False,True,True,True,True,False,True,swerve_left,1.0,1.4381258487701416,702
swerve_left,True,True,False,True,True,True,True,False,True,swerve_right,1.0,1.4831573963165283,702
swerve_left,True,False,True,True,True,True,True,False,True,change_to_left,1.0,1.4931862354278564,703
swerve_left,True,False,True,True,True,True,True,False,True,change_to_right,1.0,1.4872825145721436,703
swerve_left,True,False,True,True,True,True,True,False,True,cruise,1.0,1.449345588684082,703
swerve_left,True,False,True,True,True,True,True,False,True,keep,1.0,1.4879484176635742,703
swerve_left,True,False,True,True,True,True,True,False,True,swerve_left,1.0,1.467853307723999,703
swerve_left,True,False,True,True,True,True,True,False,True,swerve_right,1.0,1.480668544769287,703
swerve_left,True,True,True,True,True,True,True,False,True,change_to_left,1.0,1.5113396644592285,704
swerve_left,True,True,True,True,True,True,True,False,True,change_to_right,1.0,1.4883196353912354,704
swerve_left,True,True,True,True,True,True,True,False,True,cruise,1.0,1.4455504417419434,704
swerve_left,True,True,True,True,True,True,True,False,True,keep,1.0,1.4878969192504883,704
swerve_left,True,True,True,True,True,True,True,False,True,swerve_left,1.0,1.494187831878662,704
swerve_left,True,True,True,True,True,True,True,False,True,swerve_right,1.0,1.4520556926727295,704
swerve_right,False,False,False,False,False,False,False,False,True,change_to_left,1.0,1.4331462383270264,705
swerve_right,False,False,False,False,False,False,False,False,True,change_to_right,1.0,1.4379520416259766,705
swerve_right,False,False,False,False,False,False,False,False,True,cruise,1.0,1.3974127769470215,705
swerve_right,False,False,False,False,False,False,False,False,True,keep,1.0,1.4513609409332275,705
swerve_right,False,False,False,False,False,False,False,False,True,swerve_left,1.0,1.3820316791534424,705
swerve_right,False,False,False,False,False,False,False,False,True,swerve_right,1.0,1.4549663066864014,705
swerve_right,False,True,False,False,False,False,False,False,True,change_to_left,1.0,1.490278720855713,706
swerve_right,False,True,False,False,False,False,False,False,True,change_to_right,1.0,1.4464318752288818,706
swerve_right,False,True,False,False,False,False,False,False,True,cruise,1.0,1.4302334785461426,706
swerve_right,False,True,False,False,False,False,False,False,True,keep,1.0,1.4712905883789062,706
swerve_right,False,True,False,False,False,False,False,False,True,swerve_left,1.0,1.4140350818634033,706
swerve_right,False,True,False,False,False,False,False,False,True,swerve_right,1.0,1.4567065238952637,706
swerve_right,False,False,True,False,False,False,False,False,True,change_to_left,1.0,1.4293339252471924,707
swerve_right,False,False,True,False,False,False,False,False,True,change_to_right,1.0,1.4419527053833008,707
swerve_right,False,False,True,False,False,False,False,False,True,cruise,1.0,1.4044194221496582,707
swerve_right,False,False,True,False,False,False,False,False,True,keep,1.0,1.445871114730835,707
swerve_right,False,False,True,False,False,False,False,False,True,swerve_left,1.0,1.4267194271087646,707
swerve_right,False,False,True,False,False,False,False,False,True,swerve_right,1.0,1.4678056240081787,707
swerve_right,False,True,True,False,False,False,False,False,True,change_to_left,1.0,1.4613184928894043,708
swerve_right,False,True,True,False,False,False,False,False,True,change_to_right,1.0,1.4570567607879639,708
swerve_right,False,True,True,False,False,False,False,False,True,cruise,1.0,1.415494680404663,708
swerve_right,False,True,True,False,False,False,False,False,True,keep,1.0,1.4476730823516846,708
swerve_right,False,True,True,False,False,False,False,False,True,swerve_left,1.0,1.4096782207489014,708
swerve_right,False,True,True,False,False,False,False,False,True,swerve_right,1.0,1.4694035053253174,708
swerve_right,False,False,False,True,False,False,False,False,True,change_to_left,1.0,1.467850923538208,709
swerve_right,False,False,False,True,False,False,False,False,True,change_to_right,1.0,1.4406437873840332,709
swerve_right,False,False,False,True,False,False,False,False,True,cruise,1.0,1.4166202545166016,709
swerve_right,False,False,False,True,False,False,False,False,True,keep,1.0,1.4572672843933105,709
swerve_right,False,False,False,True,False,False,False,False,True,swerve_left,1.0,1.414358377456665,709
swerve_right,False,False,False,True,False,False,False,False,True,swerve_right,1.0,1.4759230613708496,709
swerve_right,False,True,False,True,False,False,False,False,True,change_to_left,1.0,1.445009708404541,710
swerve_right,False,True,False,True,False,False,False,False,True,change_to_right,1.0,1.4284076690673828,710
swerve_right,False,True,False,True,False,False,False,False,True,cruise,1.0,1.3899915218353271,710
swerve_right,False,True,False,True,False,False,False,False,True,keep,1.0,1.4423248767852783,710
swerve_right,False,True,False,True,False,False,False,False,True,swerve_left,1.0,1.3889145851135254,710
swerve_right,False,True,False,True,False,False,False,False,True,swerve_right,1.0,1.449704647064209,710
swerve_right,False,False,True,True,False,False,False,False,True,change_to_left,1.0,1.4834940433502197,711
swerve_right,False,False,True,True,False,False,False,False,True,change_to_right,1.0,1.454251766204834,711
swerve_right,False,False,True,True,False,False,False,False,True,cruise,1.0,1.3997447490692139,711
swerve_right,False,False,True,True,False,False,False,False,True,keep,1.0,1.4395849704742432,711
swerve_right,False,False,True,True,False,False,False,False,True,swerve_left,1.0,1.4120724201202393,711
swerve_right,False,False,True,True,False,False,False,False,True,swerve_right,1.0,1.4444918632507324,711
swerve_right,False,True,True,True,False,False,False,False,True,change_to_left,1.0,1.444817066192627,712
swerve_right,False,True,True,True,False,False,False,False,True,change_to_right,1.0,1.4235239028930664,712
swerve_right,False,True,True,True,False,False,False,False,True,cruise,1.0,1.4070796966552734,712
swerve_right,False,True,True,True,False,False,False,False,True,keep,1.0,1.4359257221221924,712
swerve_right,False,True,True,True,False,False,False,False,True,swerve_left,1.0,1.4077913761138916,712
swerve_right,False,True,True,True,False,False,False,False,True,swerve_right,1.0,1.428575038909912,712
swerve_right,False,False,False,False,True,False,False,False,True,change_to_left,1.0,1.4710006713867188,713
swerve_right,False,False,False,False,True,False,False,False,True,change_to_right,1.0,1.450240135192871,713
swerve_right,False,False,False,False,True,False,False,False,True,cruise,1.0,1.4184134006500244,713
swerve_right,False,False,False,False,True,False,False,False,True,keep,1.0,1.4557950496673584,713
swerve_right,False,False,False,False,True,False,False,False,True,swerve_left,1.0,1.4310240745544434,713
swerve_right,False,False,False,False,True,False,False,False,True,swerve_right,1.0,1.448193073272705,713
swerve_right,False,True,False,False,True,False,False,False,True,change_to_left,1.0,1.4336698055267334,714
swerve_right,False,True,False,False,True,False,False,False,True,change_to_right,1.0,1.4253852367401123,714
swerve_right,False,True,False,False,True,False,False,False,True,cruise,1.0,1.4018759727478027,714
swerve_right,False,True,False,False,True,False,False,False,True,keep,1.0,1.4609286785125732,714
swerve_right,False,True,False,False,True,False,False,False,True,swerve_left,1.0,1.4257075786590576,714
swerve_right,False,True,False,False,True,False,False,False,True,swerve_right,1.0,1.445476770401001,714
swerve_right,False,False,True,False,True,False,False,False,True,change_to_left,1.0,1.4797229766845703,715
swerve_right,False,False,True,False,True,False,False,False,True,change_to_right,1.0,1.4500513076782227,715
swerve_right,False,False,True,False,True,False,False,False,True,cruise,1.0,1.4209458827972412,715
swerve_right,False,False,True,False,True,False,False,False,True,keep,1.0,1.4534804821014404,715
swerve_right,False,False,True,False,True,False,False,False,True,swerve_left,1.0,1.4151930809020996,715
swerve_right,False,False,True,False,True,False,False,False,True,swerve_right,1.0,1.480436086654663,715
swerve_right,False,True,True,False,True,False,False,False,True,change_to_left,1.0,1.4343969821929932,716
swerve_right,False,True,True,False,True,False,False,False,True,change_to_right,1.0,1.4467430114746094,716
swerve_right,False,True,True,False,True,False,False,False,True,cruise,1.0,1.384460210800171,716
swerve_right,False,True,True,False,True,False,False,False,True,keep,1.0,1.4339680671691895,716
swerve_right,False,True,True,False,True,False,False,False,True,swerve_left,1.0,1.4012629985809326,716
swerve_right,False,True,True,False,True,False,False,False,True,swerve_right,1.0,1.4340300559997559,716
swerve_right,False,False,False,True,True,False,False,False,True,change_to_left,1.0,1.455465316772461,717
swerve_right,False,False,False,True,True,False,False,False,True,change_to_right,1.0,1.4475781917572021,717
swerve_right,False,False,False,True,True,False,False,False,True,cruise,1.0,1.4259352684020996,717
swerve_right,False,False,False,True,True,False,False,False,True,keep,1.0,1.4775903224945068,717
swerve_right,False,False,False,True,True,False,False,False,True,swerve_left,1.0,1.426429033279419,717
swerve_right,False,False,False,True,True,False,False,False,True,swerve_right,1.0,1.4496562480926514,717
swerve_right,False,True,False,True,True,False,False,False,True,change_to_left,1.0,1.4662063121795654,718
swerve_right,False,True,False,True,True,False,False,False,True,change_to_right,1.0,1.423978567123413,718
swerve_right,False,True,False,True,True,False,False,False,True,cruise,1.0,1.4008827209472656,718
swerve_right,False,True,False,True,True,False,False,False,True,keep,1.0,1.4342730045318604,718
swerve_right,False,True,False,True,True,False,False,False,True,swerve_left,1.0,1.420238971710205,718
swerve_right,False,True,False,True,True,False,False,False,True,swerve_right,1.0,1.4223968982696533,718
swerve_right,False,False,True,True,True,False,False,False,True,change_to_left,1.0,1.4400086402893066,719
swerve_right,False,False,True,True,True,False,False,False,True,change_to_right,1.0,1.4516046047210693,719
swerve_right,False,False,True,True,True,False,False,False,True,cruise,1.0,1.391838788986206,719
swerve_right,False,False,True,True,True,False,False,False,True,keep,1.0,1.447599172592163,719
swerve_right,False,False,True,True,True,False,False,False,True,swerve_left,1.0,1.4210216999053955,719
swerve_right,False,False,True,True,True,False,False,False,True,swerve_right,1.0,1.4472203254699707,719
swerve_right,False,True,True,True,True,False,False,False,True,change_to_left,1.0,1.4591083526611328,720
swerve_right,False,True,True,True,True,False,False,False,True,change_to_right,1.0,1.452648639678955,720
swerve_right,False,True,True,True,True,False,False,False,True,cruise,1.0,1.433422327041626,720
swerve_right,False,True,True,True,True,False,False,False,True,keep,1.0,1.4654393196105957,720
swerve_right,False,True,True,True,True,False,False,False,True,swerve_left,1.0,1.4033043384552002,720
swerve_right,False,True,True,True,True,False,False,False,True,swerve_right,1.0,1.456261157989502,720
swerve_right,False,False,False,False,False,True,False,False,True,change_to_left,1.0,1.4509520530700684,721
swerve_right,False,False,False,False,False,True,False,False,True,change_to_right,1.0,1.4460430145263672,721
swerve_right,False,False,False,False,False,True,False,False,True,cruise,1.0,1.418421983718872,721
swerve_right,False,False,False,False,False,True,False,False,True,keep,1.0,1.4596750736236572,721
swerve_right,False,False,False,False,False,True,False,False,True,swerve_left,1.0,1.4468464851379395,721
swerve_right,False,False,False,False,False,True,False,False,True,swerve_right,1.0,1.4797282218933105,721
swerve_right,False,True,False,False,False,True,False,False,True,change_to_left,1.0,1.466618537902832,722
swerve_right,False,True,False,False,False,True,False,False,True,change_to_right,1.0,1.4600579738616943,722
swerve_right,False,True,False,False,False,True,False,False,True,cruise,1.0,1.4175841808319092,722
swerve_right,False,True,False,False,False,True,False,False,True,keep,1.0,1.4727590084075928,722
swerve_right,False,True,False,False,False,True,False,False,True,swerve_left,1.0,1.4237279891967773,722
swerve_right,False,True,False,False,False,True,False,False,True,swerve_right,1.0,1.4556312561035156,722
swerve_right,False,False,True,False,False,True,False,False,True,change_to_left,1.0,1.4666767120361328,723
swerve_right,False,False,True,False,False,True,False,False,True,change_to_right,1.0,1.4488532543182373,723
swerve_right,False,False,True,False,False,True,False,False,True,cruise,1.0,1.4067301750183105,723
swerve_right,False,False,True,False,False,True,False,False,True,keep,1.0,1.4438936710357666,723
swerve_right,False,False,True,False,False,True,False,False,True,swerve_left,1.0,1.4055376052856445,723
swerve_right,False,False,True,False,False,True,False,False,True,swerve_right,1.0,1.4542200565338135,723
swerve_right,False,True,True,False,False,True,False,False,True,change_to_left,1.0,1.4769704341888428,724
swerve_right,False,True,True,False,False,True,False,False,True,change_to_right,1.0,1.436884880065918,724
swerve_right,False,True,True,False,False,True,False,False,True,cruise,1.0,1.3992300033569336,724
swerve_right,False,True,True,False,False,True,False,False,True,keep,1.0,1.468252420425415,724
swerve_right,False,True,True,False,False,True,False,False,True,swerve_left,1.0,1.4043710231781006,724
swerve_right,False,True,True,False,False,True,False,False,True,swerve_right,1.0,1.4541587829589844,724
swerve_right,False,False,False,True,False,True,False,False,True,change_to_left,1.0,1.4582834243774414,725
swerve_right,False,False,False,True,False,True,False,False,True,change_to_right,1.0,1.450019359588623,725
swerve_right,False,False,False,True,False,True,False,False,True,cruise,1.0,1.4181878566741943,725
swerve_right,False,False,False,True,False,True,False,False,True,keep,1.0,1.4555039405822754,725
swerve_right,False,False,False,True,False,True,False,False,True,swerve_left,1.0,1.4219536781311035,725
swerve_right,False,False,False,True,False,True,False,False,True,swerve_right,1.0,1.439404010772705,725
swerve_right,False,True,False,True,False,True,False,False,True,change_to_left,1.0,1.464778184890747,726
swerve_right,False,True,False,True,False,True,False,False,True,change_to_right,1.0,1.442582368850708,726
swerve_right,False,True,False,True,False,True,False,False,True,cruise,1.0,1.4162449836730957,726
swerve_right,False,True,False,True,False,True,False,False,True,keep,1.0,1.4283974170684814,726
swerve_right,False,True,False,True,False,True,False,False,True,swerve_left,1.0,1.4096906185150146,726
swerve_right,False,True,False,True,False,True,False,False,True,swerve_right,1.0,1.444998025894165,726
swerve_right,False,False,True,True,False,True,False,False,True,change_to_left,1.0,1.4440650939941406,727
swerve_right,False,False,True,True,False,True,False,False,True,change_to_right,1.0,1.4548428058624268,727
swerve_right,False,False,True,True,False,True,False,False,True,cruise,1.0,1.400423288345337,727
swerve_right,False,False,True,True,False,True,False,False,True,keep,1.0,1.4289484024047852,727
swerve_right,False,False,True,True,False,True,False,False,True,swerve_left,1.0,1.3906104564666748,727
swerve_right,False,False,True,True,False,True,False,False,True,swerve_right,1.0,1.4195780754089355,727
swerve_right,False,True,True,True,False,True,False,False,True,change_to_left,1.0,1.4523138999938965,728
swerve_right,False,True,True,True,False,True,False,False,True,change_to_right,1.0,1.4483413696289062,728
swerve_right,False,True,True,True,False,True,False,False,True,cruise,1.0,1.4021375179290771,728
swerve_right,False,True,True,True,False,True,False,False,True,keep,1.0,1.4330165386199951,728
swerve_right,False,True,True,True,False,True,False,False,True,swerve_left,1.0,1.3931093215942383,728
swerve_right,False,True,True,True,False,True,False,False,True,swerve_right,1.0,1.4727191925048828,728
swerve_right,False,False,False,False,True,True,False,False,True,change_to_left,1.0,1.4676792621612549,729
swerve_right,False,False,False,False,True,True,False,False,True,change_to_right,1.0,1.43752121925354,729
swerve_right,False,False,False,False,True,True,False,False,True,cruise,1.0,1.4009225368499756,729
swerve_right,False,False,False,False,True,True,False,False,True,keep,1.0,1.4321808815002441,729
swerve_right,False,False,False,False,True,True,False,False,True,swerve_left,1.0,1.3964474201202393,729
swerve_right,False,False,False,False,True,True,False,False,True,swerve_right,1.0,1.4578616619110107,729
swerve_right,False,True,False,False,True,True,False,False,True,change_to_left,1.0,1.4647867679595947,730
swerve_right,False,True,False,False,True,True,False,False,True,change_to_right,1.0,1.4479875564575195,730
swerve_right,False,True,False,False,True,True,False,False,True,cruise,1.0,1.4253349304199219,730
swerve_right,False,True,False,False,True,True,False,False,True,keep,1.0,1.440986156463623,730
swerve_right,False,True,False,False,True,True,False,False,True,swerve_left,1.0,1.4078168869018555,730
swerve_right,False,True,False,False,True,True,False,False,True,swerve_right,1.0,1.4777178764343262,730
swerve_right,False,False,True,False,True,True,False,False,True,change_to_left,1.0,1.4628465175628662,731
swerve_right,False,False,True,False,True,True,False,False,True,change_to_right,1.0,1.456066608428955,731
swerve_right,False,False,True,False,True,True,False,False,True,cruise,1.0,1.4191715717315674,731
swerve_right,False,False,True,False,True,True,False,False,True,keep,1.0,1.47422456741333,731
swerve_right,False,False,True,False,True,True,False,False,True,swerve_left,1.0,1.4434635639190674,731
swerve_right,False,False,True,False,True,True,False,False,True,swerve_right,1.0,1.4768717288970947,731
swerve_right,False,True,True,False,True,True,False,False,True,change_to_left,1.0,1.4461824893951416,732
swerve_right,False,True,True,False,True,True,False,False,True,change_to_right,1.0,1.4491801261901855,732
swerve_right,False,True,True,False,True,True,False,False,True,cruise,1.0,1.4100069999694824,732
swerve_right,False,True,True,False,True,True,False,False,True,keep,1.0,1.4511802196502686,732
swerve_right,False,True,True,False,True,True,False,False,True,swerve_left,1.0,1.3820631504058838,732
swerve_right,False,True,True,False,True,True,False,False,True,swerve_right,1.0,1.4708406925201416,732
swerve_right,False,False,False,True,True,True,False,False,True,change_to_left,1.0,1.4601290225982666,733
swerve_right,False,False,False,True,True,True,False,False,True,change_to_right,1.0,1.4416546821594238,733
swerve_right,False,False,False,True,True,True,False,False,True,cruise,1.0,1.4076478481292725,733
swerve_right,False,False,False,True,True,True,False,False,True,keep,1.0,1.451354742050171,733
swerve_right,False,False,False,True,True,True,False,False,True,swerve_left,1.0,1.413450002670288,733
swerve_right,False,False,False,True,True,True,False,False,True,swerve_right,1.0,1.4589498043060303,733
swerve_right,False,True,False,True,True,True,False,False,True,change_to_left,1.0,1.4239459037780762,734
swerve_right,False,True,False,True,True,True,False,False,True,change_to_right,1.0,1.4446957111358643,734
swerve_right,False,True,False,True,True,True,False,False,True,cruise,1.0,1.3935039043426514,734
swerve_right,False,True,False,True,True,True,False,False,True,keep,1.0,1.4472534656524658,734
swerve_right,False,True,False,True,True,True,False,False,True,swerve_left,1.0,1.4208457469940186,734
swerve_right,False,True,False,True,True,True,False,False,True,swerve_right,1.0,1.4415292739868164,734
swerve_right,False,False,True,True,True,True,False,False,True,change_to_left,1.0,1.4723658561706543,735
swerve_right,False,False,True,True,True,True,False,False,True,change_to_right,1.0,1.46474289894104,735
swerve_right,False,False,True,True,True,True,False,False,True,cruise,1.0,1.4339239597320557,735
swerve_right,False,False,True,True,True,True,False,False,True,keep,1.0,1.453599214553833,735
swerve_right,False,False,True,True,True,True,False,False,True,swerve_left,1.0,1.4181814193725586,735
swerve_right,False,False,True,True,True,True,False,False,True,swerve_right,1.0,1.4469642639160156,735
swerve_right,False,True,True,True,True,True,False,False,True,change_to_left,1.0,1.4657437801361084,736
swerve_right,False,True,True,True,True,True,False,False,True,change_to_right,1.0,1.442012071609497,736
swerve_right,False,True,True,True,True,True,False,False,True,cruise,1.0,1.4093403816223145,736
swerve_right,False,True,True,True,True,True,False,False,True,keep,1.0,1.4904913902282715,736
swerve_right,False,True,True,True,True,True,False,False,True,swerve_left,1.0,1.4004852771759033,736
swerve_right,False,True,True,True,True,True,False,False,True,swerve_right,1.0,1.4530341625213623,736
swerve_right,False,False,False,False,False,False,True,False,True,change_to_left,1.0,1.4622855186462402,737
swerve_right,False,False,False,False,False,False,True,False,True,change_to_right,1.0,1.4537427425384521,737
swerve_right,False,False,False,False,False,False,True,False,True,cruise,1.0,1.4208056926727295,737
swerve_right,False,False,False,False,False,False,True,False,True,keep,1.0,1.4539299011230469,737
swerve_right,False,False,False,False,False,False,True,False,True,swerve_left,1.0,1.4176170825958252,737
swerve_right,False,False,False,False,False,False,True,False,True,swerve_right,1.0,1.4623277187347412,737
swerve_right,False,True,False,False,False,False,True,False,True,change_to_left,1.0,1.4539639949798584,738
swerve_right,False,True,False,False,False,False,True,False,True,change_to_right,1.0,1.4477412700653076,738
swerve_right,False,True,False,False,False,False,True,False,True,cruise,1.0,1.4182124137878418,738
swerve_right,False,True,False,False,False,False,True,False,True,keep,1.0,1.4597804546356201,738
swerve_right,False,True,False,False,False,False,True,False,True,swerve_left,1.0,1.4199862480163574,738
swerve_right,False,True,False,False,False,False,True,False,True,swerve_right,1.0,1.4685184955596924,738
swerve_right,False,False,True,False,False,False,True,False,True,change_to_left,1.0,1.4812171459197998,739
swerve_right,False,False,True,False,False,False,True,False,True,change_to_right,1.0,1.4682962894439697,739
swerve_right,False,False,True,False,False,False,True,False,True,cruise,1.0,1.4038560390472412,739
swerve_right,False,False,True,False,False,False,True,False,True,keep,1.0,1.4809391498565674,739
swerve_right,False,False,True,False,False,False,True,False,True,swerve_left,1.0,1.4164955615997314,739
swerve_right,False,False,True,False,False,False,True,False,True,swerve_right,1.0,1.4776051044464111,739
swerve_right,False,True,True,False,False,False,True,False,True,change_to_left,1.0,1.43449068069458,740
swerve_right,False,True,True,False,False,False,True,False,True,change_to_right,1.0,1.4283180236816406,740
swerve_right,False,True,True,False,False,False,True,False,True,cruise,1.0,1.394071102142334,740
swerve_right,False,True,True,False,False,False,True,False,True,keep,1.0,1.4331810474395752,740
swerve_right,False,True,True,False,False,False,True,False,True,swerve_left,1.0,1.4183743000030518,740
swerve_right,False,True,True,False,False,False,True,False,True,swerve_right,1.0,1.4395124912261963,740
swerve_right,False,False,False,True,False,False,True,False,True,change_to_left,1.0,1.437408447265625,741
swerve_right,False,False,False,True,False,False,True,False,True,change_to_right,1.0,1.4422903060913086,741
swerve_right,False,False,False,True,False,False,True,False,True,cruise,1.0,1.4110913276672363,741
swerve_right,False,False,False,True,False,False,True,False,True,keep,1.0,1.4531691074371338,741
swerve_right,False,False,False,True,False,False,True,False,True,swerve_left,1.0,1.4079205989837646,741
swerve_right,False,False,False,True,False,False,True,False,True,swerve_right,1.0,1.4380919933319092,741
swerve_right,False,True,False,True,False,False,True,False,True,change_to_left,1.0,1.4828860759735107,742
swerve_right,False,True,False,True,False,False,True,False,True,change_to_right,1.0,1.4600811004638672,742
swerve_right,False,True,False,True,False,False,True,False,True,cruise,1.0,1.4050662517547607,742
swerve_right,False,True,False,True,False,False,True,False,True,keep,1.0,1.4601483345031738,742
swerve_right,False,True,False,True,False,False,True,False,True,swerve_left,1.0,1.4058811664581299,742
swerve_right,False,True,False,True,False,False,True,False,True,swerve_right,1.0,1.4647855758666992,742
swerve_right,False,False,True,True,False,False,True,False,True,change_to_left,1.0,1.4628760814666748,743
swerve_right,False,False,True,True,False,False,True,False,True,change_to_right,1.0,1.440018892288208,743
swerve_right,False,False,True,True,False,False,True,False,True,cruise,1.0,1.396956443786621,743
swerve_right,False,False,True,True,False,False,True,False,True,keep,1.0,1.4368884563446045,743
swerve_right,False,False,True,True,False,False,True,False,True,swerve_left,1.0,1.4153900146484375,743
swerve_right,False,False,True,True,False,False,True,False,True,swerve_right,1.0,1.4399840831756592,743
swerve_right,False,True,True,True,False,False,True,False,True,change_to_left,1.0,1.4291596412658691,744
swerve_right,False,True,True,True,False,False,True,False,True,change_to_right,1.0,1.441796064376831,744
swerve_right,False,True,True,True,False,False,True,False,True,cruise,1.0,1.3880300521850586,744
swerve_right,False,True,True,True,False,False,True,False,True,keep,1.0,1.4294178485870361,744
swerve_right,False,True,True,True,False,False,True,False,True,swerve_left,1.0,1.383549451828003,744
swerve_right,False,True,True,True,False,False,True,False,True,swerve_right,1.0,1.4413604736328125,744
swerve_right,False,False,False,False,True,False,True,False,True,change_to_left,1.0,1.4601731300354004,745
swerve_right,False,False,False,False,True,False,True,False,True,change_to_right,1.0,1.4485852718353271,745
swerve_right,False,False,False,False,True,False,True,False,True,cruise,1.0,1.420870304107666,745
swerve_right,False,False,False,False,True,False,True,False,True,keep,1.0,1.4605605602264404,745
swerve_right,False,False,False,False,True,False,True,False,True,swerve_left,1.0,1.4284377098083496,745
swerve_right,False,False,False,False,True,False,True,False,True,swerve_right,1.0,1.4642064571380615,745
swerve_right,False,True,False,False,True,False,True,False,True,change_to_left,1.0,1.4527747631072998,746
swerve_right,False,True,False,False,True,False,True,False,True,change_to_right,1.0,1.4583783149719238,746
swerve_right,False,True,False,False,True,False,True,False,True,cruise,1.0,1.4190330505371094,746
swerve_right,False,True,False,False,True,False,True,False,True,keep,1.0,1.4646408557891846,746
swerve_right,False,True,False,False,True,False,True,False,True,swerve_left,1.0,1.4033355712890625,746
swerve_right,False,True,False,False,True,False,True,False,True,swerve_right,1.0,1.4395251274108887,746
swerve_right,False,False,True,False,True,False,True,False,True,change_to_left,1.0,1.4472627639770508,747
swerve_right,False,False,True,False,True,False,True,False,True,change_to_right,1.0,1.4340415000915527,747
swerve_right,False,False,True,False,True,False,True,False,True,cruise,1.0,1.3948242664337158,747
swerve_right,False,False,True,False,True,False,True,False,True,keep,1.0,1.4394583702087402,747
swerve_right,False,False,True,False,True,False,True,False,True,swerve_left,1.0,1.4044573307037354,747
swerve_right,False,False,True,False,True,False,True,False,True,swerve_right,1.0,1.446885585784912,747
swerve_right,False,True,True,False,True,False,True,False,True,change_to_left,1.0,1.4615931510925293,748
swerve_right,False,True,True,False,True,False,True,False,True,change_to_right,1.0,1.4337856769561768,748
swerve_right,False,True,True,False,True,False,True,False,True,cruise,1.0,1.417858362197876,748
swerve_right,False,True,True,False,True,False,True,False,True,keep,1.0,1.4429821968078613,748
swerve_right,False,True,True,False,True,False,True,False,True,swerve_left,1.0,1.3948893547058105,748
swerve_right,False,True,True,False,True,False,True,False,True,swerve_right,1.0,1.4573986530303955,748
swerve_right,False,False,False,True,True,False,True,False,True,change_to_left,1.0,1.4614386558532715,749
swerve_right,False,False,False,True,True,False,True,False,True,change_to_right,1.0,1.4503190517425537,749
swerve_right,False,False,False,True,True,False,True,False,True,cruise,1.0,1.4378376007080078,749
swerve_right,False,False,False,True,True,False,True,False,True,keep,1.0,1.4483997821807861,749
swerve_right,False,False,False,True,True,False,True,False,True,swerve_left,1.0,1.4307241439819336,749
swerve_right,False,False,False,True,True,False,True,False,True,swerve_right,1.0,1.4667823314666748,749
swerve_right,False,True,False,True,True,False,True,False,True,change_to_left,1.0,1.480762004852295,750
swerve_right,False,True,False,True,True,False,True,False,True,change_to_right,1.0,1.4604895114898682,750
swerve_right,False,True,False,True,True,False,True,False,True,cruise,1.0,1.407371997833252,750
swerve_right,False,True,False,True,True,False,True,False,True,keep,1.0,1.4766569137573242,750
swerve_right,False,True,False,True,True,False,True,False,True,swerve_left,1.0,1.4346983432769775,750
swerve_right,False,True,False,True,True,False,True,False,True,swerve_right,1.0,1.457603931427002,750
swerve_right,False,False,True,True,True,False,True,False,True,change_to_left,1.0,1.4560072422027588,751
swerve_right,False,False,True,True,True,False,True,False,True,change_to_right,1.0,1.4416372776031494,751
swerve_right,False,False,True,True,True,False,True,False,True,cruise,1.0,1.4200778007507324,751
swerve_right,False,False,True,True,True,False,True,False,True,keep,1.0,1.4674055576324463,751
swerve_right,False,False,True,True,True,False,True,False,True,swerve_left,1.0,1.417693853378296,751
swerve_right,False,False,True,True,True,False,True,False,True,swerve_right,1.0,1.4781773090362549,751
swerve_right,False,True,True,True,True,False,True,False,True,change_to_left,1.0,1.4745125770568848,752
swerve_right,False,True,True,True,True,False,True,False,True,change_to_right,1.0,1.4503841400146484,752
swerve_right,False,True,True,True,True,False,True,False,True,cruise,1.0,1.4284944534301758,752
swerve_right,False,True,True,True,True,False,True,False,True,keep,1.0,1.4721488952636719,752
swerve_right,False,True,True,True,True,False,True,False,True,swerve_left,1.0,1.4342520236968994,752
swerve_right,False,True,True,True,True,False,True,False,True,swerve_right,1.0,1.4670405387878418,752
swerve_right,False,False,False,False,False,True,True,False,True,change_to_left,0.873645153099926,2.309352397918701,753
swerve_right,False,False,False,False,False,True,True,False,True,change_to_right,0.8826169288382104,2.255579710006714,753
swerve_right,False,False,False,False,False,True,True,False,True,cruise,0.21914992369451333,2.3146438598632812,753
swerve_right,False,False,False,False,False,True,True,False,True,keep,0.001848575501223242,2.2900872230529785,753
swerve_right,False,False,False,False,False,True,True,False,True,swerve_left,0.001995505994502971,2.2601165771484375,753
swerve_right,False,False,False,False,False,True,True,False,True,swerve_right,1.0,1.3049161434173584,753
swerve_right,False,True,False,False,False,True,True,False,True,change_to_left,1.0,1.4550261497497559,754
swerve_right,False,True,False,False,False,True,True,False,True,change_to_right,1.0,1.4260220527648926,754
swerve_right,False,True,False,False,False,True,True,False,True,cruise,1.0,1.4077389240264893,754
swerve_right,False,True,False,False,False,True,True,False,True,keep,1.0,1.4196813106536865,754
swerve_right,False,True,False,False,False,True,True,False,True,swerve_left,1.0,1.4113576412200928,754
swerve_right,False,True,False,False,False,True,True,False,True,swerve_right,1.0,1.4810621738433838,754
swerve_right,False,False,True,False,False,True,True,False,True,change_to_left,1.0,1.4343228340148926,755
swerve_right,False,False,True,False,False,True,True,False,True,change_to_right,1.0,1.4366161823272705,755
swerve_right,False,False,True,False,False,True,True,False,True,cruise,1.0,1.3976833820343018,755
swerve_right,False,False,True,False,False,True,True,False,True,keep,1.0,1.4515109062194824,755
swerve_right,False,False,True,False,False,True,True,False,True,swerve_left,1.0,1.39109468460083,755
swerve_right,False,False,True,False,False,True,True,False,True,swerve_right,1.0,1.4350063800811768,755
swerve_right,False,True,True,False,False,True,True,False,True,change_to_left,1.0,1.4665486812591553,756
swerve_right,False,True,True,False,False,True,True,False,True,change_to_right,1.0,1.4649403095245361,756
swerve_right,False,True,True,False,False,True,True,False,True,cruise,1.0,1.422853708267212,756
swerve_right,False,True,True,False,False,True,True,False,True,keep,1.0,1.4557576179504395,756
swerve_right,False,True,True,False,False,True,True,False,True,swerve_left,1.0,1.4142138957977295,756
swerve_right,False,True,True,False,False,True,True,False,True,swerve_right,1.0,1.471930742263794,756
swerve_right,False,False,False,True,False,True,True,False,True,change_to_left,1.0,1.4781625270843506,757
swerve_right,False,False,False,True,False,True,True,False,True,change_to_right,1.0,1.4560987949371338,757
swerve_right,False,False,False,True,False,True,True,False,True,cruise,1.0,1.4188263416290283,757
swerve_right,False,False,False,True,False,True,True,False,True,keep,1.0,1.4715547561645508,757
swerve_right,False,False,False,True,False,True,True,False,True,swerve_left,1.0,1.4251370429992676,757
swerve_right,False,False,False,True,False,True,True,False,True,swerve_right,1.0,1.4595720767974854,757
swerve_right,False,True,False,True,False,True,True,False,True,change_to_left,1.0,1.4461784362792969,758
swerve_right,False,True,False,True,False,True,True,False,True,change_to_right,1.0,1.444908857345581,758
swerve_right,False,True,False,True,False,True,True,False,True,cruise,1.0,1.420271873474121,758
swerve_right,False,True,False,True,False,True,True,False,True,keep,1.0,1.4515535831451416,758
swerve_right,False,True,False,True,False,True,True,False,True,swerve_left,1.0,1.426039695739746,758
swerve_right,False,True,False,True,False,True,True,False,True,swerve_right,1.0,1.4415152072906494,758
swerve_right,False,False,True,True,False,True,True,False,True,change_to_left,1.0,1.4660675525665283,759
swerve_right,False,False,True,True,False,True,True,False,True,change_to_right,1.0,1.457427978515625,759
swerve_right,False,False,True,True,False,True,True,False,True,cruise,1.0,1.420931339263916,759
swerve_right,False,False,True,True,False,True,True,False,True,keep,1.0,1.465324878692627,759
swerve_right,False,False,True,True,False,True,True,False,True,swerve_left,1.0,1.4311411380767822,759
swerve_right,False,False,True,True,False,True,True,False,True,swerve_right,1.0,1.457167625427246,759
swerve_right,False,True,True,True,False,True,True,False,True,change_to_left,1.0,1.449577808380127,760
swerve_right,False,True,True,True,False,True,True,False,True,change_to_right,1.0,1.4225327968597412,760
swerve_right,False,True,True,True,False,True,True,False,True,cruise,1.0,1.4027299880981445,760
swerve_right,False,True,True,True,False,True,True,False,True,keep,1.0,1.4375736713409424,760
swerve_right,False,True,True,True,False,True,True,False,True,swerve_left,1.0,1.4045109748840332,760
swerve_right,False,True,True,True,False,True,True,False,True,swerve_right,1.0,1.4336183071136475,760
swerve_right,False,False,False,False,True,True,True,False,True,change_to_left,1.0,1.4581687450408936,761
swerve_right,False,False,False,False,True,True,True,False,True,change_to_right,1.0,1.4486641883850098,761
swerve_right,False,False,False,False,True,True,True,False,True,cruise,1.0,1.4123435020446777,761
swerve_right,False,False,False,False,True,True,True,False,True,keep,1.0,1.445617914199829,761
swerve_right,False,False,False,False,True,True,True,False,True,swerve_left,1.0,1.4138987064361572,761
swerve_right,False,False,False,False,True,True,True,False,True,swerve_right,1.0,1.466562032699585,761
swerve_right,False,True,False,False,True,True,True,False,True,change_to_left,1.0,1.4567193984985352,762
swerve_right,False,True,False,False,True,True,True,False,True,change_to_right,1.0,1.4502577781677246,762
swerve_right,False,True,False,False,True,True,True,False,True,cruise,1.0,1.377319097518921,762
swerve_right,False,True,False,False,True,True,True,False,True,keep,1.0,1.425971269607544,762
swerve_right,False,True,False,False,True,True,True,False,True,swerve_left,1.0,1.4124159812927246,762
swerve_right,False,True,False,False,True,True,True,False,True,swerve_right,1.0,1.4428799152374268,762
swerve_right,False,False,True,False,True,True,True,False,True,change_to_left,1.0,1.4845473766326904,763
swerve_right,False,False,True,False,True,True,True,False,True,change_to_right,1.0,1.4412970542907715,763
swerve_right,False,False,True,False,True,True,True,False,True,cruise,1.0,1.4234333038330078,763
swerve_right,False,False,True,False,True,True,True,False,True,keep,1.0,1.461611032485962,763
swerve_right,False,False,True,False,True,True,True,False,True,swerve_left,1.0,1.427652359008789,763
swerve_right,False,False,True,False,True,True,True,False,True,swerve_right,1.0,1.458432912826538,763
swerve_right,False,True,True,False,True,True,True,False,True,change_to_left,1.0,1.4644103050231934,764
swerve_right,False,True,True,False,True,True,True,False,True,change_to_right,1.0,1.455672025680542,764
swerve_right,False,True,True,False,True,True,True,False,True,cruise,1.0,1.430100679397583,764
swerve_right,False,True,True,False,True,True,True,False,True,keep,1.0,1.4584407806396484,764
swerve_right,False,True,True,False,True,True,True,False,True,swerve_left,1.0,1.4903185367584229,764
swerve_right,False,True,True,False,True,True,True,False,True,swerve_right,1.0,1.6824421882629395,764
swerve_right,False,False,False,True,True,True,True,False,True,change_to_left,1.0,1.5107362270355225,765
swerve_right,False,False,False,True,True,True,True,False,True,change_to_right,1.0,1.4862182140350342,765
swerve_right,False,False,False,True,True,True,True,False,True,cruise,1.0,1.4583518505096436,765
swerve_right,False,False,False,True,True,True,True,False,True,keep,1.0,1.4797310829162598,765
swerve_right,False,False,False,True,True,True,True,False,True,swerve_left,1.0,1.4543578624725342,765
swerve_right,False,False,False,True,True,True,True,False,True,swerve_right,1.0,1.478100299835205,765
swerve_right,False,True,False,True,True,True,True,False,True,change_to_left,1.0,1.489025354385376,766
swerve_right,False,True,False,True,True,True,True,False,True,change_to_right,1.0,1.4862315654754639,766
swerve_right,False,True,False,True,True,True,True,False,True,cruise,1.0,1.4497249126434326,766
swerve_right,False,True,False,True,True,True,True,False,True,keep,1.0,1.5126259326934814,766
swerve_right,False,True,False,True,True,True,True,False,True,swerve_left,1.0,1.4410679340362549,766
swerve_right,False,True,False,True,True,True,True,False,True,swerve_right,1.0,1.5104937553405762,766
swerve_right,False,False,True,True,True,True,True,False,True,change_to_left,1.0,1.4943206310272217,767
swerve_right,False,False,True,True,True,True,True,False,True,change_to_right,1.0,1.5079762935638428,767
swerve_right,False,False,True,True,True,True,True,False,True,cruise,1.0,1.4671809673309326,767
swerve_right,False,False,True,True,True,True,True,False,True,keep,1.0,1.4875998497009277,767
swerve_right,False,False,True,True,True,True,True,False,True,swerve_left,1.0,1.4533600807189941,767
swerve_right,False,False,True,True,True,True,True,False,True,swerve_right,1.0,1.5079607963562012,767
swerve_right,False,True,True,True,True,True,True,False,True,change_to_left,1.0,1.498910665512085,768
swerve_right,False,True,True,True,True,True,True,False,True,change_to_right,1.0,1.503361463546753,768
swerve_right,False,True,True,True,True,True,True,False,True,cruise,1.0,1.4444684982299805,768
swerve_right,False,True,True,True,True,True,True,False,True,keep,1.0,1.5116865634918213,768
swerve_right,False,True,True,True,True,True,True,False,True,swerve_left,1.0,1.4458036422729492,768
swerve_right,False,True,True,True,True,True,True,False,True,swerve_right,1.0,1.494917869567871,768
