action,curr_lane,free_E,free_NE,free_NW,free_SE,free_SW,free_W,orig_label_lc,latent_collision,iaction,probability,elapsed_time,group_id
change_to_right,False,False,False,False,False,False,False,True,True,change_to_left,0.9374102874906219,3.838311195373535,1
change_to_right,False,False,False,False,False,False,False,True,True,change_to_right,0.8795225179097002,3.8060452938079834,1
change_to_right,False,False,False,False,False,False,False,True,True,cruise,0.6016444357779294,3.750067710876465,1
change_to_right,False,False,False,False,False,False,False,True,True,keep,0.015767794004760437,3.8277194499969482,1
change_to_right,False,False,False,False,False,False,False,True,True,swerve_left,0.0010390210621342634,3.775949716567993,1
change_to_right,False,False,False,False,False,False,False,True,True,swerve_right,0.0012276880909487986,3.7793710231781006,1
cruise,False,False,False,False,False,False,False,True,True,change_to_left,0.9376455590426328,3.7690460681915283,2
cruise,False,False,False,False,False,False,False,True,True,change_to_right,0.9385999431627763,3.7800748348236084,2
cruise,False,False,False,False,False,False,False,True,True,cruise,0.21846121530109883,3.8071625232696533,2
cruise,False,False,False,False,False,False,False,True,True,keep,0.015895164688748017,3.780369281768799,2
cruise,False,False,False,False,False,False,False,True,True,swerve_left,0.0010461899278218266,3.7649829387664795,2
cruise,False,False,False,False,False,False,False,True,True,swerve_right,0.0012128052646338786,3.7912604808807373,2
change_to_left,False,False,False,False,False,False,False,True,True,change_to_left,0.876238569655017,3.7431366443634033,3
change_to_left,False,False,False,False,False,False,False,True,True,change_to_right,0.938956675320891,3.764037847518921,3
change_to_left,False,False,False,False,False,False,False,True,True,cruise,0.6027153819158448,3.7711708545684814,3
change_to_left,False,False,False,False,False,False,False,True,True,keep,0.015664840469309178,3.779385566711426,3
change_to_left,False,False,False,False,False,False,False,True,True,swerve_left,0.0010316805881917894,3.815915107727051,3
change_to_left,False,False,False,False,False,False,False,True,True,swerve_right,0.0012297677393873325,3.7901368141174316,3
change_to_right,False,False,False,False,False,False,True,True,True,change_to_left,0.8927393626885478,3.7496626377105713,4
change_to_right,False,False,False,False,False,False,True,True,True,change_to_right,0.8793754409918448,3.78078031539917,4
change_to_right,False,False,False,False,False,False,True,True,True,cruise,0.3246115827611207,3.7703590393066406,4
change_to_right,False,False,False,False,False,False,True,True,True,keep,0.7312171243592547,3.787618637084961,4
change_to_right,False,False,False,False,False,False,True,True,True,swerve_left,0.0010031369586846956,3.7713327407836914,4
change_to_right,False,False,False,False,False,False,True,True,True,swerve_right,0.0011802994928236028,3.7634687423706055,4
cruise,False,False,False,False,False,False,True,True,True,change_to_left,0.9370163515211614,3.139787435531616,5
cruise,False,False,False,False,False,False,True,True,True,change_to_right,0.9401039933072053,3.184795379638672,5
cruise,False,False,False,False,False,False,True,True,True,cruise,0.2185042472930971,3.130667209625244,5
cruise,False,False,False,False,False,False,True,True,True,keep,0.006315206234635614,3.1387887001037598,5
cruise,False,False,False,False,False,False,True,True,True,swerve_left,0.001013036260372216,3.1715762615203857,5
cruise,False,False,False,False,False,False,True,True,True,swerve_right,0.0013092384587178436,3.146803617477417,5
change_to_left,False,False,False,False,False,False,True,True,True,change_to_left,0.8764501329872161,3.124160051345825,6
change_to_left,False,False,False,False,False,False,True,True,True,change_to_right,0.9275332243522991,3.1524648666381836,6
change_to_left,False,False,False,False,False,False,True,True,True,cruise,0.684526821403378,3.1213366985321045,6
change_to_left,False,False,False,False,False,False,True,True,True,keep,0.005102961740726971,3.1707241535186768,6
change_to_left,False,False,False,False,False,False,True,True,True,swerve_left,0.0010099236912207768,3.1349408626556396,6
change_to_left,False,False,False,False,False,False,True,True,True,swerve_right,0.0012894124052749475,3.204592227935791,6
change_to_right,False,False,False,False,False,True,False,True,True,change_to_left,0.8855586942147873,3.8370046615600586,7
change_to_right,False,False,False,False,False,True,False,True,True,change_to_right,0.8796605003978164,3.800835132598877,7
change_to_right,False,False,False,False,False,True,False,True,True,cruise,0.2787400734087497,3.7994306087493896,7
change_to_right,False,False,False,False,False,True,False,True,True,keep,0.8447694012180875,3.8454182147979736,7
change_to_right,False,False,False,False,False,True,False,True,True,swerve_left,0.0010091475774365924,3.7878663539886475,7
change_to_right,False,False,False,False,False,True,False,True,True,swerve_right,0.001204358435094015,3.777756690979004,7
cruise,False,False,False,False,False,True,False,True,True,change_to_left,0.8857040772641396,3.755924701690674,8
cruise,False,False,False,False,False,True,False,True,True,change_to_right,0.8890133193335332,3.78794264793396,8
cruise,False,False,False,False,False,True,False,True,True,cruise,0.21889847155262104,3.7855584621429443,8
cruise,False,False,False,False,False,True,False,True,True,keep,0.8448076210938922,3.797438859939575,8
cruise,False,False,False,False,False,True,False,True,True,swerve_left,0.0010090739977734577,3.792041063308716,8
cruise,False,False,False,False,False,True,False,True,True,swerve_right,0.0012123432672933151,3.7747390270233154,8
change_to_left,False,False,False,False,False,True,False,True,True,change_to_left,0.8765532628431139,3.8346474170684814,9
change_to_left,False,False,False,False,False,True,False,True,True,change_to_right,0.8893246795154616,3.7916603088378906,9
change_to_left,False,False,False,False,False,True,False,True,True,cruise,0.2790582480083813,3.8088459968566895,9
change_to_left,False,False,False,False,False,True,False,True,True,keep,0.84400724572418,3.788712501525879,9
change_to_left,False,False,False,False,False,True,False,True,True,swerve_left,0.0010093273263284254,3.7908003330230713,9
change_to_left,False,False,False,False,False,True,False,True,True,swerve_right,0.001200528404163751,3.8227787017822266,9
change_to_right,False,False,False,False,False,True,True,True,True,change_to_left,0.9008381449844155,3.768017530441284,10
change_to_right,False,False,False,False,False,True,True,True,True,change_to_right,0.8799499839926233,3.7771849632263184,10
change_to_right,False,False,False,False,False,True,True,True,True,cruise,0.3175955712663174,3.7806384563446045,10
change_to_right,False,False,False,False,False,True,True,True,True,keep,0.672657310632674,3.7852017879486084,10
change_to_right,False,False,False,False,False,True,True,True,True,swerve_left,0.0015470065284586602,3.785715341567993,10
change_to_right,False,False,False,False,False,True,True,True,True,swerve_right,0.0011350794872895006,3.825641632080078,10
cruise,False,False,False,False,False,True,True,True,True,change_to_left,0.8999636309053691,3.765564203262329,11
cruise,False,False,False,False,False,True,True,True,True,change_to_right,0.9006584510450876,3.777641773223877,11
cruise,False,False,False,False,False,True,True,True,True,cruise,0.21730293142471369,3.77762770652771,11
cruise,False,False,False,False,False,True,True,True,True,keep,0.6356861007287504,3.820666551589966,11
cruise,False,False,False,False,False,True,True,True,True,swerve_left,0.0015029985783763748,3.7974698543548584,11
cruise,False,False,False,False,False,True,True,True,True,swerve_right,0.001133330861223048,3.810465097427368,11
change_to_left,False,False,False,False,False,True,True,True,True,change_to_left,0.8766094647729614,3.7757606506347656,12
change_to_left,False,False,False,False,False,True,True,True,True,change_to_right,0.9020274507096454,3.7945029735565186,12
change_to_left,False,False,False,False,False,True,True,True,True,cruise,0.31914477357421744,3.789630889892578,12
change_to_left,False,False,False,False,False,True,True,True,True,keep,0.6839458224681966,3.7841227054595947,12
change_to_left,False,False,False,False,False,True,True,True,True,swerve_left,0.0015413600729215055,3.792278289794922,12
change_to_left,False,False,False,False,False,True,True,True,True,swerve_right,0.0011361029632244583,3.777787685394287,12
change_to_right,False,False,False,False,True,False,False,True,True,change_to_left,0.9371505819432141,3.7825469970703125,13
change_to_right,False,False,False,False,True,False,False,True,True,change_to_right,0.87941882475186,3.8122527599334717,13
change_to_right,False,False,False,False,True,False,False,True,True,cruise,0.6047970694598445,3.7823052406311035,13
change_to_right,False,False,False,False,True,False,False,True,True,keep,0.013243016755834171,3.797926902770996,13
change_to_right,False,False,False,False,True,False,False,True,True,swerve_left,0.0012657814878151328,3.7946367263793945,13
change_to_right,False,False,False,False,True,False,False,True,True,swerve_right,0.0018436516792568543,3.8251774311065674,13
cruise,False,False,False,False,True,False,False,True,True,change_to_left,0.9368096158062625,3.8289430141448975,14
cruise,False,False,False,False,True,False,False,True,True,change_to_right,0.9395704195164386,3.8265466690063477,14
cruise,False,False,False,False,True,False,False,True,True,cruise,0.21919774689111124,3.8150665760040283,14
cruise,False,False,False,False,True,False,False,True,True,keep,0.013652162811972408,3.804412841796875,14
cruise,False,False,False,False,True,False,False,True,True,swerve_left,0.0012522604786328344,3.7961957454681396,14
cruise,False,False,False,False,True,False,False,True,True,swerve_right,0.0018777784704070751,3.8206396102905273,14
change_to_left,False,False,False,False,True,False,False,True,True,change_to_left,0.8758059280623447,3.7800118923187256,15
change_to_left,False,False,False,False,True,False,False,True,True,change_to_right,0.9387086512918941,3.7801432609558105,15
change_to_left,False,False,False,False,True,False,False,True,True,cruise,0.605520763762915,3.8123984336853027,15
change_to_left,False,False,False,False,True,False,False,True,True,keep,0.01326122779831336,3.8024420738220215,15
change_to_left,False,False,False,False,True,False,False,True,True,swerve_left,0.0012647917102246943,3.7983498573303223,15
change_to_left,False,False,False,False,True,False,False,True,True,swerve_right,0.001871801772592926,3.8027076721191406,15
change_to_right,False,False,False,False,True,False,True,True,True,change_to_left,0.937906447317022,3.803598403930664,16
change_to_right,False,False,False,False,True,False,True,True,True,change_to_right,0.8793284812854907,3.7912662029266357,16
change_to_right,False,False,False,False,True,False,True,True,True,cruise,0.6072307385149603,3.854616165161133,16
change_to_right,False,False,False,False,True,False,True,True,True,keep,0.0048331040453819685,3.8245458602905273,16
change_to_right,False,False,False,False,True,False,True,True,True,swerve_left,0.0012532184536147286,3.8447320461273193,16
change_to_right,False,False,False,False,True,False,True,True,True,swerve_right,0.0018375167409497245,3.8297529220581055,16
cruise,False,False,False,False,True,False,True,True,True,change_to_left,0.9377952422883021,3.8330464363098145,17
cruise,False,False,False,False,True,False,True,True,True,change_to_right,0.9396463023880669,3.804155111312866,17
cruise,False,False,False,False,True,False,True,True,True,cruise,0.2188485044491466,3.814108371734619,17
cruise,False,False,False,False,True,False,True,True,True,keep,0.004816291065809452,3.817451000213623,17
cruise,False,False,False,False,True,False,True,True,True,swerve_left,0.0012540862697311872,3.8021082878112793,17
cruise,False,False,False,False,True,False,True,True,True,swerve_right,0.0018520519013847487,3.817683696746826,17
change_to_left,False,False,False,False,True,False,True,True,True,change_to_left,0.8761963430774152,3.7828593254089355,18
change_to_left,False,False,False,False,True,False,True,True,True,change_to_right,0.9391792774565049,3.8071608543395996,18
change_to_left,False,False,False,False,True,False,True,True,True,cruise,0.6093919278395655,3.895575761795044,18
change_to_left,False,False,False,False,True,False,True,True,True,keep,0.004709518266260128,3.8218753337860107,18
change_to_left,False,False,False,False,True,False,True,True,True,swerve_left,0.0012391539680289764,3.8082077503204346,18
change_to_left,False,False,False,False,True,False,True,True,True,swerve_right,0.0018241252506505676,3.831320285797119,18
change_to_right,False,False,False,False,True,True,False,True,True,change_to_left,0.8944846196806511,3.793778896331787,19
change_to_right,False,False,False,False,True,True,False,True,True,change_to_right,0.879340504351235,3.8263163566589355,19
change_to_right,False,False,False,False,True,True,False,True,True,cruise,0.33240703962830953,3.813382863998413,19
change_to_right,False,False,False,False,True,True,False,True,True,keep,0.7073267669922088,3.8102667331695557,19
change_to_right,False,False,False,False,True,True,False,True,True,swerve_left,0.0011268934836341118,3.7805280685424805,19
change_to_right,False,False,False,False,True,True,False,True,True,swerve_right,0.001994007095425557,3.791027069091797,19
cruise,False,False,False,False,True,True,False,True,True,change_to_left,0.8945283621014481,3.783984661102295,20
cruise,False,False,False,False,True,True,False,True,True,change_to_right,0.8972450560017001,3.8059871196746826,20
cruise,False,False,False,False,True,True,False,True,True,cruise,0.21883661539527693,3.797457218170166,20
cruise,False,False,False,False,True,True,False,True,True,keep,0.7041166761721737,3.8015260696411133,20
cruise,False,False,False,False,True,True,False,True,True,swerve_left,0.001135137549575104,3.889296531677246,20
cruise,False,False,False,False,True,True,False,True,True,swerve_right,0.001993803933160992,3.8032572269439697,20
change_to_left,False,False,False,False,True,True,False,True,True,change_to_left,0.8759073950485131,3.810662269592285,21
change_to_left,False,False,False,False,True,True,False,True,True,change_to_right,0.8971351336953513,3.8268306255340576,21
change_to_left,False,False,False,False,True,True,False,True,True,cruise,0.334011734988136,3.81229829788208,21
change_to_left,False,False,False,False,True,True,False,True,True,keep,0.7055529173453604,3.8063125610351562,21
change_to_left,False,False,False,False,True,True,False,True,True,swerve_left,0.0011271153485473229,3.8123698234558105,21
change_to_left,False,False,False,False,True,True,False,True,True,swerve_right,0.0019729244414758264,3.794532537460327,21
cruise,False,False,False,False,True,True,True,True,True,change_to_left,0.8977294193345906,3.780371904373169,22
cruise,False,False,False,False,True,True,True,True,True,change_to_right,0.9029647542765709,3.807670831680298,22
cruise,False,False,False,False,True,True,True,True,True,cruise,0.21751700476637362,3.8482868671417236,22
cruise,False,False,False,False,True,True,True,True,True,keep,0.6309195552229777,3.8090627193450928,22
cruise,False,False,False,False,True,True,True,True,True,swerve_left,0.0011019129278358273,3.812519073486328,22
cruise,False,False,False,False,True,True,True,True,True,swerve_right,0.002143994322817056,3.807563066482544,22
change_to_right,False,False,False,False,True,True,True,True,True,change_to_left,0.8972961782471998,3.833329200744629,23
change_to_right,False,False,False,False,True,True,True,True,True,change_to_right,0.8794949922816255,3.8562817573547363,23
change_to_right,False,False,False,False,True,True,True,True,True,cruise,0.3996034275868058,3.841905117034912,23
change_to_right,False,False,False,False,True,True,True,True,True,keep,0.5993118121171839,3.8220505714416504,23
change_to_right,False,False,False,False,True,True,True,True,True,swerve_left,0.00110586430686316,3.8463172912597656,23
change_to_right,False,False,False,False,True,True,True,True,True,swerve_right,0.0020941984732105986,3.830862283706665,23
change_to_left,False,False,False,False,True,True,True,True,True,change_to_left,0.8762827244984654,3.7924904823303223,24
change_to_left,False,False,False,False,True,True,True,True,True,change_to_right,0.9010179789303823,3.8296804428100586,24
change_to_left,False,False,False,False,True,True,True,True,True,cruise,0.3954682764128978,3.7959885597229004,24
change_to_left,False,False,False,False,True,True,True,True,True,keep,0.5927539182491749,3.7938921451568604,24
change_to_left,False,False,False,False,True,True,True,True,True,swerve_left,0.0011054473787400173,3.7966647148132324,24
change_to_left,False,False,False,False,True,True,True,True,True,swerve_right,0.002052142902627186,3.811929941177368,24
change_to_right,False,False,False,True,False,False,False,True,True,change_to_left,0.9723182151314618,3.7830073833465576,25
change_to_right,False,False,False,True,False,False,False,True,True,change_to_right,0.8794691571410247,3.8123538494110107,25
change_to_right,False,False,False,True,False,False,False,True,True,cruise,0.39504239162245636,3.88946270942688,25
change_to_right,False,False,False,True,False,False,False,True,True,keep,0.0011278387732103537,3.833698034286499,25
change_to_right,False,False,False,True,False,False,False,True,True,swerve_left,0.0012621641533019233,3.8220338821411133,25
change_to_right,False,False,False,True,False,False,False,True,True,swerve_right,0.0013871820055610076,3.829688787460327,25
change_to_left,False,False,False,True,False,False,False,True,True,change_to_left,0.8760345059727772,3.796372652053833,26
change_to_left,False,False,False,True,False,False,False,True,True,change_to_right,0.9728942953817267,3.7998738288879395,26
change_to_left,False,False,False,True,False,False,False,True,True,cruise,0.39619357832321533,3.821540355682373,26
change_to_left,False,False,False,True,False,False,False,True,True,keep,0.0010856540158775626,4.264576196670532,26
change_to_left,False,False,False,True,False,False,False,True,True,swerve_left,0.0012207199071423746,3.8970911502838135,26
change_to_left,False,False,False,True,False,False,False,True,True,swerve_right,0.00146014808162884,3.9415781497955322,26
change_to_right,False,False,False,True,False,False,True,True,True,change_to_left,0.9795427994889063,3.933931827545166,27
change_to_right,False,False,False,True,False,False,True,True,True,change_to_right,0.8797763574867946,3.938415050506592,27
change_to_right,False,False,False,True,False,False,True,True,True,cruise,0.34978748314325553,3.9453542232513428,27
change_to_right,False,False,False,True,False,False,True,True,True,keep,0.0011369931930167592,4.019881963729858,27
change_to_right,False,False,False,True,False,False,True,True,True,swerve_left,0.0011877740471021806,4.006224155426025,27
change_to_right,False,False,False,True,False,False,True,True,True,swerve_right,0.0014802234919186897,4.039321660995483,27
change_to_left,False,False,False,True,False,False,True,True,True,change_to_left,0.8761983062278517,4.033210039138794,28
change_to_left,False,False,False,True,False,False,True,True,True,change_to_right,0.9798025254575975,4.014391660690308,28
change_to_left,False,False,False,True,False,False,True,True,True,cruise,0.35149683289759565,4.0119123458862305,28
change_to_left,False,False,False,True,False,False,True,True,True,keep,0.0010916598591955836,4.093848466873169,28
change_to_left,False,False,False,True,False,False,True,True,True,swerve_left,0.0011891270310362253,4.031130790710449,28
change_to_left,False,False,False,True,False,False,True,True,True,swerve_right,0.0014329518531699108,4.000412464141846,28
change_to_right,False,False,False,True,False,True,False,True,True,change_to_left,0.9084609679400041,3.9706695079803467,29
change_to_right,False,False,False,True,False,True,False,True,True,change_to_right,0.8795762454958155,3.9659671783447266,29
change_to_right,False,False,False,True,False,True,False,True,True,cruise,0.7963033634740699,3.8073785305023193,29
change_to_right,False,False,False,True,False,True,False,True,True,keep,0.0017812501469946646,3.784275770187378,29
change_to_right,False,False,False,True,False,True,False,True,True,swerve_left,0.0024097184762284884,3.8488128185272217,29
change_to_right,False,False,False,True,False,True,False,True,True,swerve_right,0.0014019082806414193,3.8598732948303223,29
change_to_left,False,False,False,True,False,True,False,True,True,change_to_left,0.8763781658425199,3.811000347137451,30
change_to_left,False,False,False,True,False,True,False,True,True,change_to_right,0.9108009071157308,3.8214950561523438,30
change_to_left,False,False,False,True,False,True,False,True,True,cruise,0.7958907048486797,3.8277695178985596,30
change_to_left,False,False,False,True,False,True,False,True,True,keep,0.001781752506363146,3.832822561264038,30
change_to_left,False,False,False,True,False,True,False,True,True,swerve_left,0.0025124107640438517,3.8113996982574463,30
change_to_left,False,False,False,True,False,True,False,True,True,swerve_right,0.0013809488759407515,3.8206958770751953,30
change_to_right,False,False,False,True,False,True,True,True,True,change_to_left,0.9153471116510873,3.8654677867889404,31
change_to_right,False,False,False,True,False,True,True,True,True,change_to_right,0.8793892688327932,3.8571536540985107,31
change_to_right,False,False,False,True,False,True,True,True,True,cruise,0.7515659902590475,3.813552141189575,31
change_to_right,False,False,False,True,False,True,True,True,True,keep,0.0017327001445975624,3.8208649158477783,31
change_to_right,False,False,False,True,False,True,True,True,True,swerve_left,0.0025418396323145867,3.8188283443450928,31
change_to_right,False,False,False,True,False,True,True,True,True,swerve_right,0.0014426040169855036,3.8842720985412598,31
change_to_left,False,False,False,True,False,True,True,True,True,change_to_left,0.8758330253563096,3.906282901763916,32
change_to_left,False,False,False,True,False,True,True,True,True,change_to_right,0.9247377836777131,3.8436055183410645,32
change_to_left,False,False,False,True,False,True,True,True,True,cruise,0.7064495082705005,3.84317946434021,32
change_to_left,False,False,False,True,False,True,True,True,True,keep,0.001670317368165133,3.85072660446167,32
change_to_left,False,False,False,True,False,True,True,True,True,swerve_left,0.002363306429223384,3.856355905532837,32
change_to_left,False,False,False,True,False,True,True,True,True,swerve_right,0.0014213916437389926,3.8206570148468018,32
change_to_right,False,False,False,True,True,False,False,True,True,change_to_left,0.9359232760270774,3.845944881439209,33
change_to_right,False,False,False,True,True,False,False,True,True,change_to_right,0.8794933520374956,3.834357261657715,33
change_to_right,False,False,False,True,True,False,False,True,True,cruise,0.624759663888286,3.7885820865631104,33
change_to_right,False,False,False,True,True,False,False,True,True,keep,0.0012914011474080714,3.847719430923462,33
change_to_right,False,False,False,True,True,False,False,True,True,swerve_left,0.0010582102150509373,3.796431541442871,33
change_to_right,False,False,False,True,True,False,False,True,True,swerve_right,0.0017558947368347447,3.804690361022949,33
change_to_left,False,False,False,True,True,False,False,True,True,change_to_left,0.8764519210276114,3.8340656757354736,34
change_to_left,False,False,False,True,True,False,False,True,True,change_to_right,0.9372493212868819,3.889141082763672,34
change_to_left,False,False,False,True,True,False,False,True,True,cruise,0.6262523405741879,3.808363199234009,34
change_to_left,False,False,False,True,True,False,False,True,True,keep,0.0012917602185526823,3.8479442596435547,34
change_to_left,False,False,False,True,True,False,False,True,True,swerve_left,0.001057581479476193,3.8670074939727783,34
change_to_left,False,False,False,True,True,False,False,True,True,swerve_right,0.0017281570847828677,3.8053619861602783,34
change_to_right,False,False,False,True,True,False,True,True,True,change_to_left,0.9994109987460212,3.1610896587371826,35
change_to_right,False,False,False,True,True,False,True,True,True,change_to_right,0.8789737529662978,3.1518659591674805,35
change_to_right,False,False,False,True,True,False,True,True,True,cruise,0.22660014033756076,3.2132089138031006,35
change_to_right,False,False,False,True,True,False,True,True,True,keep,0.0010347471710272804,3.1838538646698,35
change_to_right,False,False,False,True,True,False,True,True,True,swerve_left,0.001013899236970855,3.1921815872192383,35
change_to_right,False,False,False,True,True,False,True,True,True,swerve_right,0.0013495819261256437,3.1511852741241455,35
change_to_left,False,False,False,True,True,False,True,True,True,change_to_left,0.8761580211153698,3.1485018730163574,36
change_to_left,False,False,False,True,True,False,True,True,True,change_to_right,0.9992625526506153,3.2129812240600586,36
change_to_left,False,False,False,True,True,False,True,True,True,cruise,0.22766771624958715,3.1813225746154785,36
change_to_left,False,False,False,True,True,False,True,True,True,keep,0.00104615397409067,3.147535562515259,36
change_to_left,False,False,False,True,True,False,True,True,True,swerve_left,0.001019078892623772,3.194364070892334,36
change_to_left,False,False,False,True,True,False,True,True,True,swerve_right,0.0013617716660540985,3.1576292514801025,36
change_to_right,False,False,False,True,True,True,False,True,True,change_to_left,0.896199273547418,3.799370765686035,37
change_to_right,False,False,False,True,True,True,False,True,True,change_to_right,0.8795666202040191,3.799262762069702,37
change_to_right,False,False,False,True,True,True,False,True,True,cruise,0.8640492273736213,3.86230731010437,37
change_to_right,False,False,False,True,True,True,False,True,True,keep,0.008640007602424324,3.825079917907715,37
change_to_right,False,False,False,True,True,True,False,True,True,swerve_left,0.004168820785531282,3.8294148445129395,37
change_to_right,False,False,False,True,True,True,False,True,True,swerve_right,0.001240427552042269,3.8216371536254883,37
change_to_left,False,False,False,True,True,True,False,True,True,change_to_left,0.8760684496258152,3.8116397857666016,38
change_to_left,False,False,False,True,True,True,False,True,True,change_to_right,0.8990221905059277,3.8301520347595215,38
change_to_left,False,False,False,True,True,True,False,True,True,cruise,0.8646158176624866,3.8808507919311523,38
change_to_left,False,False,False,True,True,True,False,True,True,keep,0.008740362933482354,3.8028218746185303,38
change_to_left,False,False,False,True,True,True,False,True,True,swerve_left,0.0043255407335076315,3.8027944564819336,38
change_to_left,False,False,False,True,True,True,False,True,True,swerve_right,0.0012333715988483607,3.819993734359741,38
change_to_right,False,False,False,True,True,True,True,True,True,change_to_left,0.8999273650662117,3.8447816371917725,39
change_to_right,False,False,False,True,True,True,True,True,True,change_to_right,0.8794160203656094,3.82997727394104,39
change_to_right,False,False,False,True,True,True,True,True,True,cruise,0.8392825960760812,3.833455801010132,39
change_to_right,False,False,False,True,True,True,True,True,True,keep,0.009120951060356569,3.920290470123291,39
change_to_right,False,False,False,True,True,True,True,True,True,swerve_left,0.004279575839069296,3.855346441268921,39
change_to_right,False,False,False,True,True,True,True,True,True,swerve_right,0.001246568229766309,3.8692455291748047,39
change_to_left,False,False,False,True,True,True,True,True,True,change_to_left,0.8759387784253265,3.8450424671173096,40
change_to_left,False,False,False,True,True,True,True,True,True,change_to_right,0.9028822255849714,3.8719613552093506,40
change_to_left,False,False,False,True,True,True,True,True,True,cruise,0.8403519616402273,3.851792335510254,40
change_to_left,False,False,False,True,True,True,True,True,True,keep,0.009206973841879353,3.8263001441955566,40
change_to_left,False,False,False,True,True,True,True,True,True,swerve_left,0.004283940405986053,3.8202908039093018,40
change_to_left,False,False,False,True,True,True,True,True,True,swerve_right,0.0012146735054112845,3.839869499206543,40
change_to_right,False,False,True,False,False,False,False,True,True,change_to_left,0.9375781102465931,3.825805902481079,41
change_to_right,False,False,True,False,False,False,False,True,True,change_to_right,0.8797212001597271,3.832261562347412,41
change_to_right,False,False,True,False,False,False,False,True,True,cruise,0.6014429053503532,3.8526153564453125,41
change_to_right,False,False,True,False,False,False,False,True,True,keep,0.01573502421271439,3.8895065784454346,41
change_to_right,False,False,True,False,False,False,False,True,True,swerve_left,0.0010389816214648416,3.8806960582733154,41
change_to_right,False,False,True,False,False,False,False,True,True,swerve_right,0.0012296373289612005,3.903228282928467,41
cruise,False,False,True,False,False,False,False,True,True,change_to_left,0.9364265149302233,3.850703001022339,42
cruise,False,False,True,False,False,False,False,True,True,change_to_right,0.939406120299859,3.866598606109619,42
cruise,False,False,True,False,False,False,False,True,True,cruise,0.21858239648979086,3.901771068572998,42
cruise,False,False,True,False,False,False,False,True,True,keep,0.015791528415716974,3.869758367538452,42
cruise,False,False,True,False,False,False,False,True,True,swerve_left,0.0010391095775140182,3.8391711711883545,42
cruise,False,False,True,False,False,False,False,True,True,swerve_right,0.001229629083958918,3.85506534576416,42
change_to_left,False,False,True,False,False,False,False,True,True,change_to_left,0.8763569089333251,3.824946641921997,43
change_to_left,False,False,True,False,False,False,False,True,True,change_to_right,0.9389296008378337,3.8243277072906494,43
change_to_left,False,False,True,False,False,False,False,True,True,cruise,0.6031614027594111,3.86384654045105,43
change_to_left,False,False,True,False,False,False,False,True,True,keep,0.015575973130514629,3.882310628890991,43
change_to_left,False,False,True,False,False,False,False,True,True,swerve_left,0.0010385525028885824,3.844052314758301,43
change_to_left,False,False,True,False,False,False,False,True,True,swerve_right,0.0012360667511550152,3.8963959217071533,43
change_to_right,False,False,True,False,False,False,True,True,True,change_to_left,0.9370079280424166,3.88278865814209,44
change_to_right,False,False,True,False,False,False,True,True,True,change_to_right,0.8794408419381851,3.87277889251709,44
change_to_right,False,False,True,False,False,False,True,True,True,cruise,0.6048398365044817,3.9197988510131836,44
change_to_right,False,False,True,False,False,False,True,True,True,keep,0.013861031792002005,3.89016056060791,44
change_to_right,False,False,True,False,False,False,True,True,True,swerve_left,0.0010460545987990423,3.8794894218444824,44
change_to_right,False,False,True,False,False,False,True,True,True,swerve_right,0.0012348190308485122,3.91324782371521,44
cruise,False,False,True,False,False,False,True,True,True,change_to_left,0.9374155225273234,3.876188278198242,45
cruise,False,False,True,False,False,False,True,True,True,change_to_right,0.9387858530924283,3.9298486709594727,45
cruise,False,False,True,False,False,False,True,True,True,cruise,0.2188187293357985,3.8303897380828857,45
cruise,False,False,True,False,False,False,True,True,True,keep,0.013285592999042023,3.929804801940918,45
cruise,False,False,True,False,False,False,True,True,True,swerve_left,0.0010386414903872047,3.936073064804077,45
cruise,False,False,True,False,False,False,True,True,True,swerve_right,0.0012115992394345738,3.835645914077759,45
change_to_left,False,False,True,False,False,False,True,True,True,change_to_left,0.8763849533598966,3.9260146617889404,46
change_to_left,False,False,True,False,False,False,True,True,True,change_to_right,0.9392212078281961,3.935966730117798,46
change_to_left,False,False,True,False,False,False,True,True,True,cruise,0.6021487180667561,3.8783392906188965,46
change_to_left,False,False,True,False,False,False,True,True,True,keep,0.013482508596934329,3.9726405143737793,46
change_to_left,False,False,True,False,False,False,True,True,True,swerve_left,0.00104582895727123,3.940356969833374,46
change_to_left,False,False,True,False,False,False,True,True,True,swerve_right,0.0012292534190390526,3.8903560638427734,46
change_to_right,False,False,True,False,False,True,False,True,True,change_to_left,0.8852398916339146,3.805886745452881,47
change_to_right,False,False,True,False,False,True,False,True,True,change_to_right,0.8797683206754312,3.893113613128662,47
change_to_right,False,False,True,False,False,True,False,True,True,cruise,0.30724490095642426,3.8604543209075928,47
change_to_right,False,False,True,False,False,True,False,True,True,keep,0.8124615511961258,3.809187889099121,47
change_to_right,False,False,True,False,False,True,False,True,True,swerve_left,0.0010085468070010798,3.8694169521331787,47
change_to_right,False,False,True,False,False,True,False,True,True,swerve_right,0.0012099081907932,3.8421690464019775,47
cruise,False,False,True,False,False,True,False,True,True,change_to_left,0.8856748540942854,3.8580610752105713,48
cruise,False,False,True,False,False,True,False,True,True,change_to_right,0.8917964609086398,3.9273228645324707,48
cruise,False,False,True,False,False,True,False,True,True,cruise,0.2184904960709937,3.909177303314209,48
cruise,False,False,True,False,False,True,False,True,True,keep,0.8234401281502624,3.8172082901000977,48
cruise,False,False,True,False,False,True,False,True,True,swerve_left,0.0010095385334418202,3.8662967681884766,48
cruise,False,False,True,False,False,True,False,True,True,swerve_right,0.0012082800688676168,3.8366329669952393,48
change_to_left,False,False,True,False,False,True,False,True,True,change_to_left,0.8760106856200793,3.8567795753479004,49
change_to_left,False,False,True,False,False,True,False,True,True,change_to_right,0.8910229146679296,3.8172295093536377,49
change_to_left,False,False,True,False,False,True,False,True,True,cruise,0.3054750871324289,3.8417530059814453,49
change_to_left,False,False,True,False,False,True,False,True,True,keep,0.7935603335585447,3.8721301555633545,49
change_to_left,False,False,True,False,False,True,False,True,True,swerve_left,0.0010086640348442699,3.840602159500122,49
change_to_left,False,False,True,False,False,True,False,True,True,swerve_right,0.0012049010043691495,3.8455002307891846,49
change_to_right,False,False,True,False,False,True,True,True,True,change_to_left,0.8862057713263995,3.965137243270874,50
change_to_right,False,False,True,False,False,True,True,True,True,change_to_right,0.8793112578709867,3.887404680252075,50
change_to_right,False,False,True,False,False,True,True,True,True,cruise,0.3198079899564588,3.961482286453247,50
change_to_right,False,False,True,False,False,True,True,True,True,keep,0.7873204305771788,3.9206693172454834,50
change_to_right,False,False,True,False,False,True,True,True,True,swerve_left,0.0010106387255211682,3.89420485496521,50
change_to_right,False,False,True,False,False,True,True,True,True,swerve_right,0.001226353211026024,3.905804395675659,50
cruise,False,False,True,False,False,True,True,True,True,change_to_left,0.88726736828423,3.9211583137512207,51
cruise,False,False,True,False,False,True,True,True,True,change_to_right,0.8897345447226576,3.9115512371063232,51
cruise,False,False,True,False,False,True,True,True,True,cruise,0.21756731835764753,3.8538026809692383,51
cruise,False,False,True,False,False,True,True,True,True,keep,0.8265965144105627,3.871605634689331,51
cruise,False,False,True,False,False,True,True,True,True,swerve_left,0.0010113459273667906,3.8862993717193604,51
cruise,False,False,True,False,False,True,True,True,True,swerve_right,0.0012266263462579333,3.8553802967071533,51
change_to_left,False,False,True,False,False,True,True,True,True,change_to_left,0.8761983047179058,3.9120161533355713,52
change_to_left,False,False,True,False,False,True,True,True,True,change_to_right,0.8894518177329432,3.945523977279663,52
change_to_left,False,False,True,False,False,True,True,True,True,cruise,0.3181458740943678,3.8919591903686523,52
change_to_left,False,False,True,False,False,True,True,True,True,keep,0.7874655942707597,3.9010772705078125,52
change_to_left,False,False,True,False,False,True,True,True,True,swerve_left,0.001011557203430938,3.9120218753814697,52
change_to_left,False,False,True,False,False,True,True,True,True,swerve_right,0.0012281192177761092,3.923996925354004,52
change_to_right,False,False,True,False,True,False,False,True,True,change_to_left,0.9381821476783805,3.9121077060699463,53
change_to_right,False,False,True,False,True,False,False,True,True,change_to_right,0.8795350659716705,3.873922348022461,53
change_to_right,False,False,True,False,True,False,False,True,True,cruise,0.5989806095253772,3.8919317722320557,53
change_to_right,False,False,True,False,True,False,False,True,True,keep,0.013375884699319829,3.812232494354248,53
change_to_right,False,False,True,False,True,False,False,True,True,swerve_left,0.0012392064289996833,3.862776279449463,53
change_to_right,False,False,True,False,True,False,False,True,True,swerve_right,0.0018926743894710466,3.8687918186187744,53
cruise,False,False,True,False,True,False,False,True,True,change_to_left,0.9369642839021123,3.8614251613616943,54
cruise,False,False,True,False,True,False,False,True,True,change_to_right,0.9391826747341407,3.8699123859405518,54
cruise,False,False,True,False,True,False,False,True,True,cruise,0.21922295670342637,3.8893234729766846,54
cruise,False,False,True,False,True,False,False,True,True,keep,0.013425524534698868,3.830211877822876,54
cruise,False,False,True,False,True,False,False,True,True,swerve_left,0.0012536614782127332,4.731287002563477,54
cruise,False,False,True,False,True,False,False,True,True,swerve_right,0.0017824142542421284,4.024141788482666,54
change_to_left,False,False,True,False,True,False,False,True,True,change_to_left,0.8762865973771147,4.020908355712891,55
change_to_left,False,False,True,False,True,False,False,True,True,change_to_right,0.9389040251218551,4.0768883228302,55
change_to_left,False,False,True,False,True,False,False,True,True,cruise,0.6049319921885655,4.116137504577637,55
change_to_left,False,False,True,False,True,False,False,True,True,keep,0.013159134436066594,4.071513414382935,55
change_to_left,False,False,True,False,True,False,False,True,True,swerve_left,0.0012649091881236187,4.051414728164673,55
change_to_left,False,False,True,False,True,False,False,True,True,swerve_right,0.0018390728004732547,3.970426559448242,55
change_to_right,False,False,True,False,True,False,True,True,True,change_to_left,0.9379849634042908,4.090979337692261,56
change_to_right,False,False,True,False,True,False,True,True,True,change_to_right,0.879152901513335,4.029454708099365,56
change_to_right,False,False,True,False,True,False,True,True,True,cruise,0.5994600350119649,4.060979843139648,56
change_to_right,False,False,True,False,True,False,True,True,True,keep,0.013136064125828177,4.08112096786499,56
change_to_right,False,False,True,False,True,False,True,True,True,swerve_left,0.001247678038158513,4.029987812042236,56
change_to_right,False,False,True,False,True,False,True,True,True,swerve_right,0.001808510511445052,3.996595859527588,56
cruise,False,False,True,False,True,False,True,True,True,change_to_left,0.9381097023120268,3.965891122817993,57
cruise,False,False,True,False,True,False,True,True,True,change_to_right,0.9380002499316744,3.916903495788574,57
cruise,False,False,True,False,True,False,True,True,True,cruise,0.21870355093424457,3.882070541381836,57
cruise,False,False,True,False,True,False,True,True,True,keep,0.013031607303281926,3.865363836288452,57
cruise,False,False,True,False,True,False,True,True,True,swerve_left,0.0012652962124408522,3.9443180561065674,57
cruise,False,False,True,False,True,False,True,True,True,swerve_right,0.001831363103703786,3.853909730911255,57
change_to_left,False,False,True,False,True,False,True,True,True,change_to_left,0.8762419047559225,3.8537139892578125,58
change_to_left,False,False,True,False,True,False,True,True,True,change_to_right,0.9388832022175964,3.8846654891967773,58
change_to_left,False,False,True,False,True,False,True,True,True,cruise,0.6050151100068054,3.872819185256958,58
change_to_left,False,False,True,False,True,False,True,True,True,keep,0.0131913053429775,3.90109920501709,58
change_to_left,False,False,True,False,True,False,True,True,True,swerve_left,0.0012507250671713675,3.893677234649658,58
change_to_left,False,False,True,False,True,False,True,True,True,swerve_right,0.0018721316908682348,3.898589849472046,58
change_to_right,False,False,True,False,True,True,False,True,True,change_to_left,0.894449424052728,3.9274356365203857,59
change_to_right,False,False,True,False,True,True,False,True,True,change_to_right,0.8795808699695771,3.8578524589538574,59
change_to_right,False,False,True,False,True,True,False,True,True,cruise,0.33431147290383023,3.865727424621582,59
change_to_right,False,False,True,False,True,True,False,True,True,keep,0.7036100603930688,3.897736072540283,59
change_to_right,False,False,True,False,True,True,False,True,True,swerve_left,0.0011189410101635979,3.8474414348602295,59
change_to_right,False,False,True,False,True,True,False,True,True,swerve_right,0.001965194058784575,3.8725380897521973,59
cruise,False,False,True,False,True,True,False,True,True,change_to_left,0.8943392407038319,3.835691452026367,60
cruise,False,False,True,False,True,True,False,True,True,change_to_right,0.8974864962093222,3.8622570037841797,60
cruise,False,False,True,False,True,True,False,True,True,cruise,0.2190131175938923,3.8506572246551514,60
cruise,False,False,True,False,True,True,False,True,True,keep,0.7036868668321709,3.8458707332611084,60
cruise,False,False,True,False,True,True,False,True,True,swerve_left,0.0011349490787225672,3.8340420722961426,60
cruise,False,False,True,False,True,True,False,True,True,swerve_right,0.001976405662616227,3.851888656616211,60
change_to_left,False,False,True,False,True,True,False,True,True,change_to_left,0.8757827454043914,3.872680425643921,61
change_to_left,False,False,True,False,True,True,False,True,True,change_to_right,0.8970510260928002,3.8847949504852295,61
change_to_left,False,False,True,False,True,True,False,True,True,cruise,0.333176899915925,3.8918867111206055,61
change_to_left,False,False,True,False,True,True,False,True,True,keep,0.7078726790148341,3.903934955596924,61
change_to_left,False,False,True,False,True,True,False,True,True,swerve_left,0.0011353017728243753,3.88869047164917,61
change_to_left,False,False,True,False,True,True,False,True,True,swerve_right,0.0019792573349549374,3.8795692920684814,61
change_to_right,False,False,True,False,True,True,True,True,True,change_to_left,0.8948862752522618,3.858725070953369,62
change_to_right,False,False,True,False,True,True,True,True,True,change_to_right,0.879275018524697,3.8856003284454346,62
change_to_right,False,False,True,False,True,True,True,True,True,cruise,0.3833468458870199,3.8995392322540283,62
change_to_right,False,False,True,False,True,True,True,True,True,keep,0.6373789396611758,3.8666558265686035,62
change_to_right,False,False,True,False,True,True,True,True,True,swerve_left,0.0011105016092287105,3.8436505794525146,62
change_to_right,False,False,True,False,True,True,True,True,True,swerve_right,0.0019715461154914187,3.8981504440307617,62
cruise,False,False,True,False,True,True,True,True,True,change_to_left,0.8961173401342549,3.935577392578125,63
cruise,False,False,True,False,True,True,True,True,True,change_to_right,0.8981640109555639,3.9078304767608643,63
cruise,False,False,True,False,True,True,True,True,True,cruise,0.21796161283290855,3.910787343978882,63
cruise,False,False,True,False,True,True,True,True,True,keep,0.6811730748318345,3.9300172328948975,63
cruise,False,False,True,False,True,True,True,True,True,swerve_left,0.0011262912591323748,3.889080047607422,63
cruise,False,False,True,False,True,True,True,True,True,swerve_right,0.0020599289265551507,3.9085276126861572,63
change_to_left,False,False,True,False,True,True,True,True,True,change_to_left,0.8764570557256144,3.856184720993042,64
change_to_left,False,False,True,False,True,True,True,True,True,change_to_right,0.8971343974365927,3.8760194778442383,64
change_to_left,False,False,True,False,True,True,True,True,True,cruise,0.3847684841449528,3.9019336700439453,64
change_to_left,False,False,True,False,True,True,True,True,True,keep,0.6383502779972229,3.894909620285034,64
change_to_left,False,False,True,False,True,True,True,True,True,swerve_left,0.001118265524084146,3.957458257675171,64
change_to_left,False,False,True,False,True,True,True,True,True,swerve_right,0.001971701087720815,3.882554531097412,64
change_to_right,False,False,True,True,False,False,False,True,True,change_to_left,0.972221040613198,3.8607141971588135,65
change_to_right,False,False,True,True,False,False,False,True,True,change_to_right,0.8794129043605958,3.8439807891845703,65
change_to_right,False,False,True,True,False,False,False,True,True,cruise,0.395642594034827,3.8380775451660156,65
change_to_right,False,False,True,True,False,False,False,True,True,keep,0.001172100495108594,4.035446643829346,65
change_to_right,False,False,True,True,False,False,False,True,True,swerve_left,0.001264029171768995,3.8652353286743164,65
change_to_right,False,False,True,True,False,False,False,True,True,swerve_right,0.0013961278272436243,3.8956305980682373,65
change_to_left,False,False,True,True,False,False,False,True,True,change_to_left,0.8764120431376761,3.8575897216796875,66
change_to_left,False,False,True,True,False,False,False,True,True,change_to_right,0.9729886590587147,3.8407649993896484,66
change_to_left,False,False,True,True,False,False,False,True,True,cruise,0.39546116813427684,3.851987361907959,66
change_to_left,False,False,True,True,False,False,False,True,True,keep,0.0011284588126068823,3.8390302658081055,66
change_to_left,False,False,True,True,False,False,False,True,True,swerve_left,0.0011758607944445977,3.8270745277404785,66
change_to_left,False,False,True,True,False,False,False,True,True,swerve_right,0.0014341796838423506,3.8454337120056152,66
change_to_right,False,False,True,True,False,False,True,True,True,change_to_left,0.981094121002471,3.8800978660583496,67
change_to_right,False,False,True,True,False,False,True,True,True,change_to_right,0.8791999722152493,3.906834602355957,67
change_to_right,False,False,True,True,False,False,True,True,True,cruise,0.34010003221924506,3.877495527267456,67
change_to_right,False,False,True,True,False,False,True,True,True,keep,0.0010463026748361577,3.9271345138549805,67
change_to_right,False,False,True,True,False,False,True,True,True,swerve_left,0.001288122499382902,3.925966262817383,67
change_to_right,False,False,True,True,False,False,True,True,True,swerve_right,0.0014634566904544698,3.939589500427246,67
change_to_left,False,False,True,True,False,False,True,True,True,change_to_left,0.8763427395106592,3.9245433807373047,68
change_to_left,False,False,True,True,False,False,True,True,True,change_to_right,0.9817492299981568,3.9165596961975098,68
change_to_left,False,False,True,True,False,False,True,True,True,cruise,0.3393885112730002,3.9083518981933594,68
change_to_left,False,False,True,True,False,False,True,True,True,keep,0.0010460411748701116,3.9040775299072266,68
change_to_left,False,False,True,True,False,False,True,True,True,swerve_left,0.0012397102536954897,3.9150030612945557,68
change_to_left,False,False,True,True,False,False,True,True,True,swerve_right,0.0014360388466815336,3.877531051635742,68
change_to_right,False,False,True,True,False,True,False,True,True,change_to_left,0.9090527295168179,3.8604068756103516,69
change_to_right,False,False,True,True,False,True,False,True,True,change_to_right,0.8796879443271086,3.8505592346191406,69
change_to_right,False,False,True,True,False,True,False,True,True,cruise,0.7921000801582985,3.8624815940856934,69
change_to_right,False,False,True,True,False,True,False,True,True,keep,0.0017338117000682326,3.8243727684020996,69
change_to_right,False,False,True,True,False,True,False,True,True,swerve_left,0.0025607878623067864,3.850911855697632,69
change_to_right,False,False,True,True,False,True,False,True,True,swerve_right,0.0014146712541650032,3.834028482437134,69
change_to_left,False,False,True,True,False,True,False,True,True,change_to_left,0.876342316419244,3.831571578979492,70
change_to_left,False,False,True,True,False,True,False,True,True,change_to_right,0.9180479441185814,3.935812473297119,70
change_to_left,False,False,True,True,False,True,False,True,True,cruise,0.7500042375086522,3.8575785160064697,70
change_to_left,False,False,True,True,False,True,False,True,True,keep,0.001626393594102864,3.85736346244812,70
change_to_left,False,False,True,True,False,True,False,True,True,swerve_left,0.002392957525424636,3.849510908126831,70
change_to_left,False,False,True,True,False,True,False,True,True,swerve_right,0.0013669141781982436,3.9026269912719727,70
change_to_right,False,False,True,True,False,True,True,True,True,change_to_left,0.923398846400255,3.9021098613739014,71
change_to_right,False,False,True,True,False,True,True,True,True,change_to_right,0.8792065060417977,3.8905372619628906,71
change_to_right,False,False,True,True,False,True,True,True,True,cruise,0.7036388714760504,3.892204523086548,71
change_to_right,False,False,True,True,False,True,True,True,True,keep,0.00215325569037705,3.927680253982544,71
change_to_right,False,False,True,True,False,True,True,True,True,swerve_left,0.0024392373769240015,3.863529920578003,71
change_to_right,False,False,True,True,False,True,True,True,True,swerve_right,0.0015617546852385747,3.877195119857788,71
change_to_left,False,False,True,True,False,True,True,True,True,change_to_left,0.875865798464421,3.9367618560791016,72
change_to_left,False,False,True,True,False,True,True,True,True,change_to_right,0.9261604490940881,3.907243013381958,72
change_to_left,False,False,True,True,False,True,True,True,True,cruise,0.6992205756165987,3.9364123344421387,72
change_to_left,False,False,True,True,False,True,True,True,True,keep,0.0021885644824422416,3.97605299949646,72
change_to_left,False,False,True,True,False,True,True,True,True,swerve_left,0.0024519388515436527,3.930540084838867,72
change_to_left,False,False,True,True,False,True,True,True,True,swerve_right,0.0015308698518968547,3.928903341293335,72
change_to_right,False,False,True,True,True,False,False,True,True,change_to_left,0.9361839890782446,3.858038902282715,73
change_to_right,False,False,True,True,True,False,False,True,True,change_to_right,0.8794057032636162,3.8453214168548584,73
change_to_right,False,False,True,True,True,False,False,True,True,cruise,0.6216212937627577,3.8381330966949463,73
change_to_right,False,False,True,True,True,False,False,True,True,keep,0.0012904890918079947,3.840855598449707,73
change_to_right,False,False,True,True,True,False,False,True,True,swerve_left,0.0010314756609483336,3.8450567722320557,73
change_to_right,False,False,True,True,True,False,False,True,True,swerve_right,0.0018100323933186169,3.861116886138916,73
change_to_left,False,False,True,True,True,False,False,True,True,change_to_left,0.8764453072454915,3.8273887634277344,74
change_to_left,False,False,True,True,True,False,False,True,True,change_to_right,0.9372847743810425,3.8451850414276123,74
change_to_left,False,False,True,True,True,False,False,True,True,cruise,0.626597020491662,3.828624725341797,74
change_to_left,False,False,True,True,True,False,False,True,True,keep,0.0012400501512339725,3.8973019123077393,74
change_to_left,False,False,True,True,True,False,False,True,True,swerve_left,0.001058682007667107,3.886542797088623,74
change_to_left,False,False,True,True,True,False,False,True,True,swerve_right,0.00174650928489507,3.865133762359619,74
change_to_right,False,False,True,True,True,False,True,True,True,change_to_left,0.93815870613167,3.9395744800567627,75
change_to_right,False,False,True,True,True,False,True,True,True,change_to_right,0.8793318451890766,3.8738934993743896,75
change_to_right,False,False,True,True,True,False,True,True,True,cruise,0.6095022361913544,3.9072909355163574,75
change_to_right,False,False,True,True,True,False,True,True,True,keep,0.0013367113010443448,3.8787200450897217,75
change_to_right,False,False,True,True,True,False,True,True,True,swerve_left,0.0010610074173714903,3.915925979614258,75
change_to_right,False,False,True,True,True,False,True,True,True,swerve_right,0.0017257373133632095,3.885892629623413,75
change_to_left,False,False,True,True,True,False,True,True,True,change_to_left,0.8760483352428152,3.9291083812713623,76
change_to_left,False,False,True,True,True,False,True,True,True,change_to_right,0.9404956586698774,3.891855478286743,76
change_to_left,False,False,True,True,True,False,True,True,True,cruise,0.6052915973987221,3.8929522037506104,76
change_to_left,False,False,True,True,True,False,True,True,True,keep,0.0013050725293842211,3.935086488723755,76
change_to_left,False,False,True,True,True,False,True,True,True,swerve_left,0.0010598672030086738,3.938267469406128,76
change_to_left,False,False,True,True,True,False,True,True,True,swerve_right,0.0017991508917203683,3.929267406463623,76
change_to_right,False,False,True,True,True,True,False,True,True,change_to_left,0.8974918089266387,3.8493030071258545,77
change_to_right,False,False,True,True,True,True,False,True,True,change_to_right,0.8793193016263365,3.863861560821533,77
change_to_right,False,False,True,True,True,True,False,True,True,cruise,0.8575339633185173,3.9103922843933105,77
change_to_right,False,False,True,True,True,True,False,True,True,keep,0.008509488470314,3.8645236492156982,77
change_to_right,False,False,True,True,True,True,False,True,True,swerve_left,0.004147181132149466,3.8796751499176025,77
change_to_right,False,False,True,True,True,True,False,True,True,swerve_right,0.0012053538806325855,3.845057725906372,77
change_to_left,False,False,True,True,True,True,False,True,True,change_to_left,0.8765020615288933,3.832871437072754,78
change_to_left,False,False,True,True,True,True,False,True,True,change_to_right,0.9000109756764104,3.8345065116882324,78
change_to_left,False,False,True,True,True,True,False,True,True,cruise,0.8596673808581728,3.824291467666626,78
change_to_left,False,False,True,True,True,True,False,True,True,keep,0.008463106931326018,3.8420138359069824,78
change_to_left,False,False,True,True,True,True,False,True,True,swerve_left,0.0041871390410486275,3.8366012573242188,78
change_to_left,False,False,True,True,True,True,False,True,True,swerve_right,0.0012377701093452015,3.843416452407837,78
change_to_right,False,False,True,True,True,True,True,True,True,change_to_left,0.8996315123946699,3.9844186305999756,79
change_to_right,False,False,True,True,True,True,True,True,True,change_to_right,0.8791859721917096,3.8902790546417236,79
change_to_right,False,False,True,True,True,True,True,True,True,cruise,0.8435712944515118,3.9694502353668213,79
change_to_right,False,False,True,True,True,True,True,True,True,keep,0.009519915940002873,3.9078280925750732,79
change_to_right,False,False,True,True,True,True,True,True,True,swerve_left,0.004610509867301532,3.903120756149292,79
change_to_right,False,False,True,True,True,True,True,True,True,swerve_right,0.0012576668573191943,3.893258810043335,79
change_to_left,False,False,True,True,True,True,True,True,True,change_to_left,0.8760163751321466,3.912623405456543,80
change_to_left,False,False,True,True,True,True,True,True,True,change_to_right,0.9021926725042849,3.8784782886505127,80
change_to_left,False,False,True,True,True,True,True,True,True,cruise,0.8449555452489829,3.9446980953216553,80
change_to_left,False,False,True,True,True,True,True,True,True,keep,0.009447660576153186,3.9165120124816895,80
change_to_left,False,False,True,True,True,True,True,True,True,swerve_left,0.0046713615086025175,3.901228666305542,80
change_to_left,False,False,True,True,True,True,True,True,True,swerve_right,0.001245793210166916,3.951733112335205,80
change_to_right,False,True,False,False,False,False,False,True,True,change_to_left,0.937604556288268,3.8225769996643066,81
change_to_right,False,True,False,False,False,False,False,True,True,change_to_right,0.8793687368849963,3.8813436031341553,81
change_to_right,False,True,False,False,False,False,False,True,True,cruise,0.6015053870420708,3.8300538063049316,81
change_to_right,False,True,False,False,False,False,False,True,True,keep,0.015945874938079568,3.8901350498199463,81
change_to_right,False,True,False,False,False,False,False,True,True,swerve_left,0.001031840585733751,4.331571102142334,81
change_to_right,False,True,False,False,False,False,False,True,True,swerve_right,0.0012180156179430403,4.270482778549194,81
cruise,False,True,False,False,False,False,False,True,True,change_to_left,0.9367049255530935,4.007153511047363,82
cruise,False,True,False,False,False,False,False,True,True,change_to_right,0.9394336611257907,4.06559157371521,82
cruise,False,True,False,False,False,False,False,True,True,cruise,0.21871201476756236,4.079303979873657,82
cruise,False,True,False,False,False,False,False,True,True,keep,0.015676860286570563,4.003308534622192,82
cruise,False,True,False,False,False,False,False,True,True,swerve_left,0.0010456287319427478,4.042625904083252,82
cruise,False,True,False,False,False,False,False,True,True,swerve_right,0.0012269593241572435,4.054681062698364,82
change_to_left,False,True,False,False,False,False,False,True,True,change_to_left,0.875878415707008,3.971864700317383,83
change_to_left,False,True,False,False,False,False,False,True,True,change_to_right,0.9386660867694842,4.07251763343811,83
change_to_left,False,True,False,False,False,False,False,True,True,cruise,0.6055688083624782,4.082021951675415,83
change_to_left,False,True,False,False,False,False,False,True,True,keep,0.015601993792836265,4.018311262130737,83
change_to_left,False,True,False,False,False,False,False,True,True,swerve_left,0.001038506140988738,4.063016414642334,83
change_to_left,False,True,False,False,False,False,False,True,True,swerve_right,0.0012285510991335757,4.022147178649902,83
change_to_right,False,True,False,False,False,False,True,True,True,change_to_left,0.9379169101473883,4.051037073135376,84
change_to_right,False,True,False,False,False,False,True,True,True,change_to_right,0.8793561890418493,4.059145927429199,84
change_to_right,False,True,False,False,False,False,True,True,True,cruise,0.5999905920866511,4.083003282546997,84
change_to_right,False,True,False,False,False,False,True,True,True,keep,0.01537639077126004,4.090012550354004,84
change_to_right,False,True,False,False,False,False,True,True,True,swerve_left,0.0010393905171711994,4.044583797454834,84
change_to_right,False,True,False,False,False,False,True,True,True,swerve_right,0.0012152309192371175,4.019343137741089,84
cruise,False,True,False,False,False,False,True,True,True,change_to_left,0.9373053429763573,4.032769203186035,85
cruise,False,True,False,False,False,False,True,True,True,change_to_right,0.9389707445192773,4.134850978851318,85
cruise,False,True,False,False,False,False,True,True,True,cruise,0.21869488375163146,4.068692445755005,85
cruise,False,True,False,False,False,False,True,True,True,keep,0.0149818705663977,4.150503873825073,85
cruise,False,True,False,False,False,False,True,True,True,swerve_left,0.001046131255747504,4.067341089248657,85
cruise,False,True,False,False,False,False,True,True,True,swerve_right,0.0012188570056453506,4.096355199813843,85
change_to_left,False,True,False,False,False,False,True,True,True,change_to_left,0.8762946804228596,4.168022871017456,86
change_to_left,False,True,False,False,False,False,True,True,True,change_to_right,0.9390059759967473,4.098625421524048,86
change_to_left,False,True,False,False,False,False,True,True,True,cruise,0.6020581818444071,4.027008056640625,86
change_to_left,False,True,False,False,False,False,True,True,True,keep,0.015430860050827734,4.085991859436035,86
change_to_left,False,True,False,False,False,False,True,True,True,swerve_left,0.001024429892875512,4.067977666854858,86
change_to_left,False,True,False,False,False,False,True,True,True,swerve_right,0.0012375394947681888,4.036718368530273,86
change_to_right,False,True,False,False,False,True,False,True,True,change_to_left,0.8854663740928428,3.9851090908050537,87
change_to_right,False,True,False,False,False,True,False,True,True,change_to_right,0.8794770485616981,4.072869062423706,87
change_to_right,False,True,False,False,False,True,False,True,True,cruise,0.30219108182480897,4.005347728729248,87
change_to_right,False,True,False,False,False,True,False,True,True,keep,0.8180571763127105,4.00654673576355,87
change_to_right,False,True,False,False,False,True,False,True,True,swerve_left,0.001008919620251501,4.0281291007995605,87
change_to_right,False,True,False,False,False,True,False,True,True,swerve_right,0.0011988126585050747,4.056946516036987,87
cruise,False,True,False,False,False,True,False,True,True,change_to_left,0.8856074380034816,4.048064470291138,88
cruise,False,True,False,False,False,True,False,True,True,change_to_right,0.8908623742493081,4.044799566268921,88
cruise,False,True,False,False,False,True,False,True,True,cruise,0.21870305925039896,4.0557944774627686,88
cruise,False,True,False,False,False,True,False,True,True,keep,0.8279857687267734,4.029812574386597,88
cruise,False,True,False,False,False,True,False,True,True,swerve_left,0.0010092482361191357,4.027306318283081,88
cruise,False,True,False,False,False,True,False,True,True,swerve_right,0.001207294642472544,3.9911112785339355,88
change_to_left,False,True,False,False,False,True,False,True,True,change_to_left,0.8760752512074583,3.98929762840271,89
change_to_left,False,True,False,False,False,True,False,True,True,change_to_right,0.8904787355132451,3.9763262271881104,89
change_to_left,False,True,False,False,False,True,False,True,True,cruise,0.30042965304482,3.982170343399048,89
change_to_left,False,True,False,False,False,True,False,True,True,keep,0.8038703345229848,4.002136945724487,89
change_to_left,False,True,False,False,False,True,False,True,True,swerve_left,0.0010093236812081577,3.982311487197876,89
change_to_left,False,True,False,False,False,True,False,True,True,swerve_right,0.0012048137291351291,4.004359483718872,89
change_to_right,False,True,False,False,False,True,True,True,True,change_to_left,0.9021593087977203,4.055756568908691,90
change_to_right,False,True,False,False,False,True,True,True,True,change_to_right,0.8792695027754386,4.030740737915039,90
change_to_right,False,True,False,False,False,True,True,True,True,cruise,0.43656721701090573,3.9860498905181885,90
change_to_right,False,True,False,False,False,True,True,True,True,keep,0.5106814892499502,4.006617069244385,90
change_to_right,False,True,False,False,False,True,True,True,True,swerve_left,0.0010459640234230755,4.035259008407593,90
change_to_right,False,True,False,False,False,True,True,True,True,swerve_right,0.0010169221684293384,4.025317907333374,90
cruise,False,True,False,False,False,True,True,True,True,change_to_left,0.9033756539425164,3.9672579765319824,91
cruise,False,True,False,False,False,True,True,True,True,change_to_right,0.90990211315574,3.983213186264038,91
cruise,False,True,False,False,False,True,True,True,True,cruise,0.21759989504994776,3.9502644538879395,91
cruise,False,True,False,False,False,True,True,True,True,keep,0.526817733283075,4.0040154457092285,91
cruise,False,True,False,False,False,True,True,True,True,swerve_left,0.0010413718060785914,4.00211238861084,91
cruise,False,True,False,False,False,True,True,True,True,swerve_right,0.0010174287016670542,3.952610731124878,91
change_to_left,False,True,False,False,False,True,True,True,True,change_to_left,0.8759533892771766,3.9569385051727295,92
change_to_left,False,True,False,False,False,True,True,True,True,change_to_right,0.9081311224412751,3.96256947517395,92
change_to_left,False,True,False,False,False,True,True,True,True,cruise,0.4299077949651513,3.966567039489746,92
change_to_left,False,True,False,False,False,True,True,True,True,keep,0.4914979460133872,3.9966747760772705,92
change_to_left,False,True,False,False,False,True,True,True,True,swerve_left,0.001041390311741269,3.999927043914795,92
change_to_left,False,True,False,False,False,True,True,True,True,swerve_right,0.0010181008651704109,4.0830237865448,92
change_to_right,False,True,False,False,True,False,False,True,True,change_to_left,0.936875212559066,3.995962142944336,93
change_to_right,False,True,False,False,True,False,False,True,True,change_to_right,0.8796884055394323,4.060508489608765,93
change_to_right,False,True,False,False,True,False,False,True,True,cruise,0.6076582969540165,4.08159327507019,93
change_to_right,False,True,False,False,True,False,False,True,True,keep,0.012717400424796573,4.0079615116119385,93
change_to_right,False,True,False,False,True,False,False,True,True,swerve_left,0.0012061658522985253,4.032068490982056,93
change_to_right,False,True,False,False,True,False,False,True,True,swerve_right,0.0018441071481559177,4.038173675537109,93
cruise,False,True,False,False,True,False,False,True,True,change_to_left,0.9373069257657056,3.9887635707855225,94
cruise,False,True,False,False,True,False,False,True,True,change_to_right,0.9387935501162427,3.984673023223877,94
cruise,False,True,False,False,True,False,False,True,True,cruise,0.2188075266534389,4.014452219009399,94
cruise,False,True,False,False,True,False,False,True,True,keep,0.012867957389650285,4.015509843826294,94
cruise,False,True,False,False,True,False,False,True,True,swerve_left,0.0012453565740153595,4.0218284130096436,94
cruise,False,True,False,False,True,False,False,True,True,swerve_right,0.0018554991696226322,4.016284704208374,94
change_to_left,False,True,False,False,True,False,False,True,True,change_to_left,0.8762728142599853,4.045433282852173,95
change_to_left,False,True,False,False,True,False,False,True,True,change_to_right,0.9387692878684843,4.038328647613525,95
change_to_left,False,True,False,False,True,False,False,True,True,cruise,0.6053605099613558,4.030644178390503,95
change_to_left,False,True,False,False,True,False,False,True,True,keep,0.012855663314856585,4.053585767745972,95
change_to_left,False,True,False,False,True,False,False,True,True,swerve_left,0.0012735224579651767,4.070724725723267,95
change_to_left,False,True,False,False,True,False,False,True,True,swerve_right,0.0017854090630119038,3.9932286739349365,95
change_to_right,False,True,False,False,True,False,True,True,True,change_to_left,0.9371313999360997,4.048118591308594,96
change_to_right,False,True,False,False,True,False,True,True,True,change_to_right,0.8791094634284231,4.068473815917969,96
change_to_right,False,True,False,False,True,False,True,True,True,cruise,0.6072152372006803,4.115406513214111,96
change_to_right,False,True,False,False,True,False,True,True,True,keep,0.009747209890727004,4.0765626430511475,96
change_to_right,False,True,False,False,True,False,True,True,True,swerve_left,0.0012546810027572496,4.030125379562378,96
change_to_right,False,True,False,False,True,False,True,True,True,swerve_right,0.001883377179069687,4.031432390213013,96
cruise,False,True,False,False,True,False,True,True,True,change_to_left,0.9374144089955807,4.096496820449829,97
cruise,False,True,False,False,True,False,True,True,True,change_to_right,0.9392664469897312,4.140081167221069,97
cruise,False,True,False,False,True,False,True,True,True,cruise,0.21866067223403457,4.060833692550659,97
cruise,False,True,False,False,True,False,True,True,True,keep,0.009447695494344396,4.047664165496826,97
cruise,False,True,False,False,True,False,True,True,True,swerve_left,0.0012380691321979857,4.1279778480529785,97
cruise,False,True,False,False,True,False,True,True,True,swerve_right,0.0018563824347180894,4.061570167541504,97
change_to_left,False,True,False,False,True,False,True,True,True,change_to_left,0.8764174442273333,4.097929000854492,98
change_to_left,False,True,False,False,True,False,True,True,True,change_to_right,0.9393265924428212,4.0561912059783936,98
change_to_left,False,True,False,False,True,False,True,True,True,cruise,0.6051530777406691,4.040862560272217,98
change_to_left,False,True,False,False,True,False,True,True,True,keep,0.009434294190046467,4.0915138721466064,98
change_to_left,False,True,False,False,True,False,True,True,True,swerve_left,0.001236393652133627,4.067363262176514,98
change_to_left,False,True,False,False,True,False,True,True,True,swerve_right,0.0018398796283571367,4.013052701950073,98
change_to_right,False,True,False,False,True,True,False,True,True,change_to_left,0.8933670537298029,3.9954147338867188,99
change_to_right,False,True,False,False,True,True,False,True,True,change_to_right,0.8794867959227638,3.9947965145111084,99
change_to_right,False,True,False,False,True,True,False,True,True,cruise,0.3909168142701268,4.041613578796387,99
change_to_right,False,True,False,False,True,True,False,True,True,keep,0.6404989481465058,4.038134813308716,99
change_to_right,False,True,False,False,True,True,False,True,True,swerve_left,0.0011079852101081374,4.028166055679321,99
change_to_right,False,True,False,False,True,True,False,True,True,swerve_right,0.0019034954548471977,3.991586208343506,99
cruise,False,True,False,False,True,True,False,True,True,change_to_left,0.8945816828102346,3.9920482635498047,100
cruise,False,True,False,False,True,True,False,True,True,change_to_right,0.8993068183873811,3.991795301437378,100
cruise,False,True,False,False,True,True,False,True,True,cruise,0.2187460127487466,4.011069297790527,100
cruise,False,True,False,False,True,True,False,True,True,keep,0.6872930345808271,4.012765407562256,100
cruise,False,True,False,False,True,True,False,True,True,swerve_left,0.0011240674534212804,4.0319905281066895,100
cruise,False,True,False,False,True,True,False,True,True,swerve_right,0.001983912597606818,3.9913997650146484,100
change_to_left,False,True,False,False,True,True,False,True,True,change_to_left,0.8760923890582304,4.037760496139526,101
change_to_left,False,True,False,False,True,True,False,True,True,change_to_right,0.8976901303493419,4.003852605819702,101
change_to_left,False,True,False,False,True,True,False,True,True,cruise,0.3877212796727093,3.977945327758789,101
change_to_left,False,True,False,False,True,True,False,True,True,keep,0.6311409534199,4.078012228012085,101
change_to_left,False,True,False,False,True,True,False,True,True,swerve_left,0.0011142702997568926,4.06800103187561,101
change_to_left,False,True,False,False,True,True,False,True,True,swerve_right,0.0018235148089874094,4.067998886108398,101
cruise,False,True,False,False,True,True,True,True,True,change_to_left,0.9102481813806971,4.062217473983765,102
cruise,False,True,False,False,True,True,True,True,True,change_to_right,0.9125333322845225,4.105222702026367,102
cruise,False,True,False,False,True,True,True,True,True,cruise,0.21717448184222396,4.042428731918335,102
cruise,False,True,False,False,True,True,True,True,True,keep,0.4502939184845957,4.049254655838013,102
cruise,False,True,False,False,True,True,True,True,True,swerve_left,0.0010798025856995138,4.057633399963379,102
cruise,False,True,False,False,True,True,True,True,True,swerve_right,0.0027000419363376973,4.091835260391235,102
change_to_right,False,True,False,False,True,True,True,True,True,change_to_left,0.9093719216470093,4.116569995880127,103
change_to_right,False,True,False,False,True,True,True,True,True,change_to_right,0.8794163220970268,4.033212900161743,103
change_to_right,False,True,False,False,True,True,True,True,True,cruise,0.4321914962211397,4.094258785247803,103
change_to_right,False,True,False,False,True,True,True,True,True,keep,0.4529839395517029,4.108196973800659,103
change_to_right,False,True,False,False,True,True,True,True,True,swerve_left,0.001080260815745841,4.107233285903931,103
change_to_right,False,True,False,False,True,True,True,True,True,swerve_right,0.0026635311853985904,4.124826669692993,103
change_to_left,False,True,False,False,True,True,True,True,True,change_to_left,0.8763024410703575,4.102020025253296,104
change_to_left,False,True,False,False,True,True,True,True,True,change_to_right,0.9124290119889356,4.082325220108032,104
change_to_left,False,True,False,False,True,True,True,True,True,cruise,0.4335668080668357,4.093685865402222,104
change_to_left,False,True,False,False,True,True,True,True,True,keep,0.44855463343426305,4.080597877502441,104
change_to_left,False,True,False,False,True,True,True,True,True,swerve_left,0.0010650407914696255,4.076916933059692,104
change_to_left,False,True,False,False,True,True,True,True,True,swerve_right,0.0026431703441311817,4.07541298866272,104
change_to_right,False,True,False,True,False,False,False,True,True,change_to_left,0.9725335627067044,3.998647928237915,105
change_to_right,False,True,False,True,False,False,False,True,True,change_to_right,0.8799980686367772,4.0185229778289795,105
change_to_right,False,True,False,True,False,False,False,True,True,cruise,0.3937641581587128,4.082277059555054,105
change_to_right,False,True,False,True,False,False,False,True,True,keep,0.0011708112846130698,4.01809549331665,105
change_to_right,False,True,False,True,False,False,False,True,True,swerve_left,0.0012192614473094698,4.007467746734619,105
change_to_right,False,True,False,True,False,False,False,True,True,swerve_right,0.001455807717991854,4.019991874694824,105
change_to_left,False,True,False,True,False,False,False,True,True,change_to_left,0.8760462885998621,4.017195701599121,106
change_to_left,False,True,False,True,False,False,False,True,True,change_to_right,0.9731673864312236,3.9992294311523438,106
change_to_left,False,True,False,True,False,False,False,True,True,cruise,0.3942884639306238,4.0309576988220215,106
change_to_left,False,True,False,True,False,False,False,True,True,keep,0.0011281771394724776,3.9873414039611816,106
change_to_left,False,True,False,True,False,False,False,True,True,swerve_left,0.0011760883768210273,4.00266170501709,106
change_to_left,False,True,False,True,False,False,False,True,True,swerve_right,0.0014354641631847461,4.005335092544556,106
change_to_right,False,True,False,True,False,False,True,True,True,change_to_left,0.979436875177249,4.064978122711182,107
change_to_right,False,True,False,True,False,False,True,True,True,change_to_right,0.8795274300775071,4.039140701293945,107
change_to_right,False,True,False,True,False,False,True,True,True,cruise,0.35071493782010466,4.0325024127960205,107
change_to_right,False,True,False,True,False,False,True,True,True,keep,0.0011852498827187696,4.068824291229248,107
change_to_right,False,True,False,True,False,False,True,True,True,swerve_left,0.001190437625339746,4.069183826446533,107
change_to_right,False,True,False,True,False,False,True,True,True,swerve_right,0.0014335665660380082,4.031006336212158,107
change_to_left,False,True,False,True,False,False,True,True,True,change_to_left,0.8757557242673517,3.9986228942871094,108
change_to_left,False,True,False,True,False,False,True,True,True,change_to_right,0.9801700682095797,4.124558210372925,108
change_to_left,False,True,False,True,False,False,True,True,True,cruise,0.34888309470426165,4.045957803726196,108
change_to_left,False,True,False,True,False,False,True,True,True,keep,0.001185381225295621,4.062607049942017,108
change_to_left,False,True,False,True,False,False,True,True,True,swerve_left,0.001283585990189971,4.064776659011841,108
change_to_left,False,True,False,True,False,False,True,True,True,swerve_right,0.001456508620097853,4.021040916442871,108
change_to_right,False,True,False,True,False,True,False,True,True,change_to_left,0.9172504310590398,4.041159629821777,109
change_to_right,False,True,False,True,False,True,False,True,True,change_to_right,0.8794040618550323,4.052828550338745,109
change_to_right,False,True,False,True,False,True,False,True,True,cruise,0.73948370177166,3.98219895362854,109
change_to_right,False,True,False,True,False,True,False,True,True,keep,0.0016526791958289258,4.0191874504089355,109
change_to_right,False,True,False,True,False,True,False,True,True,swerve_left,0.0023381760745429673,4.067759037017822,109
change_to_right,False,True,False,True,False,True,False,True,True,swerve_right,0.0013797046422474684,4.0314741134643555,109
change_to_left,False,True,False,True,False,True,False,True,True,change_to_left,0.8760007486422393,3.9794232845306396,110
change_to_left,False,True,False,True,False,True,False,True,True,change_to_right,0.9114182290845302,4.095059871673584,110
change_to_left,False,True,False,True,False,True,False,True,True,cruise,0.7936638055492845,3.9966304302215576,110
change_to_left,False,True,False,True,False,True,False,True,True,keep,0.0018056895138318988,4.0407140254974365,110
change_to_left,False,True,False,True,False,True,False,True,True,swerve_left,0.002502693199567537,4.037522315979004,110
change_to_left,False,True,False,True,False,True,False,True,True,swerve_right,0.0014125018953473545,4.006714105606079,110
change_to_right,False,True,False,True,False,True,True,True,True,change_to_left,0.913689327711689,4.080191373825073,111
change_to_right,False,True,False,True,False,True,True,True,True,change_to_right,0.8796002449652511,4.0836567878723145,111
change_to_right,False,True,False,True,False,True,True,True,True,cruise,0.7620683876196106,4.044091463088989,111
change_to_right,False,True,False,True,False,True,True,True,True,keep,0.0015046363371904,4.078283309936523,111
change_to_right,False,True,False,True,False,True,True,True,True,swerve_left,0.0023194640267692724,4.153682231903076,111
change_to_right,False,True,False,True,False,True,True,True,True,swerve_right,0.001471036988582186,4.045619487762451,111
change_to_left,False,True,False,True,False,True,True,True,True,change_to_left,0.8757307668356842,4.1068713665008545,112
change_to_left,False,True,False,True,False,True,True,True,True,change_to_right,0.9160505817407806,3.99080228805542,112
change_to_left,False,True,False,True,False,True,True,True,True,cruise,0.7618440879220877,4.093078374862671,112
change_to_left,False,True,False,True,False,True,True,True,True,keep,0.0015738435561861012,4.05093240737915,112
change_to_left,False,True,False,True,False,True,True,True,True,swerve_left,0.0023912026905038297,4.040048360824585,112
change_to_left,False,True,False,True,False,True,True,True,True,swerve_right,0.001445281517890233,4.025201320648193,112
change_to_right,False,True,False,True,True,False,False,True,True,change_to_left,0.9488143548753816,4.001678705215454,113
change_to_right,False,True,False,True,True,False,False,True,True,change_to_right,0.880020855617601,3.9958364963531494,113
change_to_right,False,True,False,True,True,False,False,True,True,cruise,0.5431013964881358,3.995033025741577,113
change_to_right,False,True,False,True,True,False,False,True,True,keep,0.0012109875078900453,4.05629825592041,113
change_to_right,False,True,False,True,True,False,False,True,True,swerve_left,0.001025376869639785,4.0157082080841064,113
change_to_right,False,True,False,True,True,False,False,True,True,swerve_right,0.001611295543348517,3.9706287384033203,113
change_to_left,False,True,False,True,True,False,False,True,True,change_to_left,0.875885129862141,3.9563982486724854,114
change_to_left,False,True,False,True,True,False,False,True,True,change_to_right,0.9372836843697193,4.007657766342163,114
change_to_left,False,True,False,True,True,False,False,True,True,cruise,0.6253822439709986,4.007850170135498,114
change_to_left,False,True,False,True,True,False,False,True,True,keep,0.0012917281259765521,4.015262126922607,114
change_to_left,False,True,False,True,True,False,False,True,True,swerve_left,0.0010578545553931347,4.0303943157196045,114
change_to_left,False,True,False,True,True,False,False,True,True,swerve_right,0.0017841173714015196,3.9879825115203857,114
change_to_right,False,True,False,True,True,False,True,True,True,change_to_left,0.9996499320680451,3.0510060787200928,115
change_to_right,False,True,False,True,True,False,True,True,True,change_to_right,0.8794262855892688,3.0802979469299316,115
change_to_right,False,True,False,True,True,False,True,True,True,cruise,0.22702339081215941,3.030203104019165,115
change_to_right,False,True,False,True,True,False,True,True,True,keep,0.0010224187748555742,3.0376198291778564,115
change_to_right,False,True,False,True,True,False,True,True,True,swerve_left,0.0010091679356260092,3.047250270843506,115
change_to_right,False,True,False,True,True,False,True,True,True,swerve_right,0.0012489443642681923,3.0370965003967285,115
change_to_left,False,True,False,True,True,False,True,True,True,change_to_left,0.8756833252723566,3.0175704956054688,116
change_to_left,False,True,False,True,True,False,True,True,True,change_to_right,0.9993247352100155,3.0403554439544678,116
change_to_left,False,True,False,True,True,False,True,True,True,cruise,0.2290640137670895,3.046917200088501,116
change_to_left,False,True,False,True,True,False,True,True,True,keep,0.0010442515645344246,3.0033936500549316,116
change_to_left,False,True,False,True,True,False,True,True,True,swerve_left,0.0010184997689158958,3.0705063343048096,116
change_to_left,False,True,False,True,True,False,True,True,True,swerve_right,0.001404482164243139,3.016649007797241,116
change_to_right,False,True,False,True,True,True,False,True,True,change_to_left,0.911465716910275,4.016674041748047,117
change_to_right,False,True,False,True,True,True,False,True,True,change_to_right,0.8797628370886627,4.027125835418701,117
change_to_right,False,True,False,True,True,True,False,True,True,cruise,0.7716346652299112,4.046149492263794,117
change_to_right,False,True,False,True,True,True,False,True,True,keep,0.007413015727809824,4.000505447387695,117
change_to_right,False,True,False,True,True,True,False,True,True,swerve_left,0.0037402322064491148,4.013097524642944,117
change_to_right,False,True,False,True,True,True,False,True,True,swerve_right,0.0012262946634384244,3.9783730506896973,117
change_to_left,False,True,False,True,True,True,False,True,True,change_to_left,0.8762724032534804,3.985581874847412,118
change_to_left,False,True,False,True,True,True,False,True,True,change_to_right,0.8999977653082012,3.9955573081970215,118
change_to_left,False,True,False,True,True,True,False,True,True,cruise,0.858772578727669,3.9986770153045654,118
change_to_left,False,True,False,True,True,True,False,True,True,keep,0.00851732446619362,3.990741729736328,118
change_to_left,False,True,False,True,True,True,False,True,True,swerve_left,0.004090908559591893,4.042003393173218,118
change_to_left,False,True,False,True,True,True,False,True,True,swerve_right,0.00122259405398636,4.046322345733643,118
change_to_right,False,True,False,True,True,True,True,True,True,change_to_left,0.9038667915262799,4.051071405410767,119
change_to_right,False,True,False,True,True,True,True,True,True,change_to_right,0.8794028760427437,4.056009769439697,119
change_to_right,False,True,False,True,True,True,True,True,True,cruise,0.8167039805095367,4.078733921051025,119
change_to_right,False,True,False,True,True,True,True,True,True,keep,0.006151811462466588,4.066201448440552,119
change_to_right,False,True,False,True,True,True,True,True,True,swerve_left,0.004941846544287922,4.079890727996826,119
change_to_right,False,True,False,True,True,True,True,True,True,swerve_right,0.0012728811185922094,4.071040630340576,119
change_to_left,False,True,False,True,True,True,True,True,True,change_to_left,0.8754436134584337,4.0762293338775635,120
change_to_left,False,True,False,True,True,True,True,True,True,change_to_right,0.906951386823547,4.097244024276733,120
change_to_left,False,True,False,True,True,True,True,True,True,cruise,0.8183089350008893,4.0771448612213135,120
change_to_left,False,True,False,True,True,True,True,True,True,keep,0.006268752700308542,4.081361770629883,120
change_to_left,False,True,False,True,True,True,True,True,True,swerve_left,0.004944367093354031,4.043731927871704,120
change_to_left,False,True,False,True,True,True,True,True,True,swerve_right,0.001259674785182772,4.085429430007935,120
cruise,False,True,True,False,False,False,False,True,True,change_to_left,0.9372905031737073,4.085308074951172,121
cruise,False,True,True,False,False,False,False,True,True,change_to_right,0.9392768855837152,4.056446075439453,121
cruise,False,True,True,False,False,False,False,True,True,cruise,0.21889954979601944,4.073180198669434,121
cruise,False,True,True,False,False,False,False,True,True,keep,0.015444594933323919,4.105463266372681,121
cruise,False,True,True,False,False,False,False,True,True,swerve_left,0.0010461621234205399,4.103687047958374,121
cruise,False,True,True,False,False,False,False,True,True,swerve_right,0.0012160506457992225,3.987614870071411,121
change_to_left,False,True,True,False,False,False,False,True,True,change_to_left,0.8760798927361517,3.9991273880004883,122
change_to_left,False,True,True,False,False,False,False,True,True,change_to_right,0.9392858368988495,4.050572156906128,122
change_to_left,False,True,True,False,False,False,False,True,True,cruise,0.6048508327046557,4.0726659297943115,122
change_to_left,False,True,True,False,False,False,False,True,True,keep,0.01578953089471662,4.00456690788269,122
change_to_left,False,True,True,False,False,False,False,True,True,swerve_left,0.0010316053873980103,4.066540479660034,122
change_to_left,False,True,True,False,False,False,False,True,True,swerve_right,0.0012380366892462047,4.041957378387451,122
cruise,False,True,True,False,False,False,True,True,True,change_to_left,0.936725032978419,4.04079270362854,123
cruise,False,True,True,False,False,False,True,True,True,change_to_right,0.9397577444140769,4.151363849639893,123
cruise,False,True,True,False,False,False,True,True,True,cruise,0.21887493582891285,4.09051513671875,123
cruise,False,True,True,False,False,False,True,True,True,keep,0.015713643684191224,4.074915409088135,123
cruise,False,True,True,False,False,False,True,True,True,swerve_left,0.0010465078480306632,4.161839723587036,123
cruise,False,True,True,False,False,False,True,True,True,swerve_right,0.0012277138356328074,4.058674573898315,123
change_to_left,False,True,True,False,False,False,True,True,True,change_to_left,0.8761907509239346,4.027910232543945,124
change_to_left,False,True,True,False,False,False,True,True,True,change_to_right,0.938876663672798,4.088862180709839,124
change_to_left,False,True,True,False,False,False,True,True,True,cruise,0.6061385068388896,4.081522226333618,124
change_to_left,False,True,True,False,False,False,True,True,True,keep,0.015655496225360926,4.121348857879639,124
change_to_left,False,True,True,False,False,False,True,True,True,swerve_left,0.0010462774925589116,4.1443257331848145,124
change_to_left,False,True,True,False,False,False,True,True,True,swerve_right,0.0012216855476246064,4.104062080383301,124
cruise,False,True,True,False,False,True,False,True,True,change_to_left,0.8859179243784078,4.021111488342285,125
cruise,False,True,True,False,False,True,False,True,True,change_to_right,0.8900498130756301,4.04779052734375,125
cruise,False,True,True,False,False,True,False,True,True,cruise,0.21890133567721093,4.149898052215576,125
cruise,False,True,True,False,False,True,False,True,True,keep,0.8441836496701433,4.041078090667725,125
cruise,False,True,True,False,False,True,False,True,True,swerve_left,0.0010092285803381237,4.019533395767212,125
cruise,False,True,True,False,False,True,False,True,True,swerve_right,0.0012106507466604702,4.077539682388306,125
change_to_left,False,True,True,False,False,True,False,True,True,change_to_left,0.8761285415327951,4.103404760360718,126
change_to_left,False,True,True,False,False,True,False,True,True,change_to_right,0.8897779170416348,4.016316890716553,126
change_to_left,False,True,True,False,False,True,False,True,True,cruise,0.2796908603900574,4.082229852676392,126
change_to_left,False,True,True,False,False,True,False,True,True,keep,0.8433830652111355,4.092936277389526,126
change_to_left,False,True,True,False,False,True,False,True,True,swerve_left,0.001009289038980934,4.051764488220215,126
change_to_left,False,True,True,False,False,True,False,True,True,swerve_right,0.0012033029935661311,4.115797758102417,126
cruise,False,True,True,False,False,True,True,True,True,change_to_left,0.8856453616237504,4.047832489013672,127
cruise,False,True,True,False,False,True,True,True,True,change_to_right,0.9025164283975771,4.076241731643677,127
cruise,False,True,True,False,False,True,True,True,True,cruise,0.21798673817016712,4.05098295211792,127
cruise,False,True,True,False,False,True,True,True,True,keep,0.8272396937682347,4.181622743606567,127
cruise,False,True,True,False,False,True,True,True,True,swerve_left,0.0010092408753529236,4.099950551986694,127
cruise,False,True,True,False,False,True,True,True,True,swerve_right,0.0012101015504232364,4.1119749546051025,127
change_to_left,False,True,True,False,False,True,True,True,True,change_to_left,0.876341812680634,4.1325366497039795,128
change_to_left,False,True,True,False,False,True,True,True,True,change_to_right,0.9024573707190645,4.087858200073242,128
change_to_left,False,True,True,False,False,True,True,True,True,cruise,0.30011984100456823,4.069352865219116,128
change_to_left,False,True,True,False,False,True,True,True,True,keep,0.8014053701218059,4.082237482070923,128
change_to_left,False,True,True,False,False,True,True,True,True,swerve_left,0.0010114395945197293,4.048428773880005,128
change_to_left,False,True,True,False,False,True,True,True,True,swerve_right,0.0012158709433276603,4.093295574188232,128
cruise,False,True,True,False,True,False,False,True,True,change_to_left,0.9371970253313079,4.01457405090332,129
cruise,False,True,True,False,True,False,False,True,True,change_to_right,0.9394517664081742,4.052025079727173,129
cruise,False,True,True,False,True,False,False,True,True,cruise,0.21882705962787566,4.0551676750183105,129
cruise,False,True,True,False,True,False,False,True,True,keep,0.013574514584799139,4.0807273387908936,129
cruise,False,True,True,False,True,False,False,True,True,swerve_left,0.0011970263889251919,4.070626497268677,129
cruise,False,True,True,False,True,False,False,True,True,swerve_right,0.0018470344666182397,4.071224212646484,129
change_to_left,False,True,True,False,True,False,False,True,True,change_to_left,0.8763784030259273,4.082895278930664,130
change_to_left,False,True,True,False,True,False,False,True,True,change_to_right,0.9390966745999838,4.074805498123169,130
change_to_left,False,True,True,False,True,False,False,True,True,cruise,0.6065126645989732,4.108055114746094,130
change_to_left,False,True,True,False,True,False,False,True,True,keep,0.013229031246939072,4.077810764312744,130
change_to_left,False,True,True,False,True,False,False,True,True,swerve_left,0.001237139283738985,4.07739782333374,130
change_to_left,False,True,True,False,True,False,False,True,True,swerve_right,0.001886029605203065,4.075916290283203,130
cruise,False,True,True,False,True,False,True,True,True,change_to_left,0.9367635898431586,4.066920280456543,131
cruise,False,True,True,False,True,False,True,True,True,change_to_right,0.9407135121075488,4.1342613697052,131
cruise,False,True,True,False,True,False,True,True,True,cruise,0.21866376330982165,4.107593536376953,131
cruise,False,True,True,False,True,False,True,True,True,keep,0.012959324175216523,4.065656423568726,131
cruise,False,True,True,False,True,False,True,True,True,swerve_left,0.0012459776792682748,4.0879597663879395,131
cruise,False,True,True,False,True,False,True,True,True,swerve_right,0.0018406194973168203,4.108851432800293,131
change_to_left,False,True,True,False,True,False,True,True,True,change_to_left,0.8761288967949566,4.110235929489136,132
change_to_left,False,True,True,False,True,False,True,True,True,change_to_right,0.9401087799757887,4.1556549072265625,132
change_to_left,False,True,True,False,True,False,True,True,True,cruise,0.6064116403146467,4.173773527145386,132
change_to_left,False,True,True,False,True,False,True,True,True,keep,0.012775380470091796,4.12333345413208,132
change_to_left,False,True,True,False,True,False,True,True,True,swerve_left,0.0012447423693377816,4.111220359802246,132
change_to_left,False,True,True,False,True,False,True,True,True,swerve_right,0.0018532709636538034,4.173496723175049,132
cruise,False,True,True,False,True,True,False,True,True,change_to_left,0.8943657965283489,4.076092481613159,133
cruise,False,True,True,False,True,True,False,True,True,change_to_right,0.8981565363579446,4.059972047805786,133
cruise,False,True,True,False,True,True,False,True,True,cruise,0.2186330009023843,4.048091411590576,133
cruise,False,True,True,False,True,True,False,True,True,keep,0.7044020860273434,4.078168153762817,133
cruise,False,True,True,False,True,True,False,True,True,swerve_left,0.0011348634063566554,4.113419771194458,133
cruise,False,True,True,False,True,True,False,True,True,swerve_right,0.00199137540726406,4.048614501953125,133
change_to_left,False,True,True,False,True,True,False,True,True,change_to_left,0.8762969061203404,4.070294141769409,134
change_to_left,False,True,True,False,True,True,False,True,True,change_to_right,0.8985695594794019,4.105375051498413,134
change_to_left,False,True,True,False,True,True,False,True,True,cruise,0.33292758384592985,4.075320720672607,134
change_to_left,False,True,True,False,True,True,False,True,True,keep,0.7035466128812045,4.088943004608154,134
change_to_left,False,True,True,False,True,True,False,True,True,swerve_left,0.0011107823598193053,4.111855983734131,134
change_to_left,False,True,True,False,True,True,False,True,True,swerve_right,0.0019441868217786589,4.058526039123535,134
cruise,False,True,True,False,True,True,True,True,True,change_to_left,0.8946360635787473,4.1214189529418945,135
cruise,False,True,True,False,True,True,True,True,True,change_to_right,0.9032060208782515,4.125722885131836,135
cruise,False,True,True,False,True,True,True,True,True,cruise,0.217837752341968,4.094500303268433,135
cruise,False,True,True,False,True,True,True,True,True,keep,0.6867913407187214,4.129593372344971,135
cruise,False,True,True,False,True,True,True,True,True,swerve_left,0.001116116335952434,4.086269378662109,135
cruise,False,True,True,False,True,True,True,True,True,swerve_right,0.0019524240240276017,4.137358903884888,135
change_to_left,False,True,True,False,True,True,True,True,True,change_to_left,0.8763785899094314,4.115267276763916,136
change_to_left,False,True,True,False,True,True,True,True,True,change_to_right,0.9011426608435797,4.070229530334473,136
change_to_left,False,True,True,False,True,True,True,True,True,cruise,0.3877192046381567,3.9724605083465576,136
change_to_left,False,True,True,False,True,True,True,True,True,keep,0.6309375117679195,3.950841188430786,136
change_to_left,False,True,True,False,True,True,True,True,True,swerve_left,0.0010995674374178444,3.970993995666504,136
change_to_left,False,True,True,False,True,True,True,True,True,swerve_right,0.0019067619628482186,3.9598946571350098,136
change_to_left,False,True,True,True,False,False,False,True,True,change_to_left,0.8761337053352494,3.8598146438598633,137
change_to_left,False,True,True,True,False,False,False,True,True,change_to_right,0.9734212707045539,3.9040701389312744,137
change_to_left,False,True,True,True,False,False,False,True,True,cruise,0.39386237519273787,3.8696839809417725,137
change_to_left,False,True,True,True,False,False,False,True,True,keep,0.0011704715765761334,3.871439218521118,137
change_to_left,False,True,True,True,False,False,False,True,True,swerve_left,0.0012188337889659415,3.839592456817627,137
change_to_left,False,True,True,True,False,False,False,True,True,swerve_right,0.0013910190695435793,3.877284288406372,137
change_to_left,False,True,True,True,False,False,True,True,True,change_to_left,0.87637615841974,3.97119402885437,138
change_to_left,False,True,True,True,False,False,True,True,True,change_to_right,0.9733788850297113,3.9581003189086914,138
change_to_left,False,True,True,True,False,False,True,True,True,cruise,0.3944066763466788,3.9053380489349365,138
change_to_left,False,True,True,True,False,False,True,True,True,keep,0.0011703455255124425,3.974478006362915,138
change_to_left,False,True,True,True,False,False,True,True,True,swerve_left,0.0010459532658192846,3.9239377975463867,138
change_to_left,False,True,True,True,False,False,True,True,True,swerve_right,0.0014317383297482794,3.9966702461242676,138
change_to_left,False,True,True,True,False,True,False,True,True,change_to_left,0.8762386917899434,3.2333145141601562,139
change_to_left,False,True,True,True,False,True,False,True,True,change_to_right,0.9117051581676828,3.2589540481567383,139
change_to_left,False,True,True,True,False,True,False,True,True,cruise,0.7940080516263772,3.2432570457458496,139
change_to_left,False,True,True,True,False,True,False,True,True,keep,0.0018078760660310853,3.2095820903778076,139
change_to_left,False,True,True,True,False,True,False,True,True,swerve_left,0.002521447073476507,3.2816078662872314,139
change_to_left,False,True,True,True,False,True,False,True,True,swerve_right,0.0014136719013072942,3.2190070152282715,139
change_to_left,False,True,True,True,False,True,True,True,True,change_to_left,0.876017038761034,3.9333627223968506,140
change_to_left,False,True,True,True,False,True,True,True,True,change_to_right,0.9748255462188817,3.909764289855957,140
change_to_left,False,True,True,True,False,True,True,True,True,cruise,0.7699083119510318,3.94035267829895,140
change_to_left,False,True,True,True,False,True,True,True,True,keep,0.0015729110956847609,3.9291532039642334,140
change_to_left,False,True,True,True,False,True,True,True,True,swerve_left,0.0022008829875787006,3.9107067584991455,140
change_to_left,False,True,True,True,False,True,True,True,True,swerve_right,0.0014227760218087349,3.999887466430664,140
change_to_left,False,True,True,True,True,False,False,True,True,change_to_left,0.8760539678818363,3.2294082641601562,141
change_to_left,False,True,True,True,True,False,False,True,True,change_to_right,0.9377358038375079,3.235196352005005,141
change_to_left,False,True,True,True,True,False,False,True,True,cruise,0.6264696094233607,3.1877715587615967,141
change_to_left,False,True,True,True,True,False,False,True,True,keep,0.0013190232403728934,3.2100563049316406,141
change_to_left,False,True,True,True,True,False,False,True,True,swerve_left,0.0010314403694083483,3.1768853664398193,141
change_to_left,False,True,True,True,True,False,False,True,True,swerve_right,0.00178408237957469,3.241631507873535,141
change_to_left,False,True,True,True,True,False,True,True,True,change_to_left,0.8763137143559949,3.9752752780914307,142
change_to_left,False,True,True,True,True,False,True,True,True,change_to_right,0.9346337138948603,3.9152753353118896,142
change_to_left,False,True,True,True,True,False,True,True,True,cruise,0.6011652390636094,3.9861183166503906,142
change_to_left,False,True,True,True,True,False,True,True,True,keep,0.05883146923378009,3.8801629543304443,142
change_to_left,False,True,True,True,True,False,True,True,True,swerve_left,0.0016965014386176843,3.934274673461914,142
change_to_left,False,True,True,True,True,False,True,True,True,swerve_right,0.0017646365954868681,3.9667108058929443,142
change_to_left,False,True,True,True,True,True,False,True,True,change_to_left,0.8763434108802693,3.2157115936279297,143
change_to_left,False,True,True,True,True,True,False,True,True,change_to_right,0.9002266089748835,3.293316602706909,143
change_to_left,False,True,True,True,True,True,False,True,True,cruise,0.863652040242821,3.2163102626800537,143
change_to_left,False,True,True,True,True,True,False,True,True,keep,0.008544909655008034,3.198711633682251,143
change_to_left,False,True,True,True,True,True,False,True,True,swerve_left,0.00420986009362333,3.229602813720703,143
change_to_left,False,True,True,True,True,True,False,True,True,swerve_right,0.0012218580297369379,3.195716619491577,143
change_to_left,False,True,True,True,True,True,True,True,True,change_to_left,0.8760321572827481,3.8679585456848145,144
change_to_left,False,True,True,True,True,True,True,True,True,change_to_right,0.9171905702878821,3.9410598278045654,144
change_to_left,False,True,True,True,True,True,True,True,True,cruise,0.8040842091308944,4.046999454498291,144
change_to_left,False,True,True,True,True,True,True,True,True,keep,0.007277133065330226,3.929767608642578,144
change_to_left,False,True,True,True,True,True,True,True,True,swerve_left,0.0018661462482613056,3.9123759269714355,144
change_to_left,False,True,True,True,True,True,True,True,True,swerve_right,0.008592589400357164,3.9778995513916016,144
change_to_left,True,False,False,False,False,False,False,True,True,change_to_left,0.8760712735605583,3.821531295776367,145
change_to_left,True,False,False,False,False,False,False,True,True,change_to_right,0.9394396844529769,3.827085256576538,145
change_to_left,True,False,False,False,False,False,False,True,True,cruise,0.6113299629512642,3.8356435298919678,145
change_to_left,True,False,False,False,False,False,False,True,True,keep,0.0011944249849640438,3.8460471630096436,145
change_to_left,True,False,False,False,False,False,False,True,True,swerve_left,0.001039805971474486,3.8401265144348145,145
change_to_left,True,False,False,False,False,False,False,True,True,swerve_right,0.0012252180841443878,3.8950483798980713,145
cruise,True,False,False,False,False,False,False,True,True,change_to_left,0.9375512074934484,3.854182004928589,146
cruise,True,False,False,False,False,False,False,True,True,change_to_right,0.9401629324536479,3.8271617889404297,146
cruise,True,False,False,False,False,False,False,True,True,cruise,0.2188120335262171,3.882233142852783,146
cruise,True,False,False,False,False,False,False,True,True,keep,0.0012204083465277638,3.8401572704315186,146
cruise,True,False,False,False,False,False,False,True,True,swerve_left,0.0010393162742095763,3.8491287231445312,146
cruise,True,False,False,False,False,False,False,True,True,swerve_right,0.0012156011956247319,3.86289119720459,146
change_to_right,True,False,False,False,False,False,False,True,True,change_to_left,0.9378601423349827,3.824619770050049,147
change_to_right,True,False,False,False,False,False,False,True,True,change_to_right,0.8795034290278791,3.8326056003570557,147
change_to_right,True,False,False,False,False,False,False,True,True,cruise,0.6102587620870091,3.8194048404693604,147
change_to_right,True,False,False,False,False,False,False,True,True,keep,0.0011656916718178478,3.8439698219299316,147
change_to_right,True,False,False,False,False,False,False,True,True,swerve_left,0.0010470329747277627,3.8489878177642822,147
change_to_right,True,False,False,False,False,False,False,True,True,swerve_right,0.0012358081607004292,3.803208589553833,147
change_to_left,True,False,False,False,False,False,True,True,True,change_to_left,0.8762244796177897,3.8657431602478027,148
change_to_left,True,False,False,False,False,False,True,True,True,change_to_right,0.939954951936746,3.891998529434204,148
change_to_left,True,False,False,False,False,False,True,True,True,cruise,0.6077960005284208,3.9272162914276123,148
change_to_left,True,False,False,False,False,False,True,True,True,keep,0.0012227299922665008,3.8517348766326904,148
change_to_left,True,False,False,False,False,False,True,True,True,swerve_left,0.0010395134767920598,3.932131290435791,148
change_to_left,True,False,False,False,False,False,True,True,True,swerve_right,0.0012381747408634722,3.8849263191223145,148
cruise,True,False,False,False,False,False,True,True,True,change_to_left,0.9378642349074022,3.8932888507843018,149
cruise,True,False,False,False,False,False,True,True,True,change_to_right,0.9398652591829364,3.9282984733581543,149
cruise,True,False,False,False,False,False,True,True,True,cruise,0.21872979185648367,3.9453816413879395,149
cruise,True,False,False,False,False,False,True,True,True,keep,0.0011938956547207795,3.907817840576172,149
cruise,True,False,False,False,False,False,True,True,True,swerve_left,0.0010469201099462227,3.852118968963623,149
cruise,True,False,False,False,False,False,True,True,True,swerve_right,0.0012352655462662086,3.8520610332489014,149
change_to_right,True,False,False,False,False,False,True,True,True,change_to_left,0.9384112533741382,3.830667018890381,150
change_to_right,True,False,False,False,False,False,True,True,True,change_to_right,0.8794414863379623,3.904792547225952,150
change_to_right,True,False,False,False,False,False,True,True,True,cruise,0.6076979080819501,3.9588570594787598,150
change_to_right,True,False,False,False,False,False,True,True,True,keep,0.0011941145792474525,3.8916146755218506,150
change_to_right,True,False,False,False,False,False,True,True,True,swerve_left,0.0010471155776253147,3.9108548164367676,150
change_to_right,True,False,False,False,False,False,True,True,True,swerve_right,0.0012285876404836684,3.9778904914855957,150
change_to_left,True,False,False,False,False,True,False,True,True,change_to_left,0.8758494854313469,3.827777862548828,151
change_to_left,True,False,False,False,False,True,False,True,True,change_to_right,0.9136179242938104,3.857647657394409,151
change_to_left,True,False,False,False,False,True,False,True,True,cruise,0.437442315696036,3.842262029647827,151
change_to_left,True,False,False,False,False,True,False,True,True,keep,0.4369827902090837,3.868340015411377,151
change_to_left,True,False,False,False,False,True,False,True,True,swerve_left,0.0010203336186879707,3.83345890045166,151
change_to_left,True,False,False,False,False,True,False,True,True,swerve_right,0.0016764737963721734,3.83382511138916,151
cruise,True,False,False,False,False,True,False,True,True,change_to_left,0.9109099445749572,3.8196213245391846,152
cruise,True,False,False,False,False,True,False,True,True,change_to_right,0.9134348124536896,3.8476383686065674,152
cruise,True,False,False,False,False,True,False,True,True,cruise,0.21884105098119017,3.877265214920044,152
cruise,True,False,False,False,False,True,False,True,True,keep,0.4396234253263469,3.8291544914245605,152
cruise,True,False,False,False,False,True,False,True,True,swerve_left,0.001035910399559752,3.8425395488739014,152
cruise,True,False,False,False,False,True,False,True,True,swerve_right,0.0016633651521247362,3.850222587585449,152
change_to_right,True,False,False,False,False,True,False,True,True,change_to_left,0.9110554399755183,3.902221918106079,153
change_to_right,True,False,False,False,False,True,False,True,True,change_to_right,0.8795079156122142,3.8421056270599365,153
change_to_right,True,False,False,False,False,True,False,True,True,cruise,0.4346583133547062,3.849799871444702,153
change_to_right,True,False,False,False,False,True,False,True,True,keep,0.44075441927014775,3.8638830184936523,153
change_to_right,True,False,False,False,False,True,False,True,True,swerve_left,0.0010353590704157316,3.824428081512451,153
change_to_right,True,False,False,False,False,True,False,True,True,swerve_right,0.0016939096362173,3.8303942680358887,153
change_to_left,True,False,False,False,False,True,True,True,True,change_to_left,0.8762550956686799,3.8625707626342773,154
change_to_left,True,False,False,False,False,True,True,True,True,change_to_right,0.9136721035781556,3.8965470790863037,154
change_to_left,True,False,False,False,False,True,True,True,True,cruise,0.43737086166723627,3.8689446449279785,154
change_to_left,True,False,False,False,False,True,True,True,True,keep,0.4399245971282525,3.890648365020752,154
change_to_left,True,False,False,False,False,True,True,True,True,swerve_left,0.0010359516190118392,3.893435478210449,154
change_to_left,True,False,False,False,False,True,True,True,True,swerve_right,0.001692438553732023,3.918893337249756,154
cruise,True,False,False,False,False,True,True,True,True,change_to_left,0.9107972968298612,3.8698158264160156,155
cruise,True,False,False,False,False,True,True,True,True,change_to_right,0.9134172014267702,3.934584856033325,155
cruise,True,False,False,False,False,True,True,True,True,cruise,0.21860412215874422,3.8573591709136963,155
cruise,True,False,False,False,False,True,True,True,True,keep,0.43969493566805795,3.8791770935058594,155
cruise,True,False,False,False,False,True,True,True,True,swerve_left,0.0010203675362499744,3.8759987354278564,155
cruise,True,False,False,False,False,True,True,True,True,swerve_right,0.0016938396435327318,3.8670759201049805,155
change_to_right,True,False,False,False,False,True,True,True,True,change_to_left,0.9113011904070847,3.9288697242736816,156
change_to_right,True,False,False,False,False,True,True,True,True,change_to_right,0.8798045470355748,3.855015277862549,156
change_to_right,True,False,False,False,False,True,True,True,True,cruise,0.4348925422080421,3.8965094089508057,156
change_to_right,True,False,False,False,False,True,True,True,True,keep,0.43894687956672546,3.8960065841674805,156
change_to_right,True,False,False,False,False,True,True,True,True,swerve_left,0.0010358731340531357,3.8445215225219727,156
change_to_right,True,False,False,False,False,True,True,True,True,swerve_right,0.0016952683745247025,3.9039711952209473,156
change_to_left,True,False,False,False,True,False,False,True,True,change_to_left,0.8762454777678743,3.8306407928466797,157
change_to_left,True,False,False,False,True,False,False,True,True,change_to_right,0.9313438960556175,3.832224130630493,157
change_to_left,True,False,False,False,True,False,False,True,True,cruise,0.5602788660443728,3.8950035572052,157
change_to_left,True,False,False,False,True,False,False,True,True,keep,0.12893443548613745,3.8408827781677246,157
change_to_left,True,False,False,False,True,False,False,True,True,swerve_left,0.0014112480082548917,3.8590524196624756,157
change_to_left,True,False,False,False,True,False,False,True,True,swerve_right,0.002278765325126956,3.854632616043091,157
cruise,True,False,False,False,True,False,False,True,True,change_to_left,0.9297643798440756,3.844881296157837,158
cruise,True,False,False,False,True,False,False,True,True,change_to_right,0.9322110251891221,3.8489081859588623,158
cruise,True,False,False,False,True,False,False,True,True,cruise,0.21857184557427126,3.842214822769165,158
cruise,True,False,False,False,True,False,False,True,True,keep,0.12869391350880618,3.8308937549591064,158
cruise,True,False,False,False,True,False,False,True,True,swerve_left,0.0013890854228620852,3.831010103225708,158
cruise,True,False,False,False,True,False,False,True,True,swerve_right,0.0023584251272450903,3.824451208114624,158
change_to_right,True,False,False,False,True,False,False,True,True,change_to_left,0.9297224684755909,3.881230592727661,159
change_to_right,True,False,False,False,True,False,False,True,True,change_to_right,0.8795517015841164,3.8309779167175293,159
change_to_right,True,False,False,False,True,False,False,True,True,cruise,0.5592056395843823,3.812290906906128,159
change_to_right,True,False,False,False,True,False,False,True,True,keep,0.13034493939466485,3.8826544284820557,159
change_to_right,True,False,False,False,True,False,False,True,True,swerve_left,0.00144060464386088,3.8494553565979004,159
change_to_right,True,False,False,False,True,False,False,True,True,swerve_right,0.002486433626589436,3.845029354095459,159
change_to_left,True,False,False,False,True,False,True,True,True,change_to_left,0.8763225421582223,3.9471726417541504,160
change_to_left,True,False,False,False,True,False,True,True,True,change_to_right,0.9321584733242969,3.8735263347625732,160
change_to_left,True,False,False,False,True,False,True,True,True,cruise,0.5553784256426456,3.8822531700134277,160
change_to_left,True,False,False,False,True,False,True,True,True,keep,0.13015210546901376,3.886066436767578,160
change_to_left,True,False,False,False,True,False,True,True,True,swerve_left,0.0013650974090309526,3.880242347717285,160
change_to_left,True,False,False,False,True,False,True,True,True,swerve_right,0.002406069336209985,3.916278123855591,160
cruise,True,False,False,False,True,False,True,True,True,change_to_left,0.9300005392893054,3.8828091621398926,161
cruise,True,False,False,False,True,False,True,True,True,change_to_right,0.9317586310701398,3.8619728088378906,161
cruise,True,False,False,False,True,False,True,True,True,cruise,0.21897223493189977,3.883549451828003,161
cruise,True,False,False,False,True,False,True,True,True,keep,0.13186372201887236,3.875882863998413,161
cruise,True,False,False,False,True,False,True,True,True,swerve_left,0.001344268548899861,4.119113206863403,161
cruise,True,False,False,False,True,False,True,True,True,swerve_right,0.0023209090032978888,4.519849538803101,161
change_to_right,True,False,False,False,True,False,True,True,True,change_to_left,0.9303769277158737,4.057558059692383,162
change_to_right,True,False,False,False,True,False,True,True,True,change_to_right,0.8793483768912106,4.096905469894409,162
change_to_right,True,False,False,False,True,False,True,True,True,cruise,0.5561235405931158,4.036644458770752,162
change_to_right,True,False,False,False,True,False,True,True,True,keep,0.13025867877721453,4.037635087966919,162
change_to_right,True,False,False,False,True,False,True,True,True,swerve_left,0.0013654011618704613,4.057608366012573,162
change_to_right,True,False,False,False,True,False,True,True,True,swerve_right,0.0023810759107362497,4.0389723777771,162
change_to_left,True,False,False,False,True,True,False,True,True,change_to_left,0.8763788486911218,3.9987850189208984,163
change_to_left,True,False,False,False,True,True,False,True,True,change_to_right,0.8937205410549955,4.064632415771484,163
change_to_left,True,False,False,False,True,True,False,True,True,cruise,0.31120171384962736,3.991950750350952,163
change_to_left,True,False,False,False,True,True,False,True,True,keep,0.7632927756697867,3.989575147628784,163
change_to_left,True,False,False,False,True,True,False,True,True,swerve_left,0.001374011920030608,4.029501676559448,163
change_to_left,True,False,False,False,True,True,False,True,True,swerve_right,0.0024604595720605455,4.003385543823242,163
cruise,True,False,False,False,True,True,False,True,True,change_to_left,0.8910728194666175,4.105327606201172,164
cruise,True,False,False,False,True,True,False,True,True,change_to_right,0.8940314121753387,4.0879716873168945,164
cruise,True,False,False,False,True,True,False,True,True,cruise,0.21888362549824733,4.018414735794067,164
cruise,True,False,False,False,True,True,False,True,True,keep,0.760172213558293,4.073902606964111,164
cruise,True,False,False,False,True,True,False,True,True,swerve_left,0.0013793952292753783,4.018642425537109,164
cruise,True,False,False,False,True,True,False,True,True,swerve_right,0.0024717451351220217,4.041369438171387,164
change_to_right,True,False,False,False,True,True,False,True,True,change_to_left,0.8909114695209972,3.994939088821411,165
change_to_right,True,False,False,False,True,True,False,True,True,change_to_right,0.8794564901015246,4.003361225128174,165
change_to_right,True,False,False,False,True,True,False,True,True,cruise,0.3119550239611525,4.041199445724487,165
change_to_right,True,False,False,False,True,True,False,True,True,keep,0.7594134576524922,4.00840163230896,165
change_to_right,True,False,False,False,True,True,False,True,True,swerve_left,0.0014057863869247514,3.9893627166748047,165
change_to_right,True,False,False,False,True,True,False,True,True,swerve_right,0.002502487777051686,4.010168075561523,165
change_to_left,True,False,False,False,True,True,True,True,True,change_to_left,0.8760731991257857,4.11236047744751,166
change_to_left,True,False,False,False,True,True,True,True,True,change_to_right,0.8948595107378956,4.137303352355957,166
change_to_left,True,False,False,False,True,True,True,True,True,cruise,0.3197855527462855,4.064401865005493,166
change_to_left,True,False,False,False,True,True,True,True,True,keep,0.7389452164849115,4.081554651260376,166
change_to_left,True,False,False,False,True,True,True,True,True,swerve_left,0.0014354297545727329,4.092115640640259,166
change_to_left,True,False,False,False,True,True,True,True,True,swerve_right,0.0025718066165223933,4.07551121711731,166
cruise,True,False,False,False,True,True,True,True,True,change_to_left,0.8920239722514806,4.043438911437988,167
cruise,True,False,False,False,True,True,True,True,True,change_to_right,0.8948967019690982,4.076902627944946,167
cruise,True,False,False,False,True,True,True,True,True,cruise,0.2186353344130746,4.062236070632935,167
cruise,True,False,False,False,True,True,True,True,True,keep,0.7383842018554939,4.082879304885864,167
cruise,True,False,False,False,True,True,True,True,True,swerve_left,0.0014214735310030036,4.070785284042358,167
cruise,True,False,False,False,True,True,True,True,True,swerve_right,0.0026561504891811547,4.089742422103882,167
change_to_right,True,False,False,False,True,True,True,True,True,change_to_left,0.8925429552392723,4.032338857650757,168
change_to_right,True,False,False,False,True,True,True,True,True,change_to_right,0.8790183356400867,4.0877368450164795,168
change_to_right,True,False,False,False,True,True,True,True,True,cruise,0.31999069063948926,4.140442371368408,168
change_to_right,True,False,False,False,True,True,True,True,True,keep,0.738934348481011,4.126962661743164,168
change_to_right,True,False,False,False,True,True,True,True,True,swerve_left,0.0014434493078143871,4.054280519485474,168
change_to_right,True,False,False,False,True,True,True,True,True,swerve_right,0.0026260891584880984,4.121504545211792,168
cruise,True,False,False,True,False,False,False,True,True,change_to_left,0.9172064570806471,4.023310661315918,169
cruise,True,False,False,True,False,False,False,True,True,change_to_right,0.9601399960648211,4.014887094497681,169
cruise,True,False,False,True,False,False,False,True,True,cruise,0.2188405789557574,3.9902234077453613,169
cruise,True,False,False,True,False,False,False,True,True,keep,0.001183974974085656,4.037145137786865,169
cruise,True,False,False,True,False,False,False,True,True,swerve_left,0.0011158641405426331,4.033326148986816,169
cruise,True,False,False,True,False,False,False,True,True,swerve_right,0.001648982974597275,4.047036647796631,169
change_to_left,True,False,False,True,False,False,False,True,True,change_to_left,0.8759275419120864,4.052611351013184,170
change_to_left,True,False,False,True,False,False,False,True,True,change_to_right,0.9400387410102365,4.046523809432983,170
change_to_left,True,False,False,True,False,False,False,True,True,cruise,0.606770831357665,4.048664808273315,170
change_to_left,True,False,False,True,False,False,False,True,True,keep,0.0010544047950440437,4.126840591430664,170
change_to_left,True,False,False,True,False,False,False,True,True,swerve_left,0.0010737200442375264,4.014989376068115,170
change_to_left,True,False,False,True,False,False,False,True,True,swerve_right,0.0015176031442108427,4.1020708084106445,170
change_to_right,True,False,False,True,False,False,False,True,True,change_to_left,0.9172143015641626,4.021884441375732,171
change_to_right,True,False,False,True,False,False,False,True,True,change_to_right,0.8790228160889342,4.057122707366943,171
change_to_right,True,False,False,True,False,False,False,True,True,cruise,0.7404514784359537,3.9873733520507812,171
change_to_right,True,False,False,True,False,False,False,True,True,keep,0.0011471496197924716,4.024148225784302,171
change_to_right,True,False,False,True,False,False,False,True,True,swerve_left,0.001134655875620773,4.049866199493408,171
change_to_right,True,False,False,True,False,False,False,True,True,swerve_right,0.0015386960189695757,4.0556652545928955,171
cruise,True,False,False,True,False,False,True,True,True,change_to_left,0.9385709104023097,4.152849912643433,172
cruise,True,False,False,True,False,False,True,True,True,change_to_right,0.9397641125139535,4.172930955886841,172
cruise,True,False,False,True,False,False,True,True,True,cruise,0.21880415106809795,4.0935773849487305,172
cruise,True,False,False,True,False,False,True,True,True,keep,0.0011640443213713314,4.046983480453491,172
cruise,True,False,False,True,False,False,True,True,True,swerve_left,0.0010589431255230502,4.132237195968628,172
cruise,True,False,False,True,False,False,True,True,True,swerve_right,0.0015477207742357118,4.062809944152832,172
change_to_right,True,False,False,True,False,False,True,True,True,change_to_left,0.9386825940525255,4.121973514556885,173
change_to_right,True,False,False,True,False,False,True,True,True,change_to_right,0.8792093781393847,4.074434757232666,173
change_to_right,True,False,False,True,False,False,True,True,True,cruise,0.6074042018034526,4.072370767593384,173
change_to_right,True,False,False,True,False,False,True,True,True,keep,0.0011659168705573434,4.063248157501221,173
change_to_right,True,False,False,True,False,False,True,True,True,swerve_left,0.0010740772396239807,4.095623254776001,173
change_to_right,True,False,False,True,False,False,True,True,True,swerve_right,0.0015504613693753514,4.126487731933594,173
change_to_left,True,False,False,True,False,True,False,True,True,change_to_left,0.876012050829056,3.984809637069702,174
change_to_left,True,False,False,True,False,True,False,True,True,change_to_right,0.9349468895438037,3.9997129440307617,174
change_to_left,True,False,False,True,False,True,False,True,True,cruise,0.5792910566171197,4.002139568328857,174
change_to_left,True,False,False,True,False,True,False,True,True,keep,0.07591053698760002,3.993929386138916,174
change_to_left,True,False,False,True,False,True,False,True,True,swerve_left,0.002442294223846177,3.9870991706848145,174
change_to_left,True,False,False,True,False,True,False,True,True,swerve_right,0.0020532917551089763,4.093344211578369,174
change_to_right,True,False,False,True,False,True,False,True,True,change_to_left,0.9133419060595316,4.102202892303467,175
change_to_right,True,False,False,True,False,True,False,True,True,change_to_right,0.879780554544882,4.026737451553345,175
change_to_right,True,False,False,True,False,True,False,True,True,cruise,0.6867855972500757,4.085933208465576,175
change_to_right,True,False,False,True,False,True,False,True,True,keep,0.09882899006168215,3.9986252784729004,175
change_to_right,True,False,False,True,False,True,False,True,True,swerve_left,0.002846205677168263,4.057807683944702,175
change_to_right,True,False,False,True,False,True,False,True,True,swerve_right,0.002270135959704324,4.023085117340088,175
cruise,True,False,False,True,False,True,False,True,True,change_to_left,0.9133510004551879,4.013826131820679,176
cruise,True,False,False,True,False,True,False,True,True,change_to_right,0.9516891837165748,4.042275905609131,176
cruise,True,False,False,True,False,True,False,True,True,cruise,0.21864377825117215,3.998173475265503,176
cruise,True,False,False,True,False,True,False,True,True,keep,0.0969400049343894,4.004283905029297,176
cruise,True,False,False,True,False,True,False,True,True,swerve_left,0.002828341118770343,4.036687850952148,176
cruise,True,False,False,True,False,True,False,True,True,swerve_right,0.0023922491086103767,4.005300998687744,176
cruise,True,False,False,True,False,True,True,True,True,change_to_left,0.9338190434997112,4.058492422103882,177
cruise,True,False,False,True,False,True,True,True,True,change_to_right,0.9352686330097688,4.1186487674713135,177
cruise,True,False,False,True,False,True,True,True,True,cruise,0.2188847998101723,4.06162691116333,177
cruise,True,False,False,True,False,True,True,True,True,keep,0.07562355378079816,4.072800397872925,177
cruise,True,False,False,True,False,True,True,True,True,swerve_left,0.002471835796637648,4.0523905754089355,177
cruise,True,False,False,True,False,True,True,True,True,swerve_right,0.0021348811853594447,4.097079038619995,177
change_to_right,True,False,False,True,False,True,True,True,True,change_to_left,0.9334826356250245,4.052670478820801,178
change_to_right,True,False,False,True,False,True,True,True,True,change_to_right,0.8795960712485846,4.073010444641113,178
change_to_right,True,False,False,True,False,True,True,True,True,cruise,0.5821534379824042,4.0563576221466064,178
change_to_right,True,False,False,True,False,True,True,True,True,keep,0.07561048933204043,4.047946453094482,178
change_to_right,True,False,False,True,False,True,True,True,True,swerve_left,0.002427077955933106,4.097245454788208,178
change_to_right,True,False,False,True,False,True,True,True,True,swerve_right,0.0020972473956851413,4.085360527038574,178
cruise,True,False,False,True,True,False,False,True,True,change_to_left,0.9110671281301118,4.002729654312134,179
cruise,True,False,False,True,True,False,False,True,True,change_to_right,0.9484151043149616,4.094415187835693,179
cruise,True,False,False,True,True,False,False,True,True,cruise,0.2186091659254832,4.012004137039185,179
cruise,True,False,False,True,True,False,False,True,True,keep,0.14461155316361765,3.9950857162475586,179
cruise,True,False,False,True,True,False,False,True,True,swerve_left,0.0025433536707264947,4.037610292434692,179
cruise,True,False,False,True,True,False,False,True,True,swerve_right,0.0026732519291102685,4.018331527709961,179
change_to_left,True,False,False,True,True,False,False,True,True,change_to_left,0.8762048520011309,4.026202917098999,180
change_to_left,True,False,False,True,True,False,False,True,True,change_to_right,0.9330647477303351,4.041236877441406,180
change_to_left,True,False,False,True,True,False,False,True,True,cruise,0.564596628617071,4.063520193099976,180
change_to_left,True,False,False,True,True,False,False,True,True,keep,0.11360360876617498,3.986833095550537,180
change_to_left,True,False,False,True,True,False,False,True,True,swerve_left,0.0022611009980226357,4.03379487991333,180
change_to_left,True,False,False,True,True,False,False,True,True,swerve_right,0.002292266445340482,4.038415193557739,180
change_to_right,True,False,False,True,True,False,False,True,True,change_to_left,0.9116147423253469,4.048769474029541,181
change_to_right,True,False,False,True,True,False,False,True,True,change_to_right,0.8792450005556303,4.033977746963501,181
change_to_right,True,False,False,True,True,False,False,True,True,cruise,0.6639928569106488,4.0989580154418945,181
change_to_right,True,False,False,True,True,False,False,True,True,keep,0.14258193303620575,4.019665241241455,181
change_to_right,True,False,False,True,True,False,False,True,True,swerve_left,0.0026092163031070587,4.013836860656738,181
change_to_right,True,False,False,True,True,False,False,True,True,swerve_right,0.0026067776196619817,4.0655529499053955,181
cruise,True,False,False,True,True,False,True,True,True,change_to_left,0.9316219842522392,4.139770269393921,182
cruise,True,False,False,True,True,False,True,True,True,change_to_right,0.9328819086015995,4.055549144744873,182
cruise,True,False,False,True,True,False,True,True,True,cruise,0.2188457644356605,4.103421926498413,182
cruise,True,False,False,True,True,False,True,True,True,keep,0.11357854980589932,4.105686187744141,182
cruise,True,False,False,True,True,False,True,True,True,swerve_left,0.0022612712694941215,4.078894853591919,182
cruise,True,False,False,True,True,False,True,True,True,swerve_right,0.002263169801808261,4.046558380126953,182
change_to_right,True,False,False,True,True,False,True,True,True,change_to_left,0.932254945846969,4.130018472671509,183
change_to_right,True,False,False,True,True,False,True,True,True,change_to_right,0.8795046773918569,4.0646655559539795,183
change_to_right,True,False,False,True,True,False,True,True,True,cruise,0.5631203347267697,4.107674837112427,183
change_to_right,True,False,False,True,True,False,True,True,True,keep,0.11274304079075784,4.101465463638306,183
change_to_right,True,False,False,True,True,False,True,True,True,swerve_left,0.0022402534724970174,4.154444932937622,183
change_to_right,True,False,False,True,True,False,True,True,True,swerve_right,0.0023417820484156167,4.054420232772827,183
change_to_left,True,False,False,True,True,True,False,True,True,change_to_left,0.8762851306452343,4.065979480743408,184
change_to_left,True,False,False,True,True,True,False,True,True,change_to_right,0.9278652128166827,4.05202317237854,184
change_to_left,True,False,False,True,True,True,False,True,True,cruise,0.5333959633621036,4.0281291007995605,184
change_to_left,True,False,False,True,True,True,False,True,True,keep,0.12780270095290572,4.058157444000244,184
change_to_left,True,False,False,True,True,True,False,True,True,swerve_left,0.044157792791781045,4.05005407333374,184
change_to_left,True,False,False,True,True,True,False,True,True,swerve_right,0.026192394797818708,4.014665365219116,184
cruise,True,False,False,True,True,True,False,True,True,change_to_left,0.90719139763395,4.011040449142456,185
cruise,True,False,False,True,True,True,False,True,True,change_to_right,0.9403145472777461,3.998354911804199,185
cruise,True,False,False,True,True,True,False,True,True,cruise,0.21870113422578302,4.004918098449707,185
cruise,True,False,False,True,True,True,False,True,True,keep,0.1595617349466244,4.003844976425171,185
cruise,True,False,False,True,True,True,False,True,True,swerve_left,0.05543753383046891,4.0192742347717285,185
cruise,True,False,False,True,True,True,False,True,True,swerve_right,0.03231695303328713,4.068569660186768,185
change_to_right,True,False,False,True,True,True,False,True,True,change_to_left,0.9072512025500673,4.012154579162598,186
change_to_right,True,False,False,True,True,True,False,True,True,change_to_right,0.8792669614449975,4.057984113693237,186
change_to_right,True,False,False,True,True,True,False,True,True,cruise,0.6131536620386411,4.055535078048706,186
change_to_right,True,False,False,True,True,True,False,True,True,keep,0.15970471901618885,4.0152833461761475,186
change_to_right,True,False,False,True,True,True,False,True,True,swerve_left,0.05553660373304747,4.020509243011475,186
change_to_right,True,False,False,True,True,True,False,True,True,swerve_right,0.03177560867053049,3.9961657524108887,186
cruise,True,False,False,True,True,True,True,True,True,change_to_left,0.9371124616960271,4.0372154712677,187
cruise,True,False,False,True,True,True,True,True,True,change_to_right,0.9278461470186457,4.1060192584991455,187
cruise,True,False,False,True,True,True,True,True,True,cruise,0.21869714506896665,4.042736291885376,187
cruise,True,False,False,True,True,True,True,True,True,keep,0.12570192036185368,4.062395811080933,187
cruise,True,False,False,True,True,True,True,True,True,swerve_left,0.04401999309506398,4.0161120891571045,187
cruise,True,False,False,True,True,True,True,True,True,swerve_right,0.02660861579356461,4.08605432510376,187
change_to_right,True,False,False,True,True,True,True,True,True,change_to_left,0.9364679970114166,4.216404914855957,188
change_to_right,True,False,False,True,True,True,True,True,True,change_to_right,0.8792651997350205,4.07086181640625,188
change_to_right,True,False,False,True,True,True,True,True,True,cruise,0.5367010646653737,4.070898532867432,188
change_to_right,True,False,False,True,True,True,True,True,True,keep,0.12537627923522732,4.101580858230591,188
change_to_right,True,False,False,True,True,True,True,True,True,swerve_left,0.043876375163957065,4.118945598602295,188
change_to_right,True,False,False,True,True,True,True,True,True,swerve_right,0.02589354505380828,4.0252439975738525,188
change_to_left,True,False,True,False,False,False,False,True,True,change_to_left,0.8760967196389947,4.034241437911987,189
change_to_left,True,False,True,False,False,False,False,True,True,change_to_right,0.9392970972417866,4.110579252243042,189
change_to_left,True,False,True,False,False,False,False,True,True,cruise,0.6135974356718793,4.008119821548462,189
change_to_left,True,False,True,False,False,False,False,True,True,keep,0.001222322234108648,4.089991331100464,189
change_to_left,True,False,True,False,False,False,False,True,True,swerve_left,0.0010392840398420428,4.1095569133758545,189
change_to_left,True,False,True,False,False,False,False,True,True,swerve_right,0.0012374730471274552,4.061145067214966,189
change_to_right,True,False,True,False,False,False,False,True,True,change_to_left,0.9381375650143169,4.056412220001221,190
change_to_right,True,False,True,False,False,False,False,True,True,change_to_right,0.8795609379354803,4.152681827545166,190
change_to_right,True,False,True,False,False,False,False,True,True,cruise,0.6095347014143193,4.064696311950684,190
change_to_right,True,False,True,False,False,False,False,True,True,keep,0.0012217268939323453,4.068984746932983,190
change_to_right,True,False,True,False,False,False,False,True,True,swerve_left,0.0010390261883487853,4.083528995513916,190
change_to_right,True,False,True,False,False,False,False,True,True,swerve_right,0.0012220189151976786,4.08842658996582,190
change_to_left,True,False,True,False,False,False,True,True,True,change_to_left,0.8762752461388011,4.132784128189087,191
change_to_left,True,False,True,False,False,False,True,True,True,change_to_right,0.9393991746646018,4.124952077865601,191
change_to_left,True,False,True,False,False,False,True,True,True,cruise,0.6126622984089933,4.091389894485474,191
change_to_left,True,False,True,False,False,False,True,True,True,keep,0.0011373544795110519,4.10076904296875,191
change_to_left,True,False,True,False,False,False,True,True,True,swerve_left,0.0010389975943673711,4.094908714294434,191
change_to_left,True,False,True,False,False,False,True,True,True,swerve_right,0.0012239386033905098,4.138952016830444,191
change_to_right,True,False,True,False,False,False,True,True,True,change_to_left,0.9378641956330127,4.07756781578064,192
change_to_right,True,False,True,False,False,False,True,True,True,change_to_right,0.879755959282273,4.102998495101929,192
change_to_right,True,False,True,False,False,False,True,True,True,cruise,0.6117951998076538,4.1329967975616455,192
change_to_right,True,False,True,False,False,False,True,True,True,keep,0.0011941493071646401,4.166986703872681,192
change_to_right,True,False,True,False,False,False,True,True,True,swerve_left,0.0010396874078164428,4.094371557235718,192
change_to_right,True,False,True,False,False,False,True,True,True,swerve_right,0.0012276499726962113,4.142334461212158,192
change_to_left,True,False,True,False,False,True,False,True,True,change_to_left,0.8766059013620384,4.046929121017456,193
change_to_left,True,False,True,False,False,True,False,True,True,change_to_right,0.912856311395689,4.1117002964019775,193
change_to_left,True,False,True,False,False,True,False,True,True,cruise,0.44013116388004897,4.081025123596191,193
change_to_left,True,False,True,False,False,True,False,True,True,keep,0.4408331989318335,4.07050633430481,193
change_to_left,True,False,True,False,False,True,False,True,True,swerve_left,0.0010361501009545652,4.08366847038269,193
change_to_left,True,False,True,False,False,True,False,True,True,swerve_right,0.0016650172244898297,4.04934549331665,193
change_to_right,True,False,True,False,False,True,False,True,True,change_to_left,0.9106351031185365,4.099148750305176,194
change_to_right,True,False,True,False,False,True,False,True,True,change_to_right,0.8792800061366952,4.091202020645142,194
change_to_right,True,False,True,False,False,True,False,True,True,cruise,0.4408568361145539,4.092175722122192,194
change_to_right,True,False,True,False,False,True,False,True,True,keep,0.43827434135842946,4.168376684188843,194
change_to_right,True,False,True,False,False,True,False,True,True,swerve_left,0.0010361726864725283,4.100059509277344,194
change_to_right,True,False,True,False,False,True,False,True,True,swerve_right,0.001677637737905451,4.126110076904297,194
change_to_left,True,False,True,False,False,True,True,True,True,change_to_left,0.8763893593044576,4.075709342956543,195
change_to_left,True,False,True,False,False,True,True,True,True,change_to_right,0.9133305520465637,4.108367919921875,195
change_to_left,True,False,True,False,False,True,True,True,True,cruise,0.4404566045243379,4.116445779800415,195
change_to_left,True,False,True,False,False,True,True,True,True,keep,0.4380760764116589,4.078312873840332,195
change_to_left,True,False,True,False,False,True,True,True,True,swerve_left,0.0010356170562865836,4.076554536819458,195
change_to_left,True,False,True,False,False,True,True,True,True,swerve_right,0.0016737037317463132,4.099398851394653,195
change_to_right,True,False,True,False,False,True,True,True,True,change_to_left,0.911141080493584,4.112415790557861,196
change_to_right,True,False,True,False,False,True,True,True,True,change_to_right,0.879346776264271,4.121359825134277,196
change_to_right,True,False,True,False,False,True,True,True,True,cruise,0.44000789197879725,4.109131097793579,196
change_to_right,True,False,True,False,False,True,True,True,True,keep,0.43615330166106037,4.127188444137573,196
change_to_right,True,False,True,False,False,True,True,True,True,swerve_left,0.0010355459932634503,4.1032679080963135,196
change_to_right,True,False,True,False,False,True,True,True,True,swerve_right,0.0016245153375618181,4.215987205505371,196
change_to_left,True,False,True,False,True,False,False,True,True,change_to_left,0.8763298011112315,4.081371784210205,197
change_to_left,True,False,True,False,True,False,False,True,True,change_to_right,0.9315140259875611,4.145217180252075,197
change_to_left,True,False,True,False,True,False,False,True,True,cruise,0.5616147880949564,4.074163436889648,197
change_to_left,True,False,True,False,True,False,False,True,True,keep,0.13042579620365538,4.0720813274383545,197
change_to_left,True,False,True,False,True,False,False,True,True,swerve_left,0.0014409790507619626,4.100636720657349,197
change_to_left,True,False,True,False,True,False,False,True,True,swerve_right,0.0024920771462515995,4.105581045150757,197
change_to_right,True,False,True,False,True,False,False,True,True,change_to_left,0.9294096994844682,4.158135890960693,198
change_to_right,True,False,True,False,True,False,False,True,True,change_to_right,0.879476483233156,4.131967067718506,198
change_to_right,True,False,True,False,True,False,False,True,True,cruise,0.5620899307125564,4.0537285804748535,198
change_to_right,True,False,True,False,True,False,False,True,True,keep,0.13038397670602228,4.1214823722839355,198
change_to_right,True,False,True,False,True,False,False,True,True,swerve_left,0.0014128993566773686,4.094350337982178,198
change_to_right,True,False,True,False,True,False,False,True,True,swerve_right,0.0024022574261620727,4.1439807415008545,198
change_to_left,True,False,True,False,True,False,True,True,True,change_to_left,0.8763420720212998,4.248515605926514,199
change_to_left,True,False,True,False,True,False,True,True,True,change_to_right,0.9317421799499638,4.0769946575164795,199
change_to_left,True,False,True,False,True,False,True,True,True,cruise,0.557864296605997,4.146680593490601,199
change_to_left,True,False,True,False,True,False,True,True,True,keep,0.1314878785698302,4.170598745346069,199
change_to_left,True,False,True,False,True,False,True,True,True,swerve_left,0.001439845078497519,4.15386700630188,199
change_to_left,True,False,True,False,True,False,True,True,True,swerve_right,0.002366492587441626,4.125074863433838,199
change_to_right,True,False,True,False,True,False,True,True,True,change_to_left,0.9300176800283063,4.050536870956421,200
change_to_right,True,False,True,False,True,False,True,True,True,change_to_right,0.8795477286830604,4.080362558364868,200
change_to_right,True,False,True,False,True,False,True,True,True,cruise,0.5586340156372959,4.100756406784058,200
change_to_right,True,False,True,False,True,False,True,True,True,keep,0.13132670940392482,4.151879549026489,200
change_to_right,True,False,True,False,True,False,True,True,True,swerve_left,0.0014147705039762573,4.135432720184326,200
change_to_right,True,False,True,False,True,False,True,True,True,swerve_right,0.0024590710444768516,4.163962125778198,200
change_to_left,True,False,True,False,True,True,False,True,True,change_to_left,0.8759561612179684,4.0776588916778564,201
change_to_left,True,False,True,False,True,True,False,True,True,change_to_right,0.8940431248890423,4.084933280944824,201
change_to_left,True,False,True,False,True,True,False,True,True,cruise,0.314124087522695,4.043477535247803,201
change_to_left,True,False,True,False,True,True,False,True,True,keep,0.7622517759985178,4.060018301010132,201
change_to_left,True,False,True,False,True,True,False,True,True,swerve_left,0.0013874798248253968,4.078317642211914,201
change_to_left,True,False,True,False,True,True,False,True,True,swerve_right,0.0024703670358347833,4.075218677520752,201
change_to_right,True,False,True,False,True,True,False,True,True,change_to_left,0.8905840177713137,4.0601091384887695,202
change_to_right,True,False,True,False,True,True,False,True,True,change_to_right,0.8795644174110859,4.021915435791016,202
change_to_right,True,False,True,False,True,True,False,True,True,cruise,0.3136679238828211,4.043709754943848,202
change_to_right,True,False,True,False,True,True,False,True,True,keep,0.7632573272598803,4.020766735076904,202
change_to_right,True,False,True,False,True,True,False,True,True,swerve_left,0.0013818855950433915,3.9920263290405273,202
change_to_right,True,False,True,False,True,True,False,True,True,swerve_right,0.0025142191662949408,4.038426399230957,202
change_to_left,True,False,True,False,True,True,True,True,True,change_to_left,0.8761650764927391,4.1193413734436035,203
change_to_left,True,False,True,False,True,True,True,True,True,change_to_right,0.8936191740785295,4.073172569274902,203
change_to_left,True,False,True,False,True,True,True,True,True,cruise,0.3152174208929701,4.112531900405884,203
change_to_left,True,False,True,False,True,True,True,True,True,keep,0.7615248346455183,4.08921480178833,203
change_to_left,True,False,True,False,True,True,True,True,True,swerve_left,0.0013557653057833334,4.128139019012451,203
change_to_left,True,False,True,False,True,True,True,True,True,swerve_right,0.002516501649086751,4.0879225730896,203
change_to_right,True,False,True,False,True,True,True,True,True,change_to_left,0.8910873379668627,4.203952789306641,204
change_to_right,True,False,True,False,True,True,True,True,True,change_to_right,0.8794619363088816,4.058747053146362,204
change_to_right,True,False,True,False,True,True,True,True,True,cruise,0.3136329226916002,4.163523435592651,204
change_to_right,True,False,True,False,True,True,True,True,True,keep,0.7618556546530838,4.12182354927063,204
change_to_right,True,False,True,False,True,True,True,True,True,swerve_left,0.0013683054604294899,4.138406753540039,204
change_to_right,True,False,True,False,True,True,True,True,True,swerve_right,0.0024818060023239657,4.117886543273926,204
change_to_left,True,False,True,True,False,False,False,True,True,change_to_left,0.87646781805852,3.9909346103668213,205
change_to_left,True,False,True,True,False,False,False,True,True,change_to_right,0.9399408118979405,4.020765066146851,205
change_to_left,True,False,True,True,False,False,False,True,True,cruise,0.6092379576704154,4.058492422103882,205
change_to_left,True,False,True,True,False,False,False,True,True,keep,0.0011376458315469306,4.018467426300049,205
change_to_left,True,False,True,True,False,False,False,True,True,swerve_left,0.0010740168393515213,4.0835654735565186,205
change_to_left,True,False,True,True,False,False,False,True,True,swerve_right,0.0014948795527102044,4.031680107116699,205
change_to_right,True,False,True,True,False,False,False,True,True,change_to_left,0.9171948862819256,4.02502703666687,206
change_to_right,True,False,True,True,False,False,False,True,True,change_to_right,0.879571750833926,4.025887966156006,206
change_to_right,True,False,True,True,False,False,False,True,True,cruise,0.7406649197272764,4.0313239097595215,206
change_to_right,True,False,True,True,False,False,False,True,True,keep,0.001220525348218903,4.024221897125244,206
change_to_right,True,False,True,True,False,False,False,True,True,swerve_left,0.0010965682922503758,4.019773960113525,206
change_to_right,True,False,True,True,False,False,False,True,True,swerve_right,0.0016130657138849096,4.048335790634155,206
change_to_right,True,False,True,True,False,False,True,True,True,change_to_left,0.9386540829379649,4.09920859336853,207
change_to_right,True,False,True,True,False,False,True,True,True,change_to_right,0.8795442028299411,4.0802247524261475,207
change_to_right,True,False,True,True,False,False,True,True,True,cruise,0.6094980837199198,4.126398086547852,207
change_to_right,True,False,True,True,False,False,True,True,True,keep,0.0011648426954512514,4.163105487823486,207
change_to_right,True,False,True,True,False,False,True,True,True,swerve_left,0.001073989427743496,4.109264850616455,207
change_to_right,True,False,True,True,False,False,True,True,True,swerve_right,0.0015474634424598463,4.117794990539551,207
change_to_left,True,False,True,True,False,True,False,True,True,change_to_left,0.8763060028348897,3.3789377212524414,208
change_to_left,True,False,True,True,False,True,False,True,True,change_to_right,0.9993490924422688,3.3475003242492676,208
change_to_left,True,False,True,True,False,True,False,True,True,cruise,0.22489501909710835,3.3173484802246094,208
change_to_left,True,False,True,True,False,True,False,True,True,keep,0.0017470789400712272,3.3867228031158447,208
change_to_left,True,False,True,True,False,True,False,True,True,swerve_left,0.0010187184541934039,3.3783297538757324,208
change_to_left,True,False,True,True,False,True,False,True,True,swerve_right,0.0011396517670509592,3.413226842880249,208
change_to_right,True,False,True,True,False,True,False,True,True,change_to_left,0.932910500965356,3.314774751663208,209
change_to_right,True,False,True,True,False,True,False,True,True,change_to_right,0.8797373458354101,3.3538105487823486,209
change_to_right,True,False,True,True,False,True,False,True,True,cruise,0.5836183513974698,3.362769842147827,209
change_to_right,True,False,True,True,False,True,False,True,True,keep,0.07572858275791684,3.3536791801452637,209
change_to_right,True,False,True,True,False,True,False,True,True,swerve_left,0.002459485601453846,3.370839834213257,209
change_to_right,True,False,True,True,False,True,False,True,True,swerve_right,0.0020240275120094204,3.4241809844970703,209
change_to_right,True,False,True,True,False,True,True,True,True,change_to_left,0.934282319504319,4.065749406814575,210
change_to_right,True,False,True,True,False,True,True,True,True,change_to_right,0.8795519679413912,4.08437442779541,210
change_to_right,True,False,True,True,False,True,True,True,True,cruise,0.5811681310174193,4.0771238803863525,210
change_to_right,True,False,True,True,False,True,True,True,True,keep,0.07521652490577062,4.105670928955078,210
change_to_right,True,False,True,True,False,True,True,True,True,swerve_left,0.002377557719818853,4.143243312835693,210
change_to_right,True,False,True,True,False,True,True,True,True,swerve_right,0.002096880839094415,4.160797119140625,210
change_to_left,True,False,True,True,True,False,False,True,True,change_to_left,0.8763014134199799,4.034444093704224,211
change_to_left,True,False,True,True,True,False,False,True,True,change_to_right,0.932752120024293,4.05980658531189,211
change_to_left,True,False,True,True,True,False,False,True,True,cruise,0.5666936216355718,4.052174806594849,211
change_to_left,True,False,True,True,True,False,False,True,True,keep,0.11304911086476895,4.053256988525391,211
change_to_left,True,False,True,True,True,False,False,True,True,swerve_left,0.002164469541660237,4.020396709442139,211
change_to_left,True,False,True,True,True,False,False,True,True,swerve_right,0.0023180300835550045,4.011798143386841,211
change_to_right,True,False,True,True,True,False,False,True,True,change_to_left,0.9113809025261359,4.0031328201293945,212
change_to_right,True,False,True,True,True,False,False,True,True,change_to_right,0.8796660313543094,4.029459476470947,212
change_to_right,True,False,True,True,True,False,False,True,True,cruise,0.6644751203576493,4.005694389343262,212
change_to_right,True,False,True,True,True,False,False,True,True,keep,0.14435240062958024,4.065200567245483,212
change_to_right,True,False,True,True,True,False,False,True,True,swerve_left,0.002622248339269605,4.038447856903076,212
change_to_right,True,False,True,True,True,False,False,True,True,swerve_right,0.0025272947682904645,4.03272819519043,212
change_to_right,True,False,True,True,True,False,True,True,True,change_to_left,0.9333731674022312,4.171536922454834,213
change_to_right,True,False,True,True,True,False,True,True,True,change_to_right,0.8796852089462064,4.043143272399902,213
change_to_right,True,False,True,True,True,False,True,True,True,cruise,0.5636942348404284,4.047694444656372,213
change_to_right,True,False,True,True,True,False,True,True,True,keep,0.11247730474314908,4.111474514007568,213
change_to_right,True,False,True,True,True,False,True,True,True,swerve_left,0.002275489276381941,4.101929187774658,213
change_to_right,True,False,True,True,True,False,True,True,True,swerve_right,0.0022036385664911664,4.114532470703125,213
change_to_left,True,False,True,True,True,True,False,True,True,change_to_left,0.8762649597328396,4.006805658340454,214
change_to_left,True,False,True,True,True,True,False,True,True,change_to_right,0.9290089443615813,4.019961595535278,214
change_to_left,True,False,True,True,True,True,False,True,True,cruise,0.5306755598633262,4.055042028427124,214
change_to_left,True,False,True,True,True,True,False,True,True,keep,0.12664603974417887,4.068615674972534,214
change_to_left,True,False,True,True,True,True,False,True,True,swerve_left,0.04353819845178079,4.050021648406982,214
change_to_left,True,False,True,True,True,True,False,True,True,swerve_right,0.025813960949358478,4.069828510284424,214
change_to_right,True,False,True,True,True,True,False,True,True,change_to_left,0.9070789748515108,4.0098557472229,215
change_to_right,True,False,True,True,True,True,False,True,True,change_to_right,0.8797676849101822,4.0336713790893555,215
change_to_right,True,False,True,True,True,True,False,True,True,cruise,0.6155349145827942,4.129615783691406,215
change_to_right,True,False,True,True,True,True,False,True,True,keep,0.16179633609809851,4.028599500656128,215
change_to_right,True,False,True,True,True,True,False,True,True,swerve_left,0.05425070812596434,4.0934202671051025,215
change_to_right,True,False,True,True,True,True,False,True,True,swerve_right,0.03168312773473429,4.069658517837524,215
change_to_right,True,False,True,True,True,True,True,True,True,change_to_left,0.934854997063275,4.115962505340576,216
change_to_right,True,False,True,True,True,True,True,True,True,change_to_right,0.8791941567860726,4.136529445648193,216
change_to_right,True,False,True,True,True,True,True,True,True,cruise,0.5355658391970481,4.139226675033569,216
change_to_right,True,False,True,True,True,True,True,True,True,keep,0.12887163614664074,4.143406629562378,216
change_to_right,True,False,True,True,True,True,True,True,True,swerve_left,0.044103268803956486,4.093376159667969,216
change_to_right,True,False,True,True,True,True,True,True,True,swerve_right,0.025995693352845444,4.099011182785034,216
change_to_left,True,True,False,False,False,False,False,True,True,change_to_left,0.8765471199823519,4.010296821594238,217
change_to_left,True,True,False,False,False,False,False,True,True,change_to_right,0.9398643510917053,4.029999256134033,217
change_to_left,True,True,False,False,False,False,False,True,True,cruise,0.6093071821190243,4.0963122844696045,217
change_to_left,True,True,False,False,False,False,False,True,True,keep,0.0010267494421485517,4.0367772579193115,217
change_to_left,True,True,False,False,False,False,False,True,True,swerve_left,0.0010394826606415113,4.01858925819397,217
change_to_left,True,True,False,False,False,False,False,True,True,swerve_right,0.0012168814152108305,4.028518438339233,217
cruise,True,True,False,False,False,False,False,True,True,change_to_left,0.9380796850648311,4.025006294250488,218
cruise,True,True,False,False,False,False,False,True,True,change_to_right,0.939627528941175,4.071091413497925,218
cruise,True,True,False,False,False,False,False,True,True,cruise,0.21872985992964122,3.994656562805176,218
cruise,True,True,False,False,False,False,False,True,True,keep,0.0010267364670350334,4.017639636993408,218
cruise,True,True,False,False,False,False,False,True,True,swerve_left,0.0010467336804537305,4.063255071640015,218
cruise,True,True,False,False,False,False,False,True,True,swerve_right,0.0012375177318255848,4.051253318786621,218
change_to_right,True,True,False,False,False,False,False,True,True,change_to_left,0.9380406179510264,4.02904748916626,219
change_to_right,True,True,False,False,False,False,False,True,True,change_to_right,0.8794057445420936,4.007674932479858,219
change_to_right,True,True,False,False,False,False,False,True,True,cruise,0.6103994202764487,4.026877164840698,219
change_to_right,True,True,False,False,False,False,False,True,True,keep,0.0010265774213824733,4.034702301025391,219
change_to_right,True,True,False,False,False,False,False,True,True,swerve_left,0.0010392287334439055,4.093601703643799,219
change_to_right,True,True,False,False,False,False,False,True,True,swerve_right,0.0012071311002094672,4.057181119918823,219
change_to_left,True,True,False,False,False,False,True,True,True,change_to_left,0.8760077985807335,4.082924127578735,220
change_to_left,True,True,False,False,False,False,True,True,True,change_to_right,0.9396526951485161,4.160658121109009,220
change_to_left,True,True,False,False,False,False,True,True,True,cruise,0.6097450966596273,4.069467544555664,220
change_to_left,True,True,False,False,False,False,True,True,True,keep,0.0011376016001215384,4.067111968994141,220
change_to_left,True,True,False,False,False,False,True,True,True,swerve_left,0.0010465122640172099,4.095043659210205,220
change_to_left,True,True,False,False,False,False,True,True,True,swerve_right,0.001236361944203289,4.0861124992370605,220
cruise,True,True,False,False,False,False,True,True,True,change_to_left,0.9377040365520901,4.037108898162842,221
cruise,True,True,False,False,False,False,True,True,True,change_to_right,0.9399494350669755,4.045783519744873,221
cruise,True,True,False,False,False,False,True,True,True,cruise,0.2187484085123362,4.0493974685668945,221
cruise,True,True,False,False,False,False,True,True,True,keep,0.001193085922555549,4.052356004714966,221
cruise,True,True,False,False,False,False,True,True,True,swerve_left,0.0010319167346827165,4.069263696670532,221
cruise,True,True,False,False,False,False,True,True,True,swerve_right,0.0012160135669026144,4.160491704940796,221
change_to_right,True,True,False,False,False,False,True,True,True,change_to_left,0.9379880585291367,4.095552444458008,222
change_to_right,True,True,False,False,False,False,True,True,True,change_to_right,0.8796863304282021,4.134040594100952,222
change_to_right,True,True,False,False,False,False,True,True,True,cruise,0.6089765578788497,4.110896825790405,222
change_to_right,True,True,False,False,False,False,True,True,True,keep,0.0011664356881595636,4.043762922286987,222
change_to_right,True,True,False,False,False,False,True,True,True,swerve_left,0.0010466204736432317,4.085109710693359,222
change_to_right,True,True,False,False,False,False,True,True,True,swerve_right,0.001223894019948976,4.060155153274536,222
change_to_left,True,True,False,False,False,True,False,True,True,change_to_left,0.8765196279043793,4.024787425994873,223
change_to_left,True,True,False,False,False,True,False,True,True,change_to_right,0.917613201078284,3.994142532348633,223
change_to_left,True,True,False,False,False,True,False,True,True,cruise,0.46871145000515363,4.052100658416748,223
change_to_left,True,True,False,False,False,True,False,True,True,keep,0.36360833875997517,4.078920364379883,223
change_to_left,True,True,False,False,False,True,False,True,True,swerve_left,0.0010215868684963429,4.042553663253784,223
change_to_left,True,True,False,False,False,True,False,True,True,swerve_right,0.001692808866221587,3.8568294048309326,223
cruise,True,True,False,False,False,True,False,True,True,change_to_left,0.9186200679067706,3.9009854793548584,224
cruise,True,True,False,False,False,True,False,True,True,change_to_right,0.9163572633308811,3.850262403488159,224
cruise,True,True,False,False,False,True,False,True,True,cruise,0.21841036448081075,3.8407654762268066,224
cruise,True,True,False,False,False,True,False,True,True,keep,0.35371945874490046,3.886397361755371,224
cruise,True,True,False,False,False,True,False,True,True,swerve_left,0.0010388413221857557,3.8697316646575928,224
cruise,True,True,False,False,False,True,False,True,True,swerve_right,0.0015908383697226937,3.859575033187866,224
change_to_right,True,True,False,False,False,True,False,True,True,change_to_left,0.9182360135696206,3.840937376022339,225
change_to_right,True,True,False,False,False,True,False,True,True,change_to_right,0.8792895239684062,3.845106840133667,225
change_to_right,True,True,False,False,False,True,False,True,True,cruise,0.45993525763360404,3.852321147918701,225
change_to_right,True,True,False,False,False,True,False,True,True,keep,0.351481983333632,3.8388571739196777,225
change_to_right,True,True,False,False,False,True,False,True,True,swerve_left,0.0010390987316649565,3.8395652770996094,225
change_to_right,True,True,False,False,False,True,False,True,True,swerve_right,0.0016731617476797567,3.8489012718200684,225
change_to_left,True,True,False,False,False,True,True,True,True,change_to_left,0.8757898407527832,3.8813037872314453,226
change_to_left,True,True,False,False,False,True,True,True,True,change_to_right,0.9584676830495822,3.928863525390625,226
change_to_left,True,True,False,False,False,True,True,True,True,cruise,0.36734980047877325,3.8591105937957764,226
change_to_left,True,True,False,False,False,True,True,True,True,keep,0.15457908422169842,3.8894593715667725,226
change_to_left,True,True,False,False,False,True,True,True,True,swerve_left,0.0018430582372022971,3.9011006355285645,226
change_to_left,True,True,False,False,False,True,True,True,True,swerve_right,0.0016727325408607634,3.89052152633667,226
cruise,True,True,False,False,False,True,True,True,True,change_to_left,0.9140489527850055,3.8846142292022705,227
cruise,True,True,False,False,False,True,True,True,True,change_to_right,0.9472018437938708,3.880627393722534,227
cruise,True,True,False,False,False,True,True,True,True,cruise,0.2187155049257693,3.837684392929077,227
cruise,True,True,False,False,False,True,True,True,True,keep,0.13110310700976696,3.8400723934173584,227
cruise,True,True,False,False,False,True,True,True,True,swerve_left,0.0017047689085290068,3.840240955352783,227
cruise,True,True,False,False,False,True,True,True,True,swerve_right,0.0015917971394574866,3.845858335494995,227
change_to_right,True,True,False,False,False,True,True,True,True,change_to_left,0.9392111386904075,3.863060235977173,228
change_to_right,True,True,False,False,False,True,True,True,True,change_to_right,0.8792104323582403,3.8368473052978516,228
change_to_right,True,True,False,False,False,True,True,True,True,cruise,0.42987098046728645,3.9071450233459473,228
change_to_right,True,True,False,False,False,True,True,True,True,keep,0.2178096118153534,3.86614990234375,228
change_to_right,True,True,False,False,False,True,True,True,True,swerve_left,0.002174922542256031,3.869549512863159,228
change_to_right,True,True,False,False,False,True,True,True,True,swerve_right,0.0018992924784022379,3.885103225708008,228
change_to_left,True,True,False,False,True,False,False,True,True,change_to_left,0.8763652204050798,3.8508548736572266,229
change_to_left,True,True,False,False,True,False,False,True,True,change_to_right,0.9331587687334129,3.8480427265167236,229
change_to_left,True,True,False,False,True,False,False,True,True,cruise,0.5947542347336301,3.8864994049072266,229
change_to_left,True,True,False,False,True,False,False,True,True,keep,0.0726606878777399,3.8234689235687256,229
change_to_left,True,True,False,False,True,False,False,True,True,swerve_left,0.0013035983363404824,3.839850902557373,229
change_to_left,True,True,False,False,True,False,False,True,True,swerve_right,0.002387995542123284,3.8494231700897217,229
cruise,True,True,False,False,True,False,False,True,True,change_to_left,0.9366990015813066,3.8572328090667725,230
cruise,True,True,False,False,True,False,False,True,True,change_to_right,0.9326520536833868,3.8465158939361572,230
cruise,True,True,False,False,True,False,False,True,True,cruise,0.21853684250260308,3.8872668743133545,230
cruise,True,True,False,False,True,False,False,True,True,keep,0.0699162752399856,3.8946001529693604,230
cruise,True,True,False,False,True,False,False,True,True,swerve_left,0.0012712088278214254,3.875523090362549,230
cruise,True,True,False,False,True,False,False,True,True,swerve_right,0.0021808896098189346,3.848440170288086,230
change_to_right,True,True,False,False,True,False,False,True,True,change_to_left,0.9353828594682293,3.8628807067871094,231
change_to_right,True,True,False,False,True,False,False,True,True,change_to_right,0.8797595866748353,3.852686882019043,231
change_to_right,True,True,False,False,True,False,False,True,True,cruise,0.5727274512421945,3.8466217517852783,231
change_to_right,True,True,False,False,True,False,False,True,True,keep,0.06830876198651163,3.8630330562591553,231
change_to_right,True,True,False,False,True,False,False,True,True,swerve_left,0.0012373994278494225,3.853606700897217,231
change_to_right,True,True,False,False,True,False,False,True,True,swerve_right,0.0022383375704685543,3.8471550941467285,231
change_to_left,True,True,False,False,True,False,True,True,True,change_to_left,0.8761280250685106,3.8414995670318604,232
change_to_left,True,True,False,False,True,False,True,True,True,change_to_right,0.9308785638838889,3.8948493003845215,232
change_to_left,True,True,False,False,True,False,True,True,True,cruise,0.617631760691565,3.8806676864624023,232
change_to_left,True,True,False,False,True,False,True,True,True,keep,0.061893427337126265,3.8765676021575928,232
change_to_left,True,True,False,False,True,False,True,True,True,swerve_left,0.0013382920139463957,3.9758872985839844,232
change_to_left,True,True,False,False,True,False,True,True,True,swerve_right,0.0023081766530424113,3.940199613571167,232
cruise,True,True,False,False,True,False,True,True,True,change_to_left,0.9339881097988135,3.892662286758423,233
cruise,True,True,False,False,True,False,True,True,True,change_to_right,0.9355554585491402,3.940444231033325,233
cruise,True,True,False,False,True,False,True,True,True,cruise,0.21867810695508252,3.9053585529327393,233
cruise,True,True,False,False,True,False,True,True,True,keep,0.06632612798631869,3.9237570762634277,233
cruise,True,True,False,False,True,False,True,True,True,swerve_left,0.0013397842162614446,3.922417640686035,233
cruise,True,True,False,False,True,False,True,True,True,swerve_right,0.002378042541000679,3.8702125549316406,233
change_to_right,True,True,False,False,True,False,True,True,True,change_to_left,0.9291503702028101,3.924576997756958,234
change_to_right,True,True,False,False,True,False,True,True,True,change_to_right,0.8793108822619758,3.8856263160705566,234
change_to_right,True,True,False,False,True,False,True,True,True,cruise,0.6187603360406687,3.8903069496154785,234
change_to_right,True,True,False,False,True,False,True,True,True,keep,0.06003544251756355,3.9090616703033447,234
change_to_right,True,True,False,False,True,False,True,True,True,swerve_left,0.0012632179011149935,3.899399995803833,234
change_to_right,True,True,False,False,True,False,True,True,True,swerve_right,0.00229504281758292,3.8840396404266357,234
change_to_left,True,True,False,False,True,True,False,True,True,change_to_left,0.8757284246107939,3.9333906173706055,235
change_to_left,True,True,False,False,True,True,False,True,True,change_to_right,0.8943771485676424,3.8642780780792236,235
change_to_left,True,True,False,False,True,True,False,True,True,cruise,0.3748143444560902,3.8783318996429443,235
change_to_left,True,True,False,False,True,True,False,True,True,keep,0.6735287210406725,3.860078811645508,235
change_to_left,True,True,False,False,True,True,False,True,True,swerve_left,0.0013337692485196108,3.858499050140381,235
change_to_left,True,True,False,False,True,True,False,True,True,swerve_right,0.0023421014663508252,3.8472399711608887,235
cruise,True,True,False,False,True,True,False,True,True,change_to_left,0.9008581756231419,3.863035202026367,236
cruise,True,True,False,False,True,True,False,True,True,change_to_right,0.8942424588656334,3.8831839561462402,236
cruise,True,True,False,False,True,True,False,True,True,cruise,0.21743319874214145,3.8474082946777344,236
cruise,True,True,False,False,True,True,False,True,True,keep,0.6782635043957439,3.856238842010498,236
cruise,True,True,False,False,True,True,False,True,True,swerve_left,0.0013092864893361614,3.8604190349578857,236
cruise,True,True,False,False,True,True,False,True,True,swerve_right,0.002338748711598908,3.8488574028015137,236
change_to_right,True,True,False,False,True,True,False,True,True,change_to_left,0.8988636923139685,3.923488140106201,237
change_to_right,True,True,False,False,True,True,False,True,True,change_to_right,0.8792018314899438,3.875063896179199,237
change_to_right,True,True,False,False,True,True,False,True,True,cruise,0.36510375722989663,3.8788344860076904,237
change_to_right,True,True,False,False,True,True,False,True,True,keep,0.6283626447241407,3.909817695617676,237
change_to_right,True,True,False,False,True,True,False,True,True,swerve_left,0.0012804649898151698,3.864981174468994,237
change_to_right,True,True,False,False,True,True,False,True,True,swerve_right,0.002237418096932793,3.839827299118042,237
change_to_left,True,True,False,False,True,True,True,True,True,change_to_left,0.8756426675506169,3.8187429904937744,238
change_to_left,True,True,False,False,True,True,True,True,True,change_to_right,0.9344500806650919,3.8287055492401123,238
change_to_left,True,True,False,False,True,True,True,True,True,cruise,0.3686321878088674,3.8336129188537598,238
change_to_left,True,True,False,False,True,True,True,True,True,keep,0.3494864640146258,3.8352577686309814,238
change_to_left,True,True,False,False,True,True,True,True,True,swerve_left,0.0012591417738552274,3.8386974334716797,238
change_to_left,True,True,False,False,True,True,True,True,True,swerve_right,0.0023293484914452653,3.8477120399475098,238
cruise,True,True,False,False,True,True,True,True,True,change_to_left,0.9153842255880311,3.8165528774261475,239
cruise,True,True,False,False,True,True,True,True,True,change_to_right,0.9259056851414442,3.9007527828216553,239
cruise,True,True,False,False,True,True,True,True,True,cruise,0.21712882695181637,3.8274149894714355,239
cruise,True,True,False,False,True,True,True,True,True,keep,0.2920344804588142,3.929236650466919,239
cruise,True,True,False,False,True,True,True,True,True,swerve_left,0.0012024580469846486,3.859278678894043,239
cruise,True,True,False,False,True,True,True,True,True,swerve_right,0.0021464730626848524,3.8570244312286377,239
change_to_right,True,True,False,False,True,True,True,True,True,change_to_left,0.9281284687457847,3.8514180183410645,240
change_to_right,True,True,False,False,True,True,True,True,True,change_to_right,0.8798383078924293,3.873528003692627,240
change_to_right,True,True,False,False,True,True,True,True,True,cruise,0.37888504562224634,3.8536388874053955,240
change_to_right,True,True,False,False,True,True,True,True,True,keep,0.37190586830931327,3.8722496032714844,240
change_to_right,True,True,False,False,True,True,True,True,True,swerve_left,0.0012637401871470504,3.8625428676605225,240
change_to_right,True,True,False,False,True,True,True,True,True,swerve_right,0.002366970479487141,3.8240835666656494,240
cruise,True,True,False,True,False,False,False,True,True,change_to_left,0.9178847617750929,3.83978009223938,241
cruise,True,True,False,True,False,False,False,True,True,change_to_right,0.9593052796544242,3.8416907787323,241
cruise,True,True,False,True,False,False,False,True,True,cruise,0.21904549207126683,3.837484836578369,241
cruise,True,True,False,True,False,False,False,True,True,keep,0.0010733638987548008,3.838122844696045,241
cruise,True,True,False,True,False,False,False,True,True,swerve_left,0.0010786394494048958,3.844820737838745,241
cruise,True,True,False,True,False,False,False,True,True,swerve_right,0.0016528510339242715,3.8670811653137207,241
change_to_left,True,True,False,True,False,False,False,True,True,change_to_left,0.8760006261796642,3.834054946899414,242
change_to_left,True,True,False,True,False,False,False,True,True,change_to_right,0.9395723789552415,3.9098145961761475,242
change_to_left,True,True,False,True,False,False,False,True,True,cruise,0.6102155056010629,3.9131550788879395,242
change_to_left,True,True,False,True,False,False,False,True,True,keep,0.001026789654531642,3.869673013687134,242
change_to_left,True,True,False,True,False,False,False,True,True,swerve_left,0.0010879456707643404,3.8689613342285156,242
change_to_left,True,True,False,True,False,False,False,True,True,swerve_right,0.0014915630913264898,3.8547563552856445,242
change_to_right,True,True,False,True,False,False,False,True,True,change_to_left,0.9176029170743945,3.8321664333343506,243
change_to_right,True,True,False,True,False,False,False,True,True,change_to_right,0.8798329806750862,3.842210292816162,243
change_to_right,True,True,False,True,False,False,False,True,True,cruise,0.7390854576927989,3.8951163291931152,243
change_to_right,True,True,False,True,False,False,False,True,True,keep,0.0010728374254104,3.8524792194366455,243
change_to_right,True,True,False,True,False,False,False,True,True,swerve_left,0.0011155669514268135,3.8305506706237793,243
change_to_right,True,True,False,True,False,False,False,True,True,swerve_right,0.001611485921085691,3.898308515548706,243
cruise,True,True,False,True,False,False,True,True,True,change_to_left,0.9388228115476566,3.9818384647369385,244
cruise,True,True,False,True,False,False,True,True,True,change_to_right,0.9396125046393164,3.8635306358337402,244
cruise,True,True,False,True,False,False,True,True,True,cruise,0.2184992732761382,3.970227003097534,244
cruise,True,True,False,True,False,False,True,True,True,keep,0.0011657878419478302,3.979884386062622,244
cruise,True,True,False,True,False,False,True,True,True,swerve_left,0.0010744152656002525,3.9129536151885986,244
cruise,True,True,False,True,False,False,True,True,True,swerve_right,0.0014351969593498586,3.9386372566223145,244
change_to_right,True,True,False,True,False,False,True,True,True,change_to_left,0.9383059365637708,3.9068098068237305,245
change_to_right,True,True,False,True,False,False,True,True,True,change_to_right,0.8794617217173977,3.922790050506592,245
change_to_right,True,True,False,True,False,False,True,True,True,cruise,0.6105695468817188,3.892673969268799,245
change_to_right,True,True,False,True,False,False,True,True,True,keep,0.0011375043396525616,3.9106040000915527,245
change_to_right,True,True,False,True,False,False,True,True,True,swerve_left,0.0010876149889365596,3.9146976470947266,245
change_to_right,True,True,False,True,False,False,True,True,True,swerve_right,0.0014099978578239354,3.9343602657318115,245
change_to_left,True,True,False,True,False,True,False,True,True,change_to_left,0.8761142572414262,3.2128098011016846,246
change_to_left,True,True,False,True,False,True,False,True,True,change_to_right,0.9994014819674524,3.2645602226257324,246
change_to_left,True,True,False,True,False,True,False,True,True,cruise,0.22268656347654806,3.201528787612915,246
change_to_left,True,True,False,True,False,True,False,True,True,keep,0.0010498216547732866,3.2593839168548584,246
change_to_left,True,True,False,True,False,True,False,True,True,swerve_left,0.0010065850017835609,3.2086217403411865,246
change_to_left,True,True,False,True,False,True,False,True,True,swerve_right,0.0011181295526731879,3.210007667541504,246
change_to_right,True,True,False,True,False,True,False,True,True,change_to_left,0.9373506834470442,3.2556605339050293,247
change_to_right,True,True,False,True,False,True,False,True,True,change_to_right,0.879480068157843,3.2089555263519287,247
change_to_right,True,True,False,True,False,True,False,True,True,cruise,0.6090510504979425,3.2203099727630615,247
change_to_right,True,True,False,True,False,True,False,True,True,keep,0.006068455881098021,3.257493019104004,247
change_to_right,True,True,False,True,False,True,False,True,True,swerve_left,0.0018005771323344692,3.224649429321289,247
change_to_right,True,True,False,True,False,True,False,True,True,swerve_right,0.0017861676497596226,3.2617015838623047,247
cruise,True,True,False,True,False,True,False,True,True,change_to_left,0.8766967491066833,3.246073007583618,248
cruise,True,True,False,True,False,True,False,True,True,change_to_right,0.9994064551439477,3.207658052444458,248
cruise,True,True,False,True,False,True,False,True,True,cruise,0.2185879694783957,3.2517621517181396,248
cruise,True,True,False,True,False,True,False,True,True,keep,0.0010490520066760952,3.207698106765747,248
cruise,True,True,False,True,False,True,False,True,True,swerve_left,0.001006706053016215,3.2145209312438965,248
cruise,True,True,False,True,False,True,False,True,True,swerve_right,0.001120892015987499,3.2408924102783203,248
cruise,True,True,False,True,False,True,True,True,True,change_to_left,0.908350680408995,3.8776073455810547,249
cruise,True,True,False,True,False,True,True,True,True,change_to_right,0.9658161172555082,4.671423673629761,249
cruise,True,True,False,True,False,True,True,True,True,cruise,0.21885081698947975,4.0584557056427,249
cruise,True,True,False,True,False,True,True,True,True,keep,0.03589802790259618,4.040077447891235,249
cruise,True,True,False,True,False,True,True,True,True,swerve_left,0.001319228170418472,4.061002254486084,249
cruise,True,True,False,True,False,True,True,True,True,swerve_right,0.0015969990838454358,4.08087944984436,249
change_to_right,True,True,False,True,False,True,True,True,True,change_to_left,0.9514854102898122,4.069173574447632,250
change_to_right,True,True,False,True,False,True,True,True,True,change_to_right,0.879590512848994,4.106904029846191,250
change_to_right,True,True,False,True,False,True,True,True,True,cruise,0.4602939848211974,4.156372785568237,250
change_to_right,True,True,False,True,False,True,True,True,True,keep,0.08658508144946207,4.08002233505249,250
change_to_right,True,True,False,True,False,True,True,True,True,swerve_left,0.0018065160734215468,4.070691108703613,250
change_to_right,True,True,False,True,False,True,True,True,True,swerve_right,0.002435512001044494,4.110673189163208,250
cruise,True,True,False,True,True,False,False,True,True,change_to_left,0.9135232305953864,4.022034168243408,251
cruise,True,True,False,True,True,False,False,True,True,change_to_right,0.9517990200017169,4.045168399810791,251
cruise,True,True,False,True,True,False,False,True,True,cruise,0.2185823439878844,4.020332336425781,251
cruise,True,True,False,True,True,False,False,True,True,keep,0.09451841530458975,4.022555351257324,251
cruise,True,True,False,True,True,False,False,True,True,swerve_left,0.0023357403383716326,4.062703609466553,251
cruise,True,True,False,True,True,False,False,True,True,swerve_right,0.002691981449413902,4.0459144115448,251
change_to_left,True,True,False,True,True,False,False,True,True,change_to_left,0.876065645621316,4.017641305923462,252
change_to_left,True,True,False,True,True,False,False,True,True,change_to_right,0.933505895132939,4.1036155223846436,252
change_to_left,True,True,False,True,True,False,False,True,True,cruise,0.5931665209785265,4.078583717346191,252
change_to_left,True,True,False,True,True,False,False,True,True,keep,0.07160466791866567,4.107540607452393,252
change_to_left,True,True,False,True,True,False,False,True,True,swerve_left,0.0019568948266889337,4.028637170791626,252
change_to_left,True,True,False,True,True,False,False,True,True,swerve_right,0.002257223198296963,4.051510810852051,252
change_to_right,True,True,False,True,True,False,False,True,True,change_to_left,0.9121704767956649,4.051325082778931,253
change_to_right,True,True,False,True,True,False,False,True,True,change_to_right,0.879524911078916,4.0604634284973145,253
change_to_right,True,True,False,True,True,False,False,True,True,cruise,0.6996821575314073,4.063911437988281,253
change_to_right,True,True,False,True,True,False,False,True,True,keep,0.09131968758087564,4.035140752792358,253
change_to_right,True,True,False,True,True,False,False,True,True,swerve_left,0.002351125288569186,4.0580527782440186,253
change_to_right,True,True,False,True,True,False,False,True,True,swerve_right,0.002541485854302476,4.039022207260132,253
cruise,True,True,False,True,True,False,True,True,True,change_to_left,0.9492289889465912,4.049841642379761,254
cruise,True,True,False,True,True,False,True,True,True,change_to_right,0.9360744347271971,4.079701900482178,254
cruise,True,True,False,True,True,False,True,True,True,cruise,0.21869703592500778,4.073627948760986,254
cruise,True,True,False,True,True,False,True,True,True,keep,0.046332960128626706,4.086926698684692,254
cruise,True,True,False,True,True,False,True,True,True,swerve_left,0.0014966065379576122,4.1755290031433105,254
cruise,True,True,False,True,True,False,True,True,True,swerve_right,0.0023030476757634013,4.098351716995239,254
change_to_right,True,True,False,True,True,False,True,True,True,change_to_left,0.9480786409600223,4.165783882141113,255
change_to_right,True,True,False,True,True,False,True,True,True,change_to_right,0.8795135541736516,4.1522605419158936,255
change_to_right,True,True,False,True,True,False,True,True,True,cruise,0.5947006486832908,4.208220481872559,255
change_to_right,True,True,False,True,True,False,True,True,True,keep,0.045415493635486935,4.0855019092559814,255
change_to_right,True,True,False,True,True,False,True,True,True,swerve_left,0.001506359260438605,4.060360670089722,255
change_to_right,True,True,False,True,True,False,True,True,True,swerve_right,0.002316769675210371,4.10706901550293,255
change_to_left,True,True,False,True,True,True,False,True,True,change_to_left,0.8760296345064553,3.3428659439086914,256
change_to_left,True,True,False,True,True,True,False,True,True,change_to_right,0.99918041553825,3.384808301925659,256
change_to_left,True,True,False,True,True,True,False,True,True,cruise,0.22235171699079365,3.3327858448028564,256
change_to_left,True,True,False,True,True,True,False,True,True,keep,0.0014695876214347653,3.392376661300659,256
change_to_left,True,True,False,True,True,True,False,True,True,swerve_left,0.0014417089834405927,3.317445993423462,256
change_to_left,True,True,False,True,True,True,False,True,True,swerve_right,0.0013895670031910863,3.327054262161255,256
cruise,True,True,False,True,True,True,False,True,True,change_to_left,0.8765124497097732,3.4032657146453857,257
cruise,True,True,False,True,True,True,False,True,True,change_to_right,0.9993603539430457,3.3397183418273926,257
cruise,True,True,False,True,True,True,False,True,True,cruise,0.21790631951852069,3.337554454803467,257
cruise,True,True,False,True,True,True,False,True,True,keep,0.0014711471837069317,3.3677947521209717,257
cruise,True,True,False,True,True,True,False,True,True,swerve_left,0.0014413616494795762,3.341623067855835,257
cruise,True,True,False,True,True,True,False,True,True,swerve_right,0.0013796421443691097,3.3592441082000732,257
change_to_right,True,True,False,True,True,True,False,True,True,change_to_left,0.9229274424238961,3.4113922119140625,258
change_to_right,True,True,False,True,True,True,False,True,True,change_to_right,0.8797570066317941,3.3021740913391113,258
change_to_right,True,True,False,True,True,True,False,True,True,cruise,0.6212190750487234,3.3460123538970947,258
change_to_right,True,True,False,True,True,True,False,True,True,keep,0.04356369170659205,3.312824249267578,258
change_to_right,True,True,False,True,True,True,False,True,True,swerve_left,0.04132192336312251,3.3458712100982666,258
change_to_right,True,True,False,True,True,True,False,True,True,swerve_right,0.024407286167805423,3.322282314300537,258
cruise,True,True,False,True,True,True,True,True,True,change_to_left,0.9210637837965606,4.094302177429199,259
cruise,True,True,False,True,True,True,True,True,True,change_to_right,0.951018253665965,4.123367071151733,259
cruise,True,True,False,True,True,True,True,True,True,cruise,0.2178257761458793,4.1124653816223145,259
cruise,True,True,False,True,True,True,True,True,True,keep,0.07042190614762883,4.085708141326904,259
cruise,True,True,False,True,True,True,True,True,True,swerve_left,0.030623340998405878,4.129253387451172,259
cruise,True,True,False,True,True,True,True,True,True,swerve_right,0.01681765998662689,4.079874277114868,259
change_to_right,True,True,False,True,True,True,True,True,True,change_to_left,0.9433589800080562,4.1321189403533936,260
change_to_right,True,True,False,True,True,True,True,True,True,change_to_right,0.8796545807149504,4.065165281295776,260
change_to_right,True,True,False,True,True,True,True,True,True,cruise,0.4680768191730229,4.074073791503906,260
change_to_right,True,True,False,True,True,True,True,True,True,keep,0.11678149810196765,4.110420227050781,260
change_to_right,True,True,False,True,True,True,True,True,True,swerve_left,0.05017099034903142,4.100642919540405,260
change_to_right,True,True,False,True,True,True,True,True,True,swerve_right,0.026830610039959183,4.039422273635864,260
change_to_left,True,True,True,False,False,False,False,True,True,change_to_left,0.8761832526633736,4.042775869369507,261
change_to_left,True,True,True,False,False,False,False,True,True,change_to_right,0.9400865960286343,4.142011404037476,261
change_to_left,True,True,True,False,False,False,False,True,True,cruise,0.6083467931923867,4.07196831703186,261
change_to_left,True,True,True,False,False,False,False,True,True,keep,0.0011643248886369281,4.087805509567261,261
change_to_left,True,True,True,False,False,False,False,True,True,swerve_left,0.0010464181678040585,4.094816446304321,261
change_to_left,True,True,True,False,False,False,False,True,True,swerve_right,0.0012142100456973743,4.0575385093688965,261
change_to_right,True,True,True,False,False,False,False,True,True,change_to_left,0.9379369505567275,4.073123455047607,262
change_to_right,True,True,True,False,False,False,False,True,True,change_to_right,0.8792917942204688,4.137378454208374,262
change_to_right,True,True,True,False,False,False,False,True,True,cruise,0.6118437582029946,4.084960460662842,262
change_to_right,True,True,True,False,False,False,False,True,True,keep,0.0012209827319839292,4.100566864013672,262
change_to_right,True,True,True,False,False,False,False,True,True,swerve_left,0.0010465498698408108,4.060371398925781,262
change_to_right,True,True,True,False,False,False,False,True,True,swerve_right,0.0012106198029518038,4.072559595108032,262
change_to_left,True,True,True,False,False,False,True,True,True,change_to_left,0.8763545584279584,4.090986490249634,263
change_to_left,True,True,True,False,False,False,True,True,True,change_to_right,0.9394358079144434,4.1287522315979,263
change_to_left,True,True,True,False,False,False,True,True,True,cruise,0.6121055440649967,4.092137813568115,263
change_to_left,True,True,True,False,False,False,True,True,True,keep,0.001221136690429065,4.244251251220703,263
change_to_left,True,True,True,False,False,False,True,True,True,swerve_left,0.0010467279055411194,4.125011444091797,263
change_to_left,True,True,True,False,False,False,True,True,True,swerve_right,0.0012083012688631353,4.184425115585327,263
change_to_right,True,True,True,False,False,False,True,True,True,change_to_left,0.9380354164256912,4.119701147079468,264
change_to_right,True,True,True,False,False,False,True,True,True,change_to_right,0.879386814974932,4.139252185821533,264
change_to_right,True,True,True,False,False,False,True,True,True,cruise,0.610280548007685,4.1511452198028564,264
change_to_right,True,True,True,False,False,False,True,True,True,keep,0.0011377521890385558,4.141236782073975,264
change_to_right,True,True,True,False,False,False,True,True,True,swerve_left,0.0010394767860769439,4.164091348648071,264
change_to_right,True,True,True,False,False,False,True,True,True,swerve_right,0.0012361512994757714,4.147115707397461,264
change_to_left,True,True,True,False,False,True,False,True,True,change_to_left,0.8762771148433791,4.090149402618408,265
change_to_left,True,True,True,False,False,True,False,True,True,change_to_right,0.9132847716513451,4.119720458984375,265
change_to_left,True,True,True,False,False,True,False,True,True,cruise,0.4481715745221248,4.109013795852661,265
change_to_left,True,True,True,False,False,True,False,True,True,keep,0.42864270265666643,4.077083587646484,265
change_to_left,True,True,True,False,False,True,False,True,True,swerve_left,0.0010344213397795526,4.095280885696411,265
change_to_left,True,True,True,False,False,True,False,True,True,swerve_right,0.0014479797822395347,4.120645523071289,265
change_to_right,True,True,True,False,False,True,False,True,True,change_to_left,0.910477767969037,4.06453013420105,266
change_to_right,True,True,True,False,False,True,False,True,True,change_to_right,0.8792044670820616,4.085988283157349,266
change_to_right,True,True,True,False,False,True,False,True,True,cruise,0.44588702654375506,4.079948902130127,266
change_to_right,True,True,True,False,False,True,False,True,True,keep,0.4356578396797169,4.18809700012207,266
change_to_right,True,True,True,False,False,True,False,True,True,swerve_left,0.0010355319882628562,4.0998854637146,266
change_to_right,True,True,True,False,False,True,False,True,True,swerve_right,0.0014679619097360593,4.124643087387085,266
change_to_left,True,True,True,False,False,True,True,True,True,change_to_left,0.8759583906639619,4.111527681350708,267
change_to_left,True,True,True,False,False,True,True,True,True,change_to_right,0.9222532679325754,4.098138332366943,267
change_to_left,True,True,True,False,False,True,True,True,True,cruise,0.5094334946727869,4.112184524536133,267
change_to_left,True,True,True,False,False,True,True,True,True,keep,0.28082100139800875,4.095140218734741,267
change_to_left,True,True,True,False,False,True,True,True,True,swerve_left,0.0010192187026580458,4.170634984970093,267
change_to_left,True,True,True,False,False,True,True,True,True,swerve_right,0.0013277923745019296,4.119330644607544,267
change_to_right,True,True,True,False,False,True,True,True,True,change_to_left,0.9241768221008366,4.052694320678711,268
change_to_right,True,True,True,False,False,True,True,True,True,change_to_right,0.8787850141423715,4.074231147766113,268
change_to_right,True,True,True,False,False,True,True,True,True,cruise,0.49708447446021026,4.092267036437988,268
change_to_right,True,True,True,False,False,True,True,True,True,keep,0.2667977348181643,4.077639579772949,268
change_to_right,True,True,True,False,False,True,True,True,True,swerve_left,0.001018280613631332,4.116888046264648,268
change_to_right,True,True,True,False,False,True,True,True,True,swerve_right,0.0013199153997878093,4.0579729080200195,268
change_to_left,True,True,True,False,True,False,False,True,True,change_to_left,0.876416636572396,4.043702125549316,269
change_to_left,True,True,True,False,True,False,False,True,True,change_to_right,0.9289623582886234,4.129803657531738,269
change_to_left,True,True,True,False,True,False,False,True,True,cruise,0.5888302418863385,4.079643964767456,269
change_to_left,True,True,True,False,True,False,False,True,True,keep,0.12322401131527014,4.129274845123291,269
change_to_left,True,True,True,False,True,False,False,True,True,swerve_left,0.0013670392528352029,4.068541526794434,269
change_to_left,True,True,True,False,True,False,False,True,True,swerve_right,0.001486001517485993,4.061151742935181,269
change_to_right,True,True,True,False,True,False,False,True,True,change_to_left,0.9260042626475347,4.123724937438965,270
change_to_right,True,True,True,False,True,False,False,True,True,change_to_right,0.8793644865149115,4.068835258483887,270
change_to_right,True,True,True,False,True,False,False,True,True,cruise,0.5983051126689438,4.079699516296387,270
change_to_right,True,True,True,False,True,False,False,True,True,keep,0.11910909131940486,4.086182355880737,270
change_to_right,True,True,True,False,True,False,False,True,True,swerve_left,0.0013343017072910493,4.138459920883179,270
change_to_right,True,True,True,False,True,False,False,True,True,swerve_right,0.0014502857490528674,4.116482496261597,270
change_to_left,True,True,True,False,True,False,True,True,True,change_to_left,0.8763927138533969,4.098621606826782,271
change_to_left,True,True,True,False,True,False,True,True,True,change_to_right,0.9295386866561565,4.226123571395874,271
change_to_left,True,True,True,False,True,False,True,True,True,cruise,0.5925270100066877,4.173267841339111,271
change_to_left,True,True,True,False,True,False,True,True,True,keep,0.1252259333579714,4.1539599895477295,271
change_to_left,True,True,True,False,True,False,True,True,True,swerve_left,0.0013065162852425357,4.1927385330200195,271
change_to_left,True,True,True,False,True,False,True,True,True,swerve_right,0.0022824857795081073,4.19813871383667,271
change_to_right,True,True,True,False,True,False,True,True,True,change_to_left,0.9321419678183058,4.134340763092041,272
change_to_right,True,True,True,False,True,False,True,True,True,change_to_right,0.8796054384966088,4.064671039581299,272
change_to_right,True,True,True,False,True,False,True,True,True,cruise,0.5704982444889952,4.149038076400757,272
change_to_right,True,True,True,False,True,False,True,True,True,keep,0.11862059047176446,4.1784491539001465,272
change_to_right,True,True,True,False,True,False,True,True,True,swerve_left,0.0013768794314271465,4.078051805496216,272
change_to_right,True,True,True,False,True,False,True,True,True,swerve_right,0.002192772083691124,4.093482255935669,272
change_to_left,True,True,True,False,True,True,False,True,True,change_to_left,0.8759172460815308,3.3392560482025146,273
change_to_left,True,True,True,False,True,True,False,True,True,change_to_right,0.9070671117520852,3.4346182346343994,273
change_to_left,True,True,True,False,True,True,False,True,True,cruise,0.23124802004832196,3.3965048789978027,273
change_to_left,True,True,True,False,True,True,False,True,True,keep,0.7712944999277965,3.430119514465332,273
change_to_left,True,True,True,False,True,True,False,True,True,swerve_left,0.0010003260711801952,3.401601791381836,273
change_to_left,True,True,True,False,True,True,False,True,True,swerve_right,0.0011062334479988258,3.350821018218994,273
change_to_right,True,True,True,False,True,True,False,True,True,change_to_left,0.9988530452291441,3.4034335613250732,274
change_to_right,True,True,True,False,True,True,False,True,True,change_to_right,0.8793213208222096,3.3919754028320312,274
change_to_right,True,True,True,False,True,True,False,True,True,cruise,0.23279519318104386,3.3599987030029297,274
change_to_right,True,True,True,False,True,True,False,True,True,keep,0.007639177250501642,3.497699022293091,274
change_to_right,True,True,True,False,True,True,False,True,True,swerve_left,0.0010031832120296963,3.4872026443481445,274
change_to_right,True,True,True,False,True,True,False,True,True,swerve_right,0.00111524149447053,3.4393088817596436,274
change_to_left,True,True,True,False,True,True,True,True,True,change_to_left,0.8764204347089843,3.509702682495117,275
change_to_left,True,True,True,False,True,True,True,True,True,change_to_right,0.9988526596877172,3.440885066986084,275
change_to_left,True,True,True,False,True,True,True,True,True,cruise,0.238796195048722,3.5241146087646484,275
change_to_left,True,True,True,False,True,True,True,True,True,keep,0.007769174069491479,3.4323623180389404,275
change_to_left,True,True,True,False,True,True,True,True,True,swerve_left,0.0010028798626288138,3.4543116092681885,275
change_to_left,True,True,True,False,True,True,True,True,True,swerve_right,0.001096265945770278,3.4559645652770996,275
change_to_right,True,True,True,False,True,True,True,True,True,change_to_left,0.9988346304761044,3.3754794597625732,276
change_to_right,True,True,True,False,True,True,True,True,True,change_to_right,0.8793743727948486,3.5558903217315674,276
change_to_right,True,True,True,False,True,True,True,True,True,cruise,0.23867227586685585,3.3906614780426025,276
change_to_right,True,True,True,False,True,True,True,True,True,keep,0.007700435719619098,3.4310028553009033,276
change_to_right,True,True,True,False,True,True,True,True,True,swerve_left,0.0010028261110081136,3.463330030441284,276
change_to_right,True,True,True,False,True,True,True,True,True,swerve_right,0.00109485644611034,3.510544776916504,276
change_to_left,True,True,True,True,False,False,False,True,True,change_to_left,0.8760100272002993,4.120321989059448,277
change_to_left,True,True,True,True,False,False,False,True,True,change_to_right,0.9395426847774797,4.0996997356414795,277
change_to_left,True,True,True,True,False,False,False,True,True,cruise,0.6110389228750006,4.152726888656616,277
change_to_left,True,True,True,True,False,False,False,True,True,keep,0.001165650181462021,4.090543746948242,277
change_to_left,True,True,True,True,False,False,False,True,True,swerve_left,0.0010880430285171501,4.11394739151001,277
change_to_left,True,True,True,True,False,False,False,True,True,swerve_right,0.0014643321983952237,4.089359521865845,277
change_to_right,True,True,True,True,False,False,False,True,True,change_to_left,0.9178281554576379,3.8765387535095215,278
change_to_right,True,True,True,True,False,False,False,True,True,change_to_right,0.8797806534313544,3.8953208923339844,278
change_to_right,True,True,True,True,False,False,False,True,True,cruise,0.7392549555781123,3.8706107139587402,278
change_to_right,True,True,True,True,False,False,False,True,True,keep,0.0011845201477705966,3.864178419113159,278
change_to_right,True,True,True,True,False,False,False,True,True,swerve_left,0.0010781244200721092,3.8639914989471436,278
change_to_right,True,True,True,True,False,False,False,True,True,swerve_right,0.0016136706517900692,3.868659019470215,278
change_to_right,True,True,True,True,False,False,True,True,True,change_to_left,0.9383581883618732,3.939579486846924,279
change_to_right,True,True,True,True,False,False,True,True,True,change_to_right,0.8793553964592454,3.953667402267456,279
change_to_right,True,True,True,True,False,False,True,True,True,cruise,0.6119442705135052,3.917841672897339,279
change_to_right,True,True,True,True,False,False,True,True,True,keep,0.001082013281153118,4.130215644836426,279
change_to_right,True,True,True,True,False,False,True,True,True,swerve_left,0.0010881809940788772,3.958042860031128,279
change_to_right,True,True,True,True,False,False,True,True,True,swerve_right,0.0012671037382830904,3.963146924972534,279
change_to_left,True,True,True,True,False,True,False,True,True,change_to_left,0.8761948256835757,3.9212608337402344,280
change_to_left,True,True,True,True,False,True,False,True,True,change_to_right,0.9340017210307585,3.938498020172119,280
change_to_left,True,True,True,True,False,True,False,True,True,cruise,0.5888334487542305,3.9202280044555664,280
change_to_left,True,True,True,True,False,True,False,True,True,keep,0.07430774904184016,3.938920259475708,280
change_to_left,True,True,True,True,False,True,False,True,True,swerve_left,0.002434978961499777,3.9634199142456055,280
change_to_left,True,True,True,True,False,True,False,True,True,swerve_right,0.001983447189795278,3.976044178009033,280
change_to_right,True,True,True,True,False,True,False,True,True,change_to_left,0.9327278348285415,3.874321460723877,281
change_to_right,True,True,True,True,False,True,False,True,True,change_to_right,0.8795490537649053,3.9064674377441406,281
change_to_right,True,True,True,True,False,True,False,True,True,cruise,0.5866759673846553,3.8894522190093994,281
change_to_right,True,True,True,True,False,True,False,True,True,keep,0.07419363984044226,3.922764539718628,281
change_to_right,True,True,True,True,False,True,False,True,True,swerve_left,0.002450757586335546,3.893298864364624,281
change_to_right,True,True,True,True,False,True,False,True,True,swerve_right,0.0020441277737907465,3.979165554046631,281
change_to_right,True,True,True,True,False,True,True,True,True,change_to_left,0.9323423991097021,3.3171303272247314,282
change_to_right,True,True,True,True,False,True,True,True,True,change_to_right,0.8779966906873238,3.304625988006592,282
change_to_right,True,True,True,True,False,True,True,True,True,cruise,0.5906774917078342,3.333355665206909,282
change_to_right,True,True,True,True,False,True,True,True,True,keep,0.07380851055135021,3.2558071613311768,282
change_to_right,True,True,True,True,False,True,True,True,True,swerve_left,0.0018289899134630977,3.336310863494873,282
change_to_right,True,True,True,True,False,True,True,True,True,swerve_right,0.008461863742799905,3.2886126041412354,282
change_to_left,True,True,True,True,True,False,False,True,True,change_to_left,0.876119284425103,3.9158565998077393,283
change_to_left,True,True,True,True,True,False,False,True,True,change_to_right,0.9311738037414973,3.859755277633667,283
change_to_left,True,True,True,True,True,False,False,True,True,cruise,0.5842773314589204,3.9090559482574463,283
change_to_left,True,True,True,True,True,False,False,True,True,keep,0.11007380987292344,3.8716671466827393,283
change_to_left,True,True,True,True,True,False,False,True,True,swerve_left,0.00218788602586701,3.8948943614959717,283
change_to_left,True,True,True,True,True,False,False,True,True,swerve_right,0.0018160708008152222,3.952404022216797,283
change_to_right,True,True,True,True,True,False,False,True,True,change_to_left,0.9110546203726749,3.8959529399871826,284
change_to_right,True,True,True,True,True,False,False,True,True,change_to_right,0.8793249806617756,3.8960354328155518,284
change_to_right,True,True,True,True,True,False,False,True,True,cruise,0.6748764226546542,3.908027172088623,284
change_to_right,True,True,True,True,True,False,False,True,True,keep,0.13803975965704512,3.9234066009521484,284
change_to_right,True,True,True,True,True,False,False,True,True,swerve_left,0.002479683438718837,3.8645918369293213,284
change_to_right,True,True,True,True,True,False,False,True,True,swerve_right,0.001978899668956584,3.8821582794189453,284
change_to_right,True,True,True,True,True,False,True,True,True,change_to_left,0.936154138564994,2.7002222537994385,285
change_to_right,True,True,True,True,True,False,True,True,True,change_to_right,0.879572996227383,2.7320950031280518,285
change_to_right,True,True,True,True,True,False,True,True,True,cruise,0.5929644558019713,2.699899911880493,285
change_to_right,True,True,True,True,True,False,True,True,True,keep,0.11075964043964177,2.7359302043914795,285
change_to_right,True,True,True,True,True,False,True,True,True,swerve_left,0.022249719148215486,2.7014575004577637,285
change_to_right,True,True,True,True,True,False,True,True,True,swerve_right,0.013225207538758312,2.704411745071411,285
change_to_left,True,True,True,True,True,True,False,True,True,change_to_left,0.8764709002350372,3.88789963722229,286
change_to_left,True,True,True,True,True,True,False,True,True,change_to_right,0.9438817664302881,3.914588689804077,286
change_to_left,True,True,True,True,True,True,False,True,True,cruise,0.49394557500485053,3.9013943672180176,286
change_to_left,True,True,True,True,True,True,False,True,True,keep,0.08110992578553552,3.872720956802368,286
change_to_left,True,True,True,True,True,True,False,True,True,swerve_left,0.028037824119040593,3.874871253967285,286
change_to_left,True,True,True,True,True,True,False,True,True,swerve_right,0.016671339449275322,3.8803768157958984,286
change_to_right,True,True,True,True,True,True,False,True,True,change_to_left,0.9037171139090242,3.905876874923706,287
change_to_right,True,True,True,True,True,True,False,True,True,change_to_right,0.8793678572264405,3.877134323120117,287
change_to_right,True,True,True,True,True,True,False,True,True,cruise,0.6703407803710068,3.883434534072876,287
change_to_right,True,True,True,True,True,True,False,True,True,keep,0.1362467056132129,3.8872320652008057,287
change_to_right,True,True,True,True,True,True,False,True,True,swerve_left,0.04606567000770928,3.882307767868042,287
change_to_right,True,True,True,True,True,True,False,True,True,swerve_right,0.026945870612342413,3.8721237182617188,287
change_to_right,True,True,True,True,True,True,True,True,True,change_to_left,0.935381242435871,3.349294662475586,288
change_to_right,True,True,True,True,True,True,True,True,True,change_to_right,0.8783798077480052,3.32791805267334,288
change_to_right,True,True,True,True,True,True,True,True,True,cruise,0.6260557092717918,3.3457019329071045,288
change_to_right,True,True,True,True,True,True,True,True,True,keep,0.10852410258631197,3.274463415145874,288
change_to_right,True,True,True,True,True,True,True,True,True,swerve_left,0.003256808395459151,3.337630033493042,288
change_to_right,True,True,True,True,True,True,True,True,True,swerve_right,0.0038100818399339474,3.2975549697875977,288
keep,False,False,False,False,False,False,False,False,True,change_to_left,0.9172948089243749,3.8329195976257324,289
keep,False,False,False,False,False,False,False,False,True,change_to_right,0.9198953026422043,3.843907594680786,289
keep,False,False,False,False,False,False,False,False,True,cruise,0.47868703293069503,3.8380215167999268,289
keep,False,False,False,False,False,False,False,False,True,keep,0.000999,3.846930742263794,289
keep,False,False,False,False,False,False,False,False,True,swerve_left,0.0010325868739098044,3.846776008605957,289
keep,False,False,False,False,False,False,False,False,True,swerve_right,0.0011930695013260047,3.90042781829834,289
keep,False,False,False,False,False,False,True,False,True,change_to_left,0.9178976504473552,3.820321798324585,290
keep,False,False,False,False,False,False,True,False,True,change_to_right,0.9194067407759318,3.8368077278137207,290
keep,False,False,False,False,False,False,True,False,True,cruise,0.47812064795826964,3.820580005645752,290
keep,False,False,False,False,False,False,True,False,True,keep,0.0009989999999999999,3.826401948928833,290
keep,False,False,False,False,False,False,True,False,True,swerve_left,0.0010086291704273355,3.8943276405334473,290
keep,False,False,False,False,False,False,True,False,True,swerve_right,0.0012497677955678108,3.868410587310791,290
keep,False,False,False,False,False,True,False,False,True,change_to_left,0.9175192005517072,3.8654229640960693,291
keep,False,False,False,False,False,True,False,False,True,change_to_right,0.9199635514414248,3.9251112937927246,291
keep,False,False,False,False,False,True,False,False,True,cruise,0.47727424862507606,3.865118980407715,291
keep,False,False,False,False,False,True,False,False,True,keep,0.000999,3.8588526248931885,291
keep,False,False,False,False,False,True,False,False,True,swerve_left,0.0010230314203188763,3.875272274017334,291
keep,False,False,False,False,False,True,False,False,True,swerve_right,0.0014790985705031947,3.8411073684692383,291
keep,False,False,False,False,False,True,True,False,True,change_to_left,0.9251252809115132,3.829146385192871,292
keep,False,False,False,False,False,True,True,False,True,change_to_right,0.9224773387006143,3.8265950679779053,292
keep,False,False,False,False,False,True,True,False,True,cruise,0.41172207647433584,3.8009798526763916,292
keep,False,False,False,False,False,True,True,False,True,keep,0.000999,3.8289620876312256,292
keep,False,False,False,False,False,True,True,False,True,swerve_left,0.001988571739738693,3.8306078910827637,292
keep,False,False,False,False,False,True,True,False,True,swerve_right,0.0012299469802783576,3.8402585983276367,292
keep,False,False,False,False,True,False,False,False,True,change_to_left,0.9169729603305478,3.8377718925476074,293
keep,False,False,False,False,True,False,False,False,True,change_to_right,0.9200714839107428,3.8837203979492188,293
keep,False,False,False,False,True,False,False,False,True,cruise,0.47977608165487245,3.854309558868408,293
keep,False,False,False,False,True,False,False,False,True,keep,0.000999,3.865995407104492,293
keep,False,False,False,False,True,False,False,False,True,swerve_left,0.0011434620273995681,3.851780414581299,293
keep,False,False,False,False,True,False,False,False,True,swerve_right,0.001611386273308576,3.852749824523926,293
keep,False,False,False,False,True,False,True,False,True,change_to_left,0.9176423334255178,3.84285569190979,294
keep,False,False,False,False,True,False,True,False,True,change_to_right,0.9200203968993736,3.8587563037872314,294
keep,False,False,False,False,True,False,True,False,True,cruise,0.47561782915164397,3.8734629154205322,294
keep,False,False,False,False,True,False,True,False,True,keep,0.0009989999999999999,3.88423752784729,294
keep,False,False,False,False,True,False,True,False,True,swerve_left,0.0011532198734088308,3.8949220180511475,294
keep,False,False,False,False,True,False,True,False,True,swerve_right,0.0016027884695002115,3.856459617614746,294
keep,False,False,False,False,True,True,False,False,True,change_to_left,0.9176072079120228,3.8333990573883057,295
keep,False,False,False,False,True,True,False,False,True,change_to_right,0.9195231106045773,3.835566997528076,295
keep,False,False,False,False,True,True,False,False,True,cruise,0.4767693712029589,3.9000954627990723,295
keep,False,False,False,False,True,True,False,False,True,keep,0.0009990000000000003,3.8752286434173584,295
keep,False,False,False,False,True,True,False,False,True,swerve_left,0.0012269322558365364,3.870866537094116,295
keep,False,False,False,False,True,True,False,False,True,swerve_right,0.003121452489480193,3.846670389175415,295
keep,False,False,False,False,True,True,True,False,True,change_to_left,0.9116911637088091,3.8447837829589844,296
keep,False,False,False,False,True,True,True,False,True,change_to_right,0.9173350276448551,3.8574554920196533,296
keep,False,False,False,False,True,True,True,False,True,cruise,0.5284257500316009,3.874882221221924,296
keep,False,False,False,False,True,True,True,False,True,keep,0.000999,3.8398425579071045,296
keep,False,False,False,False,True,True,True,False,True,swerve_left,0.0011966869504096602,3.844287395477295,296
keep,False,False,False,False,True,True,True,False,True,swerve_right,0.002799473119878468,3.8610260486602783,296
cruise,False,False,False,True,False,False,False,False,True,change_to_left,0.9382941521071332,3.841482639312744,297
cruise,False,False,False,True,False,False,False,False,True,change_to_right,0.9395268490154074,3.861710786819458,297
cruise,False,False,False,True,False,False,False,False,True,cruise,0.22157133033220236,3.8373847007751465,297
cruise,False,False,False,True,False,False,False,False,True,keep,0.0011091218976848924,3.897702932357788,297
cruise,False,False,False,True,False,False,False,False,True,swerve_left,0.0011697618253114813,3.8475873470306396,297
cruise,False,False,False,True,False,False,False,False,True,swerve_right,0.0013260010785823221,3.8809943199157715,297
keep,False,False,False,True,False,False,False,False,True,change_to_left,0.9301010307763623,3.9062697887420654,298
keep,False,False,False,True,False,False,False,False,True,change_to_right,0.932223655800561,3.857954263687134,298
keep,False,False,False,True,False,False,False,False,True,cruise,0.3196035510570428,3.861515522003174,298
keep,False,False,False,True,False,False,False,False,True,keep,0.000999,3.845513343811035,298
keep,False,False,False,True,False,False,False,False,True,swerve_left,0.0011516248578691266,3.8893210887908936,298
keep,False,False,False,True,False,False,False,False,True,swerve_right,0.0013033385653010402,3.8586266040802,298
cruise,False,False,False,True,False,False,True,False,True,change_to_left,0.9378904886613009,3.9085607528686523,299
cruise,False,False,False,True,False,False,True,False,True,change_to_right,0.9398612114570157,3.887770414352417,299
cruise,False,False,False,True,False,False,True,False,True,cruise,0.22182203724443478,3.8638627529144287,299
cruise,False,False,False,True,False,False,True,False,True,keep,0.0010543349212942684,3.8723528385162354,299
cruise,False,False,False,True,False,False,True,False,True,swerve_left,0.0011144176203653512,3.915057897567749,299
cruise,False,False,False,True,False,False,True,False,True,swerve_right,0.001325189455179135,3.8950231075286865,299
keep,False,False,False,True,False,False,True,False,True,change_to_left,0.9318667597780297,3.868753433227539,300
keep,False,False,False,True,False,False,True,False,True,change_to_right,0.9351084170102703,3.8957414627075195,300
keep,False,False,False,True,False,False,True,False,True,cruise,0.2911920932291661,3.8697690963745117,300
keep,False,False,False,True,False,False,True,False,True,keep,0.000999,3.875175952911377,300
keep,False,False,False,True,False,False,True,False,True,swerve_left,0.001078469387110372,3.8730716705322266,300
keep,False,False,False,True,False,False,True,False,True,swerve_right,0.0012786601215841048,3.8843560218811035,300
cruise,False,False,False,True,False,True,False,False,True,change_to_left,0.9381972138893916,3.8392605781555176,301
cruise,False,False,False,True,False,True,False,False,True,change_to_right,0.9394560718202889,3.8652150630950928,301
cruise,False,False,False,True,False,True,False,False,True,cruise,0.22125523015755869,3.8383662700653076,301
cruise,False,False,False,True,False,True,False,False,True,keep,0.0024873749410223487,3.8822238445281982,301
cruise,False,False,False,True,False,True,False,False,True,swerve_left,0.0038438060443973586,3.8988115787506104,301
cruise,False,False,False,True,False,True,False,False,True,swerve_right,0.001628614970414579,3.929699182510376,301
keep,False,False,False,True,False,True,False,False,True,change_to_left,0.9021662129895528,3.921199083328247,302
keep,False,False,False,True,False,True,False,False,True,change_to_right,0.9044166415020478,3.8910679817199707,302
keep,False,False,False,True,False,True,False,False,True,cruise,0.675145533291646,3.883612632751465,302
keep,False,False,False,True,False,True,False,False,True,keep,0.000999,3.8814170360565186,302
keep,False,False,False,True,False,True,False,False,True,swerve_left,0.0021075125309192523,3.8932390213012695,302
keep,False,False,False,True,False,True,False,False,True,swerve_right,0.0013511648761873557,3.8543972969055176,302
cruise,False,False,False,True,False,True,True,False,True,change_to_left,0.9304006038102569,3.8543944358825684,303
cruise,False,False,False,True,False,True,True,False,True,change_to_right,0.9468760067906792,3.876939535140991,303
cruise,False,False,False,True,False,True,True,False,True,cruise,0.2251125097882794,4.69076132774353,303
cruise,False,False,False,True,False,True,True,False,True,keep,0.0019499045065237348,4.056122541427612,303
cruise,False,False,False,True,False,True,True,False,True,swerve_left,0.003049639798008695,4.061121225357056,303
cruise,False,False,False,True,False,True,True,False,True,swerve_right,0.0015951591997053131,4.075166463851929,303
keep,False,False,False,True,False,True,True,False,True,change_to_left,0.9038035693131308,4.0066752433776855,304
keep,False,False,False,True,False,True,True,False,True,change_to_right,0.9146600609081195,4.08520245552063,304
keep,False,False,False,True,False,True,True,False,True,cruise,0.5967053988629973,4.046331405639648,304
keep,False,False,False,True,False,True,True,False,True,keep,0.000999,4.040364027023315,304
keep,False,False,False,True,False,True,True,False,True,swerve_left,0.002104410796064357,4.049928903579712,304
keep,False,False,False,True,False,True,True,False,True,swerve_right,0.0013617148094471514,4.069775342941284,304
cruise,False,False,False,True,True,False,False,False,True,change_to_left,0.9377493898116848,4.012295961380005,305
cruise,False,False,False,True,True,False,False,False,True,change_to_right,0.939801489191798,4.0238871574401855,305
cruise,False,False,False,True,True,False,False,False,True,cruise,0.22119979097174053,4.069073438644409,305
cruise,False,False,False,True,True,False,False,False,True,keep,0.001303416616773713,4.033361434936523,305
cruise,False,False,False,True,True,False,False,False,True,swerve_left,0.0010612826639068876,4.012912750244141,305
cruise,False,False,False,True,True,False,False,False,True,swerve_right,0.001798142295332385,4.04783821105957,305
keep,False,False,False,True,True,False,False,False,True,change_to_left,0.9162925817300384,4.034661054611206,306
keep,False,False,False,True,True,False,False,False,True,change_to_right,0.9183547192897803,4.057751417160034,306
keep,False,False,False,True,True,False,False,False,True,cruise,0.49579729297062847,4.089778661727905,306
keep,False,False,False,True,True,False,False,False,True,keep,0.000999,4.035787105560303,306
keep,False,False,False,True,True,False,False,False,True,swerve_left,0.001022648606279654,4.022165298461914,306
keep,False,False,False,True,True,False,False,False,True,swerve_right,0.0015971790967060121,4.057990789413452,306
cruise,False,False,False,True,True,False,True,False,True,change_to_left,0.9460723419058302,3.3346681594848633,307
cruise,False,False,False,True,True,False,True,False,True,change_to_right,0.9320431950624812,3.3176608085632324,307
cruise,False,False,False,True,True,False,True,False,True,cruise,0.2229515603692529,3.3267083168029785,307
cruise,False,False,False,True,True,False,True,False,True,keep,0.0010191495071990428,3.302393913269043,307
cruise,False,False,False,True,True,False,True,False,True,swerve_left,0.0010078464523756905,3.3510682582855225,307
cruise,False,False,False,True,True,False,True,False,True,swerve_right,0.0012467231792181006,3.335200071334839,307
keep,False,False,False,True,True,False,True,False,True,change_to_left,0.9457370981270459,3.2969915866851807,308
keep,False,False,False,True,True,False,True,False,True,change_to_right,0.931902980854142,3.335153579711914,308
keep,False,False,False,True,True,False,True,False,True,cruise,0.22494606379753695,3.305680751800537,308
keep,False,False,False,True,True,False,True,False,True,keep,0.000999,3.2926549911499023,308
keep,False,False,False,True,True,False,True,False,True,swerve_left,0.001007709234815446,3.3509926795959473,308
keep,False,False,False,True,True,False,True,False,True,swerve_right,0.0012351336130355152,3.299283266067505,308
cruise,False,False,False,True,True,True,False,False,True,change_to_left,0.9353836451350435,4.052579641342163,309
cruise,False,False,False,True,True,True,False,False,True,change_to_right,0.938133104172754,4.037365674972534,309
cruise,False,False,False,True,True,True,False,False,True,cruise,0.2213066061475231,4.031562328338623,309
cruise,False,False,False,True,True,True,False,False,True,keep,0.023554141729919445,4.098146915435791,309
cruise,False,False,False,True,True,True,False,False,True,swerve_left,0.010605404867661447,4.079852342605591,309
cruise,False,False,False,True,True,True,False,False,True,swerve_right,0.001454301533250839,4.098918914794922,309
keep,False,False,False,True,True,True,False,False,True,change_to_left,0.8936608578402867,4.086153984069824,310
keep,False,False,False,True,True,True,False,False,True,change_to_right,0.8967709483681727,4.086179256439209,310
keep,False,False,False,True,True,True,False,False,True,cruise,0.7770675192887156,4.03924298286438,310
keep,False,False,False,True,True,True,False,False,True,keep,0.000999,4.011268615722656,310
keep,False,False,False,True,True,True,False,False,True,swerve_left,0.003729493272672765,4.063406705856323,310
keep,False,False,False,True,True,True,False,False,True,swerve_right,0.0012045426293000921,4.079111814498901,310
cruise,False,False,False,True,True,True,True,False,True,change_to_left,0.9369138526287197,4.050098419189453,311
cruise,False,False,False,True,True,True,True,False,True,change_to_right,0.9373890752825886,4.053643226623535,311
cruise,False,False,False,True,True,True,True,False,True,cruise,0.22539981994429892,4.050481796264648,311
cruise,False,False,False,True,True,True,True,False,True,keep,0.021005672011302722,4.046283960342407,311
cruise,False,False,False,True,True,True,True,False,True,swerve_left,0.009068954623844296,4.106072425842285,311
cruise,False,False,False,True,True,True,True,False,True,swerve_right,0.0014136242682192988,4.094868183135986,311
keep,False,False,False,True,True,True,True,False,True,change_to_left,0.8966743112323212,4.052560091018677,312
keep,False,False,False,True,True,True,True,False,True,change_to_right,0.8988400881152256,4.080363035202026,312
keep,False,False,False,True,True,True,True,False,True,cruise,0.7426955197419277,4.043982982635498,312
keep,False,False,False,True,True,True,True,False,True,keep,0.0009990000000000003,4.054663419723511,312
keep,False,False,False,True,True,True,True,False,True,swerve_left,0.0037380381065177186,4.055913925170898,312
keep,False,False,False,True,True,True,True,False,True,swerve_right,0.0012344041047625367,4.035985708236694,312
keep,False,False,True,False,False,False,False,False,True,change_to_left,0.9178243965906013,4.053204298019409,313
keep,False,False,True,False,False,False,False,False,True,change_to_right,0.9199476485932558,4.027314186096191,313
keep,False,False,True,False,False,False,False,False,True,cruise,0.4756686872223215,4.049539089202881,313
keep,False,False,True,False,False,False,False,False,True,keep,0.0009990000000000003,4.078724145889282,313
keep,False,False,True,False,False,False,False,False,True,swerve_left,0.0010326384271323887,4.087818145751953,313
keep,False,False,True,False,False,False,False,False,True,swerve_right,0.001196758618172769,4.113527059555054,313
keep,False,False,True,False,False,False,True,False,True,change_to_left,0.9177825651205197,4.117792129516602,314
keep,False,False,True,False,False,False,True,False,True,change_to_right,0.9197830144584609,4.092650413513184,314
keep,False,False,True,False,False,False,True,False,True,cruise,0.4779189913531714,4.1107330322265625,314
keep,False,False,True,False,False,False,True,False,True,keep,0.0009989999999999999,4.09763240814209,314
keep,False,False,True,False,False,False,True,False,True,swerve_left,0.0010277691582228005,4.178868293762207,314
keep,False,False,True,False,False,False,True,False,True,swerve_right,0.0012026199563227242,4.145078897476196,314
keep,False,False,True,False,False,True,False,False,True,change_to_left,0.9083273806243635,4.046688556671143,315
keep,False,False,True,False,False,True,False,False,True,change_to_right,0.9205265080931146,4.041213035583496,315
keep,False,False,True,False,False,True,False,False,True,cruise,0.5301139385665838,4.030699968338013,315
keep,False,False,True,False,False,True,False,False,True,keep,0.000999,4.068562984466553,315
keep,False,False,True,False,False,True,False,False,True,swerve_left,0.0010185197457571544,4.0559234619140625,315
keep,False,False,True,False,False,True,False,False,True,swerve_right,0.0014030164293727693,4.054940223693848,315
keep,False,False,True,False,False,True,True,False,True,change_to_left,0.9108564467753033,4.18146538734436,316
keep,False,False,True,False,False,True,True,False,True,change_to_right,0.9135183393349342,4.201968669891357,316
keep,False,False,True,False,False,True,True,False,True,cruise,0.5594611135235393,4.103484869003296,316
keep,False,False,True,False,False,True,True,False,True,keep,0.000999,4.17638635635376,316
keep,False,False,True,False,False,True,True,False,True,swerve_left,0.0010220412634878266,4.124196529388428,316
keep,False,False,True,False,False,True,True,False,True,swerve_right,0.001386891031944954,4.177149295806885,316
keep,False,False,True,False,True,False,False,False,True,change_to_left,0.9170858743721665,4.0269293785095215,317
keep,False,False,True,False,True,False,False,False,True,change_to_right,0.9198030606277264,4.092861890792847,317
keep,False,False,True,False,True,False,False,False,True,cruise,0.4806947036326058,4.05964207649231,317
keep,False,False,True,False,True,False,False,False,True,keep,0.000999,4.071662902832031,317
keep,False,False,True,False,True,False,False,False,True,swerve_left,0.0011527231434898652,4.08903431892395,317
keep,False,False,True,False,True,False,False,False,True,swerve_right,0.0016357880623554524,4.067430734634399,317
keep,False,False,True,False,True,False,True,False,True,change_to_left,0.9177935879724198,4.076526403427124,318
keep,False,False,True,False,True,False,True,False,True,change_to_right,0.919668801170845,4.0859856605529785,318
keep,False,False,True,False,True,False,True,False,True,cruise,0.4781714657057491,4.164829969406128,318
keep,False,False,True,False,True,False,True,False,True,keep,0.000999,4.173603773117065,318
keep,False,False,True,False,True,False,True,False,True,swerve_left,0.0011707924763025165,4.20279860496521,318
keep,False,False,True,False,True,False,True,False,True,swerve_right,0.0016023923157261752,4.156752347946167,318
keep,False,False,True,False,True,True,False,False,True,change_to_left,0.917689586593717,4.063894987106323,319
keep,False,False,True,False,True,True,False,False,True,change_to_right,0.9194717947602997,4.094917297363281,319
keep,False,False,True,False,True,True,False,False,True,cruise,0.47771455884698294,4.07407283782959,319
keep,False,False,True,False,True,True,False,False,True,keep,0.0009989999999999999,4.081169128417969,319
keep,False,False,True,False,True,True,False,False,True,swerve_left,0.0012828001125522045,4.066025495529175,319
keep,False,False,True,False,True,True,False,False,True,swerve_right,0.003019970784771909,4.09662389755249,319
keep,False,False,True,False,True,True,True,False,True,change_to_left,0.912406047567302,4.041378736495972,320
keep,False,False,True,False,True,True,True,False,True,change_to_right,0.9145302611788938,4.10048508644104,320
keep,False,False,True,False,True,True,True,False,True,cruise,0.5431012506617264,4.119781255722046,320
keep,False,False,True,False,True,True,True,False,True,keep,0.000999,4.156154155731201,320
keep,False,False,True,False,True,True,True,False,True,swerve_left,0.0012429271069060949,4.173048973083496,320
keep,False,False,True,False,True,True,True,False,True,swerve_right,0.0026641094035220803,4.097705364227295,320
cruise,False,False,True,True,False,False,False,False,True,change_to_left,0.9379815256112419,4.040205955505371,321
cruise,False,False,True,True,False,False,False,False,True,change_to_right,0.9399008204685703,4.039552211761475,321
cruise,False,False,True,True,False,False,False,False,True,cruise,0.22091765609079797,4.032052993774414,321
cruise,False,False,True,True,False,False,False,False,True,keep,0.0011107449473192615,4.135892391204834,321
cruise,False,False,True,True,False,False,False,False,True,swerve_left,0.001171866608063717,4.027376413345337,321
cruise,False,False,True,True,False,False,False,False,True,swerve_right,0.0013431857963766213,4.067125082015991,321
keep,False,False,True,True,False,False,False,False,True,change_to_left,0.9302717022991019,4.043807506561279,322
keep,False,False,True,True,False,False,False,False,True,change_to_right,0.9322112205459571,4.071671485900879,322
keep,False,False,True,True,False,False,False,False,True,cruise,0.3183073738446022,4.041426181793213,322
keep,False,False,True,True,False,False,False,False,True,keep,0.000999,4.054211854934692,322
keep,False,False,True,True,False,False,False,False,True,swerve_left,0.001149612601318808,4.121438503265381,322
keep,False,False,True,True,False,False,False,False,True,swerve_right,0.0012760200273761284,4.042605876922607,322
cruise,False,False,True,True,False,False,True,False,True,change_to_left,0.937692230752247,4.106549978256226,323
cruise,False,False,True,True,False,False,True,False,True,change_to_right,0.9401778302788367,4.154082298278809,323
cruise,False,False,True,True,False,False,True,False,True,cruise,0.22185810805157505,4.157494068145752,323
cruise,False,False,True,True,False,False,True,False,True,keep,0.0010817279317481368,4.134936809539795,323
cruise,False,False,True,True,False,False,True,False,True,swerve_left,0.001170391184132251,4.09841251373291,323
cruise,False,False,True,True,False,False,True,False,True,swerve_right,0.00132518719584235,4.107314825057983,323
keep,False,False,True,True,False,False,True,False,True,change_to_left,0.9322951350911188,4.076399564743042,324
keep,False,False,True,True,False,False,True,False,True,change_to_right,0.9351129237868867,4.075994968414307,324
keep,False,False,True,True,False,False,True,False,True,cruise,0.28574135795140715,4.101662874221802,324
keep,False,False,True,True,False,False,True,False,True,keep,0.000999,4.089771747589111,324
keep,False,False,True,True,False,False,True,False,True,swerve_left,0.001158265860232386,4.135767698287964,324
keep,False,False,True,True,False,False,True,False,True,swerve_right,0.0013268600801786092,4.177033424377441,324
cruise,False,False,True,True,False,True,False,False,True,change_to_left,0.9301035718825053,3.9871981143951416,325
cruise,False,False,True,True,False,True,False,False,True,change_to_right,0.9469657199064468,3.8882203102111816,325
cruise,False,False,True,True,False,True,False,False,True,cruise,0.22115873014791954,3.8982720375061035,325
cruise,False,False,True,True,False,True,False,False,True,keep,0.002298279954813056,3.895245313644409,325
cruise,False,False,True,True,False,True,False,False,True,swerve_left,0.003319365669223276,3.9128990173339844,325
cruise,False,False,True,True,False,True,False,False,True,swerve_right,0.001570735338382376,3.8791401386260986,325
keep,False,False,True,True,False,True,False,False,True,change_to_left,0.9007185860602961,3.8940846920013428,326
keep,False,False,True,True,False,True,False,False,True,change_to_right,0.9102809939781481,3.862635612487793,326
keep,False,False,True,True,False,True,False,False,True,cruise,0.6477462186906849,3.855402708053589,326
keep,False,False,True,True,False,True,False,False,True,keep,0.000999,3.9284260272979736,326
keep,False,False,True,True,False,True,False,False,True,swerve_left,0.0020679216729240593,3.8686630725860596,326
keep,False,False,True,True,False,True,False,False,True,swerve_right,0.0013041797115192777,3.8622493743896484,326
cruise,False,False,True,True,False,True,True,False,True,change_to_left,0.9380140844745557,3.987501382827759,327
cruise,False,False,True,True,False,True,True,False,True,change_to_right,0.9392660093220019,4.007422208786011,327
cruise,False,False,True,True,False,True,True,False,True,cruise,0.22823421916401318,3.9679300785064697,327
cruise,False,False,True,True,False,True,True,False,True,keep,0.00245633473537275,3.985285520553589,327
cruise,False,False,True,True,False,True,True,False,True,swerve_left,0.002932005038047546,3.894641637802124,327
cruise,False,False,True,True,False,True,True,False,True,swerve_right,0.0016518655857386646,3.9208664894104004,327
keep,False,False,True,True,False,True,True,False,True,change_to_left,0.9108479537225925,3.9169678688049316,328
keep,False,False,True,True,False,True,True,False,True,change_to_right,0.9126576485115598,3.9415700435638428,328
keep,False,False,True,True,False,True,True,False,True,cruise,0.5694347958338491,3.9563074111938477,328
keep,False,False,True,True,False,True,True,False,True,keep,0.000999,3.9606690406799316,328
keep,False,False,True,True,False,True,True,False,True,swerve_left,0.002022079515394879,3.9443063735961914,328
keep,False,False,True,True,False,True,True,False,True,swerve_right,0.001438160687720993,3.9914424419403076,328
cruise,False,False,True,True,True,False,False,False,True,change_to_left,0.9382638868486508,3.902393102645874,329
cruise,False,False,True,True,True,False,False,False,True,change_to_right,0.9394821024970023,3.865661144256592,329
cruise,False,False,True,True,True,False,False,False,True,cruise,0.22109994106522185,3.9268150329589844,329
cruise,False,False,True,True,True,False,False,False,True,keep,0.0013302116437615276,3.885589122772217,329
cruise,False,False,True,True,True,False,False,False,True,swerve_left,0.0010324057272939674,3.8823795318603516,329
cruise,False,False,True,True,True,False,False,False,True,swerve_right,0.0017672639326399983,3.879845380783081,329
keep,False,False,True,True,True,False,False,False,True,change_to_left,0.9168149275887297,3.8697023391723633,330
keep,False,False,True,True,True,False,False,False,True,change_to_right,0.918854816482792,3.905919075012207,330
keep,False,False,True,True,True,False,False,False,True,cruise,0.49428765886036335,3.917553424835205,330
keep,False,False,True,True,True,False,False,False,True,keep,0.000999,3.877656936645508,330
keep,False,False,True,True,True,False,False,False,True,swerve_left,0.0010400343270164552,3.8878252506256104,330
keep,False,False,True,True,True,False,False,False,True,swerve_right,0.0015237392134966824,3.8646275997161865,330
cruise,False,False,True,True,True,False,True,False,True,change_to_left,0.9375101292132252,3.9093844890594482,331
cruise,False,False,True,True,True,False,True,False,True,change_to_right,0.9401939925380259,3.9044642448425293,331
cruise,False,False,True,True,True,False,True,False,True,cruise,0.2213113753292839,3.999122381210327,331
cruise,False,False,True,True,True,False,True,False,True,keep,0.0012777939716822908,3.966977119445801,331
cruise,False,False,True,True,True,False,True,False,True,swerve_left,0.001061122735091653,3.941664695739746,331
cruise,False,False,True,True,True,False,True,False,True,swerve_right,0.0017769192434503418,3.9810242652893066,331
keep,False,False,True,True,True,False,True,False,True,change_to_left,0.9180506769842718,3.9102373123168945,332
keep,False,False,True,True,True,False,True,False,True,change_to_right,0.9198460337031301,3.9445714950561523,332
keep,False,False,True,True,True,False,True,False,True,cruise,0.4783527842366584,3.9475903511047363,332
keep,False,False,True,True,True,False,True,False,True,keep,0.000999,4.022270441055298,332
keep,False,False,True,True,True,False,True,False,True,swerve_left,0.0010420474789249322,4.000143051147461,332
keep,False,False,True,True,True,False,True,False,True,swerve_right,0.0015804948756205604,3.9131643772125244,332
cruise,False,False,True,True,True,True,False,False,True,change_to_left,0.9370218151098433,3.894615650177002,333
cruise,False,False,True,True,True,True,False,False,True,change_to_right,0.9370243364245259,3.9153308868408203,333
cruise,False,False,True,True,True,True,False,False,True,cruise,0.22141149788211972,3.8889193534851074,333
cruise,False,False,True,True,True,True,False,False,True,keep,0.021939372453095327,3.8548638820648193,333
cruise,False,False,True,True,True,True,False,False,True,swerve_left,0.00996160665172049,3.9226949214935303,333
cruise,False,False,True,True,True,True,False,False,True,swerve_right,0.0014151230344855035,3.8677330017089844,333
keep,False,False,True,True,True,True,False,False,True,change_to_left,0.8947903940108516,3.87357497215271,334
keep,False,False,True,True,True,True,False,False,True,change_to_right,0.8971241331037126,3.8918254375457764,334
keep,False,False,True,True,True,True,False,False,True,cruise,0.7689186798903231,3.8817431926727295,334
keep,False,False,True,True,True,True,False,False,True,keep,0.000999,3.858053207397461,334
keep,False,False,True,True,True,True,False,False,True,swerve_left,0.0037179482148213643,3.8781654834747314,334
keep,False,False,True,True,True,True,False,False,True,swerve_right,0.0012095338305444508,3.865790843963623,334
cruise,False,False,True,True,True,True,True,False,True,change_to_left,0.9363894921097462,3.9341037273406982,335
cruise,False,False,True,True,True,True,True,False,True,change_to_right,0.9378858438798033,3.876742362976074,335
cruise,False,False,True,True,True,True,True,False,True,cruise,0.22619175542636613,3.944141387939453,335
cruise,False,False,True,True,True,True,True,False,True,keep,0.022860580104410392,3.9243056774139404,335
cruise,False,False,True,True,True,True,True,False,True,swerve_left,0.010331521620834196,3.890575647354126,335
cruise,False,False,True,True,True,True,True,False,True,swerve_right,0.0013754529118193504,3.9678399562835693,335
keep,False,False,True,True,True,True,True,False,True,change_to_left,0.8957923219610351,3.901710271835327,336
keep,False,False,True,True,True,True,True,False,True,change_to_right,0.8982884380602285,3.975532293319702,336
keep,False,False,True,True,True,True,True,False,True,cruise,0.7510253993850354,3.9366464614868164,336
keep,False,False,True,True,True,True,True,False,True,keep,0.000999,3.9307515621185303,336
keep,False,False,True,True,True,True,True,False,True,swerve_left,0.004100121663976721,3.913510799407959,336
keep,False,False,True,True,True,True,True,False,True,swerve_right,0.0012192709673084245,3.9301209449768066,336
keep,False,True,False,False,False,False,False,False,True,change_to_left,0.9171659370608359,3.8319454193115234,337
keep,False,True,False,False,False,False,False,False,True,change_to_right,0.9199052299163837,3.846162796020508,337
keep,False,True,False,False,False,False,False,False,True,cruise,0.47957523550067926,3.846595287322998,337
keep,False,True,False,False,False,False,False,False,True,keep,0.000999,3.8512814044952393,337
keep,False,True,False,False,False,False,False,False,True,swerve_left,0.0010328891267298624,3.8606691360473633,337
keep,False,True,False,False,False,False,False,False,True,swerve_right,0.0012018917751562483,3.8266241550445557,337
keep,False,True,False,False,False,False,True,False,True,change_to_left,0.9172030755098911,3.9271295070648193,338
keep,False,True,False,False,False,False,True,False,True,change_to_right,0.9196905515635067,3.922558307647705,338
keep,False,True,False,False,False,False,True,False,True,cruise,0.47981213903222253,3.9143824577331543,338
keep,False,True,False,False,False,False,True,False,True,keep,0.000999,3.9864981174468994,338
keep,False,True,False,False,False,False,True,False,True,swerve_left,0.0010324565601632632,3.9064114093780518,338
keep,False,True,False,False,False,False,True,False,True,swerve_right,0.0011909380644781664,3.928210735321045,338
keep,False,True,False,False,False,True,False,False,True,change_to_left,0.9099020508669431,3.8484280109405518,339
keep,False,True,False,False,False,True,False,False,True,change_to_right,0.9204278634897237,3.847795009613037,339
keep,False,True,False,False,False,True,False,False,True,cruise,0.5193177798068409,3.8420846462249756,339
keep,False,True,False,False,False,True,False,False,True,keep,0.0009990000000000003,3.837838888168335,339
keep,False,True,False,False,False,True,False,False,True,swerve_left,0.001020187164997526,3.881518602371216,339
keep,False,True,False,False,False,True,False,False,True,swerve_right,0.0014117586511605202,3.854607343673706,339
keep,False,True,False,False,False,True,True,False,True,change_to_left,0.9116710355887557,3.8157644271850586,340
keep,False,True,False,False,False,True,True,False,True,change_to_right,0.9200990047931733,3.8810672760009766,340
keep,False,True,False,False,False,True,True,False,True,cruise,0.5136487361296533,3.8957924842834473,340
keep,False,True,False,False,False,True,True,False,True,keep,0.0009990000000000003,3.8606503009796143,340
keep,False,True,False,False,False,True,True,False,True,swerve_left,0.0010629415443780034,3.845215082168579,340
keep,False,True,False,False,False,True,True,False,True,swerve_right,0.0010222561337312013,3.87239933013916,340
keep,False,True,False,False,True,False,False,False,True,change_to_left,0.9175495234479134,3.8568811416625977,341
keep,False,True,False,False,True,False,False,False,True,change_to_right,0.9193498632523779,3.8776299953460693,341
keep,False,True,False,False,True,False,False,False,True,cruise,0.48124017441286043,3.8498716354370117,341
keep,False,True,False,False,True,False,False,False,True,keep,0.000999,3.8796699047088623,341
keep,False,True,False,False,True,False,False,False,True,swerve_left,0.001158271081485308,3.8467023372650146,341
keep,False,True,False,False,True,False,False,False,True,swerve_right,0.001618985374785396,3.8415307998657227,341
keep,False,True,False,False,True,False,True,False,True,change_to_left,0.9176347407614482,3.852938652038574,342
keep,False,True,False,False,True,False,True,False,True,change_to_right,0.9196001280447653,3.891904830932617,342
keep,False,True,False,False,True,False,True,False,True,cruise,0.47783222467708925,3.8763785362243652,342
keep,False,True,False,False,True,False,True,False,True,keep,0.0009990000000000003,3.908398151397705,342
keep,False,True,False,False,True,False,True,False,True,swerve_left,0.0011627929578485927,3.9322078227996826,342
keep,False,True,False,False,True,False,True,False,True,swerve_right,0.0015840508770353944,3.9316585063934326,342
keep,False,True,False,False,True,True,False,False,True,change_to_left,0.9093299206932861,3.875138282775879,343
keep,False,True,False,False,True,True,False,False,True,change_to_right,0.9154573679955696,3.870866298675537,343
keep,False,True,False,False,True,True,False,False,True,cruise,0.5551364463808808,3.854825973510742,343
keep,False,True,False,False,True,True,False,False,True,keep,0.0009990000000000003,3.8685905933380127,343
keep,False,True,False,False,True,True,False,False,True,swerve_left,0.001207954307702238,3.8513236045837402,343
keep,False,True,False,False,True,True,False,False,True,swerve_right,0.0026026752071770225,3.8593180179595947,343
keep,False,True,False,False,True,True,True,False,True,change_to_left,0.9171673280707225,3.901811122894287,344
keep,False,True,False,False,True,True,True,False,True,change_to_right,0.9199041901426723,3.9016926288604736,344
keep,False,True,False,False,True,True,True,False,True,cruise,0.4749153343460846,3.8757381439208984,344
keep,False,True,False,False,True,True,True,False,True,keep,0.000999,3.9381706714630127,344
keep,False,True,False,False,True,True,True,False,True,swerve_left,0.0010961067958860776,3.868514060974121,344
keep,False,True,False,False,True,True,True,False,True,swerve_right,0.00310859895921917,3.931382656097412,344
cruise,False,True,False,True,False,False,False,False,True,change_to_left,0.9383140948375632,3.8898441791534424,345
cruise,False,True,False,True,False,False,False,False,True,change_to_right,0.9396105123891171,3.8755409717559814,345
cruise,False,True,False,True,False,False,False,False,True,cruise,0.221698340455083,3.8761231899261475,345
cruise,False,True,False,True,False,False,False,False,True,keep,0.0011100653371336252,3.862091064453125,345
cruise,False,True,False,True,False,False,False,False,True,swerve_left,0.0011430775240453659,3.861107110977173,345
cruise,False,True,False,True,False,False,False,False,True,swerve_right,0.001283660968833215,3.8822391033172607,345
keep,False,True,False,True,False,False,False,False,True,change_to_left,0.9306163492562807,3.865699052810669,346
keep,False,True,False,True,False,False,False,False,True,change_to_right,0.9317771967921769,3.854740619659424,346
keep,False,True,False,True,False,False,False,False,True,cruise,0.3194238559745496,3.835094928741455,346
keep,False,True,False,True,False,False,False,False,True,keep,0.000999,3.85485577583313,346
keep,False,True,False,True,False,False,False,False,True,swerve_left,0.0011260309891630703,3.8509325981140137,346
keep,False,True,False,True,False,False,False,False,True,swerve_right,0.0012779501532896606,3.858809471130371,346
cruise,False,True,False,True,False,False,True,False,True,change_to_left,0.9377879175235715,3.918947219848633,347
cruise,False,True,False,True,False,False,True,False,True,change_to_right,0.9398411661492764,3.92785382270813,347
cruise,False,True,False,True,False,False,True,False,True,cruise,0.22175847395134035,3.8889129161834717,347
cruise,False,True,False,True,False,False,True,False,True,keep,0.0010816164926321465,3.9261651039123535,347
cruise,False,True,False,True,False,False,True,False,True,swerve_left,0.0011694366069641934,3.904024362564087,347
cruise,False,True,False,True,False,False,True,False,True,swerve_right,0.001339275334368477,3.896721601486206,347
keep,False,True,False,True,False,False,True,False,True,change_to_left,0.9327350526902989,3.876091480255127,348
keep,False,True,False,True,False,False,True,False,True,change_to_right,0.9342496301044991,3.8831300735473633,348
keep,False,True,False,True,False,False,True,False,True,cruise,0.29164376830032035,3.872800350189209,348
keep,False,True,False,True,False,False,True,False,True,keep,0.000999,3.9103806018829346,348
keep,False,True,False,True,False,False,True,False,True,swerve_left,0.0011304371362102206,3.890211343765259,348
keep,False,True,False,True,False,False,True,False,True,swerve_right,0.001280510698384704,3.8918275833129883,348
cruise,False,True,False,True,False,True,False,False,True,change_to_left,0.9468758062794426,3.882368564605713,349
cruise,False,True,False,True,False,True,False,False,True,change_to_right,0.9306574897046115,3.93999981880188,349
cruise,False,True,False,True,False,True,False,False,True,cruise,0.22109737273436667,3.873490333557129,349
cruise,False,True,False,True,False,True,False,False,True,keep,0.002255414236500162,3.854384422302246,349
cruise,False,True,False,True,False,True,False,False,True,swerve_left,0.003334459891221121,3.875730037689209,349
cruise,False,True,False,True,False,True,False,False,True,swerve_right,0.0015420710711524551,4.578768253326416,349
keep,False,True,False,True,False,True,False,False,True,change_to_left,0.9091225448814886,4.02709436416626,350
keep,False,True,False,True,False,True,False,False,True,change_to_right,0.9026749589680474,4.034149408340454,350
keep,False,True,False,True,False,True,False,False,True,cruise,0.6404833411823364,4.034349203109741,350
keep,False,True,False,True,False,True,False,False,True,keep,0.000999,4.020257472991943,350
keep,False,True,False,True,False,True,False,False,True,swerve_left,0.0020398851771292787,4.048151254653931,350
keep,False,True,False,True,False,True,False,False,True,swerve_right,0.0013355431825217007,4.051962375640869,350
cruise,False,True,False,True,False,True,True,False,True,change_to_left,0.9381605726901731,4.080136775970459,351
cruise,False,True,False,True,False,True,True,False,True,change_to_right,0.9389630119521402,4.099382162094116,351
cruise,False,True,False,True,False,True,True,False,True,cruise,0.2243472102376346,4.207106351852417,351
cruise,False,True,False,True,False,True,True,False,True,keep,0.0018862458904256715,4.13163685798645,351
cruise,False,True,False,True,False,True,True,False,True,swerve_left,0.003222667303247002,4.146729469299316,351
cruise,False,True,False,True,False,True,True,False,True,swerve_right,0.0016447878707198831,4.10704779624939,351
keep,False,True,False,True,False,True,True,False,True,change_to_left,0.9048566010424122,4.057001352310181,352
keep,False,True,False,True,False,True,True,False,True,change_to_right,0.9077106953174373,4.060750722885132,352
keep,False,True,False,True,False,True,True,False,True,cruise,0.6354409810866418,4.054286956787109,352
keep,False,True,False,True,False,True,True,False,True,keep,0.000999,4.1320271492004395,352
keep,False,True,False,True,False,True,True,False,True,swerve_left,0.002027632827356235,4.035402774810791,352
keep,False,True,False,True,False,True,True,False,True,swerve_right,0.0013721509050427072,4.075510263442993,352
cruise,False,True,False,True,True,False,False,False,True,change_to_left,0.9514103500532779,4.032686948776245,353
cruise,False,True,False,True,True,False,False,False,True,change_to_right,0.9265132133240978,4.044411897659302,353
cruise,False,True,False,True,True,False,False,False,True,cruise,0.2210480052308413,4.0402867794036865,353
cruise,False,True,False,True,True,False,False,False,True,keep,0.0011947196125537175,4.041589260101318,353
cruise,False,True,False,True,True,False,False,False,True,swerve_left,0.0010478368858190094,4.079871892929077,353
cruise,False,True,False,True,True,False,False,False,True,swerve_right,0.0016105083196522468,4.064436435699463,353
keep,False,True,False,True,True,False,False,False,True,change_to_left,0.9291679921950794,4.025965213775635,354
keep,False,True,False,True,True,False,False,False,True,change_to_right,0.9124815947180762,4.083562135696411,354
keep,False,True,False,True,True,False,False,False,True,cruise,0.45236241688773066,4.0498082637786865,354
keep,False,True,False,True,True,False,False,False,True,keep,0.0009989999999999999,3.9949393272399902,354
keep,False,True,False,True,True,False,False,False,True,swerve_left,0.0010356749172211897,4.02657413482666,354
keep,False,True,False,True,True,False,False,False,True,swerve_right,0.0014988512895826322,4.038201332092285,354
cruise,False,True,False,True,True,False,True,False,True,change_to_left,0.9584938998393432,3.0653891563415527,355
cruise,False,True,False,True,True,False,True,False,True,change_to_right,0.9197461331980639,3.0510129928588867,355
cruise,False,True,False,True,True,False,True,False,True,cruise,0.22481398688281762,3.074415445327759,355
cruise,False,True,False,True,True,False,True,False,True,keep,0.0010142275043113504,3.0852577686309814,355
cruise,False,True,False,True,True,False,True,False,True,swerve_left,0.0010054603957107336,3.0585312843322754,355
cruise,False,True,False,True,True,False,True,False,True,swerve_right,0.0012101238734976557,3.092313766479492,355
keep,False,True,False,True,True,False,True,False,True,change_to_left,0.9580648642980478,3.0349233150482178,356
keep,False,True,False,True,True,False,True,False,True,change_to_right,0.9199479529836436,3.0954577922821045,356
keep,False,True,False,True,True,False,True,False,True,cruise,0.22636352841644036,3.04940128326416,356
keep,False,True,False,True,True,False,True,False,True,keep,0.000999,3.0598032474517822,356
keep,False,True,False,True,True,False,True,False,True,swerve_left,0.0010057825974308092,3.059150457382202,356
keep,False,True,False,True,True,False,True,False,True,swerve_right,0.001220548124223018,3.0792980194091797,356
cruise,False,True,False,True,True,True,False,False,True,change_to_left,0.9562870416888257,4.004749059677124,357
cruise,False,True,False,True,True,True,False,False,True,change_to_right,0.9194282897747077,4.033709526062012,357
cruise,False,True,False,True,True,True,False,False,True,cruise,0.2211683351126047,3.850362777709961,357
cruise,False,True,False,True,True,True,False,False,True,keep,0.01575161179200968,3.875905990600586,357
cruise,False,True,False,True,True,True,False,False,True,swerve_left,0.007135086364310644,3.9066898822784424,357
cruise,False,True,False,True,True,True,False,False,True,swerve_right,0.0012928872935953461,3.8703696727752686,357
keep,False,True,False,True,True,True,False,False,True,change_to_left,0.9070628840157327,3.862788677215576,358
keep,False,True,False,True,True,True,False,False,True,change_to_right,0.8952429451933315,3.871314764022827,358
keep,False,True,False,True,True,True,False,False,True,cruise,0.7022802017587803,3.8711488246917725,358
keep,False,True,False,True,True,True,False,False,True,keep,0.000999,3.8682212829589844,358
keep,False,True,False,True,True,True,False,False,True,swerve_left,0.003384601839143504,3.8675167560577393,358
keep,False,True,False,True,True,True,False,False,True,swerve_right,0.0012001466741925599,3.8556084632873535,358
cruise,False,True,False,True,True,True,True,False,True,change_to_left,0.9361863284369434,3.892425298690796,359
cruise,False,True,False,True,True,True,True,False,True,change_to_right,0.9387661981276764,3.89239764213562,359
cruise,False,True,False,True,True,True,True,False,True,cruise,0.23088438036773884,3.926842212677002,359
cruise,False,True,False,True,True,True,True,False,True,keep,0.012184582976679353,3.913907527923584,359
cruise,False,True,False,True,True,True,True,False,True,swerve_left,0.009741660051009815,3.9046547412872314,359
cruise,False,True,False,True,True,True,True,False,True,swerve_right,0.001432477913004534,3.9138240814208984,359
keep,False,True,False,True,True,True,True,False,True,change_to_left,0.8983045064298028,3.9375791549682617,360
keep,False,True,False,True,True,True,True,False,True,change_to_right,0.9018632916103771,3.961714029312134,360
keep,False,True,False,True,True,True,True,False,True,cruise,0.7102343908420291,3.928894519805908,360
keep,False,True,False,True,True,True,True,False,True,keep,0.000999,3.913052797317505,360
keep,False,True,False,True,True,True,True,False,True,swerve_left,0.004247327678658155,3.9042716026306152,360
keep,False,True,False,True,True,True,True,False,True,swerve_right,0.001244604955683272,3.9438695907592773,360
change_to_right,False,True,True,False,False,False,False,False,True,change_to_left,0.9374942894259386,3.8763070106506348,361
change_to_right,False,True,True,False,False,False,False,False,True,change_to_right,0.8801179695344787,3.8779053688049316,361
change_to_right,False,True,True,False,False,False,False,False,True,cruise,0.6007327150434992,3.871509552001953,361
change_to_right,False,True,True,False,False,False,False,False,True,keep,0.01558609379724208,3.9194159507751465,361
change_to_right,False,True,True,False,False,False,False,False,True,swerve_left,0.0010386388823270733,3.9345431327819824,361
change_to_right,False,True,True,False,False,False,False,False,True,swerve_right,0.0012161380068133295,3.886528253555298,361
keep,False,True,True,False,False,False,False,False,True,change_to_left,0.9170524830350333,3.9361987113952637,362
keep,False,True,True,False,False,False,False,False,True,change_to_right,0.9205034255880004,3.894885301589966,362
keep,False,True,True,False,False,False,False,False,True,cruise,0.4810707486351832,3.9528238773345947,362
keep,False,True,True,False,False,False,False,False,True,keep,0.0009990000000000003,3.9390928745269775,362
keep,False,True,True,False,False,False,False,False,True,swerve_left,0.0010227457882749634,3.8893871307373047,362
keep,False,True,True,False,False,False,False,False,True,swerve_right,0.0011879397845911779,3.8579630851745605,362
change_to_right,False,True,True,False,False,False,True,False,True,change_to_left,0.9372145395574394,3.9026715755462646,363
change_to_right,False,True,True,False,False,False,True,False,True,change_to_right,0.8804362737006711,4.005795240402222,363
change_to_right,False,True,True,False,False,False,True,False,True,cruise,0.603902231033744,3.9685850143432617,363
change_to_right,False,True,True,False,False,False,True,False,True,keep,0.015697599568235927,3.926055669784546,363
change_to_right,False,True,True,False,False,False,True,False,True,swerve_left,0.0010551684838833858,3.9938573837280273,363
change_to_right,False,True,True,False,False,False,True,False,True,swerve_right,0.0011983769860506059,3.937049627304077,363
keep,False,True,True,False,False,False,True,False,True,change_to_left,0.9172502486986822,3.8770697116851807,364
keep,False,True,True,False,False,False,True,False,True,change_to_right,0.9205867299298178,3.969503164291382,364
keep,False,True,True,False,False,False,True,False,True,cruise,0.47991765592336016,3.982534885406494,364
keep,False,True,True,False,False,False,True,False,True,keep,0.000999,3.9391536712646484,364
keep,False,True,True,False,False,False,True,False,True,swerve_left,0.0010321998664823188,3.984527587890625,364
keep,False,True,True,False,False,False,True,False,True,swerve_right,0.00119177710145144,4.019836187362671,364
change_to_right,False,True,True,False,False,True,False,False,True,change_to_left,0.885871945072205,3.8928918838500977,365
change_to_right,False,True,True,False,False,True,False,False,True,change_to_right,0.880371353427328,3.8811113834381104,365
change_to_right,False,True,True,False,False,True,False,False,True,cruise,0.27927143742929883,3.914287567138672,365
change_to_right,False,True,True,False,False,True,False,False,True,keep,0.8449901086674118,3.87957763671875,365
change_to_right,False,True,True,False,False,True,False,False,True,swerve_left,0.001009297675742826,3.98592472076416,365
change_to_right,False,True,True,False,False,True,False,False,True,swerve_right,0.0012138712154656387,3.941443920135498,365
keep,False,True,True,False,False,True,False,False,True,change_to_left,0.9171540876934906,3.873512029647827,366
keep,False,True,True,False,False,True,False,False,True,change_to_right,0.9203328608194358,3.849912166595459,366
keep,False,True,True,False,False,True,False,False,True,cruise,0.4791034547765307,3.939115047454834,366
keep,False,True,True,False,False,True,False,False,True,keep,0.0009990000000000003,3.8946373462677,366
keep,False,True,True,False,False,True,False,False,True,swerve_left,0.0010236280152914445,3.925365924835205,366
keep,False,True,True,False,False,True,False,False,True,swerve_right,0.0014444057269805575,3.937946319580078,366
change_to_right,False,True,True,False,False,True,True,False,True,change_to_left,0.8856010292453126,4.026400327682495,367
change_to_right,False,True,True,False,False,True,True,False,True,change_to_right,0.8919778007106565,3.9281094074249268,367
change_to_right,False,True,True,False,False,True,True,False,True,cruise,0.3016738268875751,3.948399066925049,367
change_to_right,False,True,True,False,False,True,True,False,True,keep,0.8164635265116789,3.914069890975952,367
change_to_right,False,True,True,False,False,True,True,False,True,swerve_left,0.0010118043268021884,3.9860048294067383,367
change_to_right,False,True,True,False,False,True,True,False,True,swerve_right,0.0012171713025469712,3.949869394302368,367
keep,False,True,True,False,False,True,True,False,True,change_to_left,0.9102241839324974,3.9572529792785645,368
keep,False,True,True,False,False,True,True,False,True,change_to_right,0.9290386671164261,3.9233241081237793,368
keep,False,True,True,False,False,True,True,False,True,cruise,0.5176054152452942,3.9566967487335205,368
keep,False,True,True,False,False,True,True,False,True,keep,0.0009989999999999999,3.9278175830841064,368
keep,False,True,True,False,False,True,True,False,True,swerve_left,0.0010128348562537853,4.0036375522613525,368
keep,False,True,True,False,False,True,True,False,True,swerve_right,0.00141231816195209,3.998889207839966,368
change_to_right,False,True,True,False,True,False,False,False,True,change_to_left,0.9376660751450523,3.9377565383911133,369
change_to_right,False,True,True,False,True,False,False,False,True,change_to_right,0.8803885624006915,3.9273383617401123,369
change_to_right,False,True,True,False,True,False,False,False,True,cruise,0.6009039219629021,3.906550168991089,369
change_to_right,False,True,True,False,True,False,False,False,True,keep,0.013265255715131102,3.936500072479248,369
change_to_right,False,True,True,False,True,False,False,False,True,swerve_left,0.0011952518541792105,3.8942487239837646,369
change_to_right,False,True,True,False,True,False,False,False,True,swerve_right,0.0018967091821779484,3.901806592941284,369
keep,False,True,True,False,True,False,False,False,True,change_to_left,0.9173916025529425,3.8929708003997803,370
keep,False,True,True,False,True,False,False,False,True,change_to_right,0.9197973385153816,3.8835954666137695,370
keep,False,True,True,False,True,False,False,False,True,cruise,0.48200774420824066,3.9142892360687256,370
keep,False,True,True,False,True,False,False,False,True,keep,0.000999,3.907383441925049,370
keep,False,True,True,False,True,False,False,False,True,swerve_left,0.0011438075105388629,3.8903141021728516,370
keep,False,True,True,False,True,False,False,False,True,swerve_right,0.0016461379365047353,3.952573299407959,370
change_to_right,False,True,True,False,True,False,True,False,True,change_to_left,0.9374003079373264,3.9140548706054688,371
change_to_right,False,True,True,False,True,False,True,False,True,change_to_right,0.8824468708534126,3.957305431365967,371
change_to_right,False,True,True,False,True,False,True,False,True,cruise,0.6039325713237207,3.9799413681030273,371
change_to_right,False,True,True,False,True,False,True,False,True,keep,0.012927108144304877,3.947119951248169,371
change_to_right,False,True,True,False,True,False,True,False,True,swerve_left,0.0012333938837208842,3.8859329223632812,371
change_to_right,False,True,True,False,True,False,True,False,True,swerve_right,0.0018305576171244043,3.989130973815918,371
keep,False,True,True,False,True,False,True,False,True,change_to_left,0.9169739063700714,3.916261911392212,372
keep,False,True,True,False,True,False,True,False,True,change_to_right,0.9219652281161492,3.950078010559082,372
keep,False,True,True,False,True,False,True,False,True,cruise,0.4802318319037875,3.899202346801758,372
keep,False,True,True,False,True,False,True,False,True,keep,0.000999,3.953583002090454,372
keep,False,True,True,False,True,False,True,False,True,swerve_left,0.001159429107862547,3.9780874252319336,372
keep,False,True,True,False,True,False,True,False,True,swerve_right,0.0016118060466790774,4.008442640304565,372
change_to_right,False,True,True,False,True,True,False,False,True,change_to_left,0.8940423831194619,3.9614789485931396,373
change_to_right,False,True,True,False,True,True,False,False,True,change_to_right,0.8805638891923663,3.9481699466705322,373
change_to_right,False,True,True,False,True,True,False,False,True,cruise,0.33357636249865974,3.923245668411255,373
change_to_right,False,True,True,False,True,True,False,False,True,keep,0.7061603273435078,3.8773155212402344,373
change_to_right,False,True,True,False,True,True,False,False,True,swerve_left,0.0011105474441416886,3.9174532890319824,373
change_to_right,False,True,True,False,True,True,False,False,True,swerve_right,0.001986142145757727,3.9346814155578613,373
keep,False,True,True,False,True,True,False,False,True,change_to_left,0.9169129073289566,3.8915979862213135,374
keep,False,True,True,False,True,True,False,False,True,change_to_right,0.9208184949218043,3.8537487983703613,374
keep,False,True,True,False,True,True,False,False,True,cruise,0.47898273227745913,3.9325270652770996,374
keep,False,True,True,False,True,True,False,False,True,keep,0.0009990000000000003,3.8845536708831787,374
keep,False,True,True,False,True,True,False,False,True,swerve_left,0.0012990519725040815,3.916757822036743,374
keep,False,True,True,False,True,True,False,False,True,swerve_right,0.003037524497899933,3.8972437381744385,374
change_to_right,False,True,True,False,True,True,True,False,True,change_to_left,0.8935228155947855,3.923766851425171,375
change_to_right,False,True,True,False,True,True,True,False,True,change_to_right,0.8836186539034908,4.008102655410767,375
change_to_right,False,True,True,False,True,True,True,False,True,cruise,0.38940196462479,4.0020880699157715,375
change_to_right,False,True,True,False,True,True,True,False,True,keep,0.6417786634803775,3.934025764465332,375
change_to_right,False,True,True,False,True,True,True,False,True,swerve_left,0.0011234957896397021,3.958772897720337,375
change_to_right,False,True,True,False,True,True,True,False,True,swerve_right,0.001917474104813887,3.9831879138946533,375
keep,False,True,True,False,True,True,True,False,True,change_to_left,0.9094869678273232,3.935091733932495,376
keep,False,True,True,False,True,True,True,False,True,change_to_right,0.9185769626345501,3.9261581897735596,376
keep,False,True,True,False,True,True,True,False,True,cruise,0.5553762236736967,3.9943506717681885,376
keep,False,True,True,False,True,True,True,False,True,keep,0.000999,3.941784143447876,376
keep,False,True,True,False,True,True,True,False,True,swerve_left,0.0012206114638148898,3.927363395690918,376
keep,False,True,True,False,True,True,True,False,True,swerve_right,0.0026705797306461076,3.9630215167999268,376
change_to_right,False,True,True,True,False,False,False,False,True,change_to_left,0.9723811727851331,3.8758206367492676,377
change_to_right,False,True,True,True,False,False,False,False,True,change_to_right,0.8804505969502304,3.8709678649902344,377
change_to_right,False,True,True,True,False,False,False,False,True,cruise,0.3950332208524206,3.951399087905884,377
change_to_right,False,True,True,True,False,False,False,False,True,keep,0.0011715698502990492,3.8914544582366943,377
change_to_right,False,True,True,True,False,False,False,False,True,swerve_left,0.0012633840137629064,3.888723611831665,377
change_to_right,False,True,True,True,False,False,False,False,True,swerve_right,0.0013880814757292865,3.9052343368530273,377
cruise,False,True,True,True,False,False,False,False,True,change_to_left,0.9382278386015881,3.9327714443206787,378
cruise,False,True,True,True,False,False,False,False,True,change_to_right,0.9399103076927504,3.8758013248443604,378
cruise,False,True,True,True,False,False,False,False,True,cruise,0.2212529542856393,3.8899219036102295,378
cruise,False,True,True,True,False,False,False,False,True,keep,0.0011095071764109787,3.871588945388794,378
cruise,False,True,True,True,False,False,False,False,True,swerve_left,0.001142040269211003,3.8646347522735596,378
cruise,False,True,True,True,False,False,False,False,True,swerve_right,0.0012900973622952609,3.8610246181488037,378
keep,False,True,True,True,False,False,False,False,True,change_to_left,0.9303167607771915,3.914527177810669,379
keep,False,True,True,True,False,False,False,False,True,change_to_right,0.9327271792178954,3.8624701499938965,379
keep,False,True,True,True,False,False,False,False,True,cruise,0.31893216891369885,3.9054973125457764,379
keep,False,True,True,True,False,False,False,False,True,keep,0.000999,3.927567958831787,379
keep,False,True,True,True,False,False,False,False,True,swerve_left,0.001150092574435425,3.886854887008667,379
keep,False,True,True,True,False,False,False,False,True,swerve_right,0.0013007213928548532,3.8885645866394043,379
change_to_right,False,True,True,True,False,False,True,False,True,change_to_left,0.9724633291979605,4.029524803161621,380
change_to_right,False,True,True,True,False,False,True,False,True,change_to_right,0.8805695963001172,3.9359030723571777,380
change_to_right,False,True,True,True,False,False,True,False,True,cruise,0.3943304566384967,3.9857707023620605,380
change_to_right,False,True,True,True,False,False,True,False,True,keep,0.0011287565112165642,3.961246967315674,380
change_to_right,False,True,True,True,False,False,True,False,True,swerve_left,0.0010462604092676638,3.9641098976135254,380
change_to_right,False,True,True,True,False,False,True,False,True,swerve_right,0.0014365429017182438,3.9487171173095703,380
cruise,False,True,True,True,False,False,True,False,True,change_to_left,0.937808682542512,3.9850540161132812,381
cruise,False,True,True,True,False,False,True,False,True,change_to_right,0.9403073371947155,3.915475368499756,381
cruise,False,True,True,True,False,False,True,False,True,cruise,0.2211667556468721,4.034866094589233,381
cruise,False,True,True,True,False,False,True,False,True,keep,0.0011097103887740619,3.928619384765625,381
cruise,False,True,True,True,False,False,True,False,True,swerve_left,0.0010306651792772186,3.9437036514282227,381
cruise,False,True,True,True,False,False,True,False,True,swerve_right,0.0013414042093143185,4.822335720062256,381
keep,False,True,True,True,False,False,True,False,True,change_to_left,0.9303293934702831,4.123653173446655,382
keep,False,True,True,True,False,False,True,False,True,change_to_right,0.93267869040664,4.158644437789917,382
keep,False,True,True,True,False,False,True,False,True,cruise,0.31856804975188574,4.180925369262695,382
keep,False,True,True,True,False,False,True,False,True,keep,0.0009989999999999999,4.130894899368286,382
keep,False,True,True,True,False,False,True,False,True,swerve_left,0.0010276687391152662,4.135474443435669,382
keep,False,True,True,True,False,False,True,False,True,swerve_right,0.0012897198580524532,4.138931512832642,382
change_to_right,False,True,True,True,False,True,False,False,True,change_to_left,0.9988229627023373,3.3259658813476562,383
change_to_right,False,True,True,True,False,True,False,False,True,change_to_right,0.8805775112405005,3.436735153198242,383
change_to_right,False,True,True,True,False,True,False,False,True,cruise,0.228533904021043,3.406682014465332,383
change_to_right,False,True,True,True,False,True,False,False,True,keep,0.0010092103097458331,3.400735855102539,383
change_to_right,False,True,True,True,False,True,False,False,True,swerve_left,0.0010233332072106924,3.3815808296203613,383
change_to_right,False,True,True,True,False,True,False,False,True,swerve_right,0.001135368517099192,3.3439838886260986,383
cruise,False,True,True,True,False,True,False,False,True,change_to_left,0.9374984339978599,4.0438525676727295,384
cruise,False,True,True,True,False,True,False,False,True,change_to_right,0.940200799875638,4.060640573501587,384
cruise,False,True,True,True,False,True,False,False,True,cruise,0.22105548410684234,4.037245512008667,384
cruise,False,True,True,True,False,True,False,False,True,keep,0.0025069393492017354,4.141144514083862,384
cruise,False,True,True,True,False,True,False,False,True,swerve_left,0.003910479475112784,4.0698981285095215,384
cruise,False,True,True,True,False,True,False,False,True,swerve_right,0.0016275938195812942,4.08848762512207,384
keep,False,True,True,True,False,True,False,False,True,change_to_left,0.9984191869486152,3.398895025253296,385
keep,False,True,True,True,False,True,False,False,True,change_to_right,0.8810238012399652,3.3520684242248535,385
keep,False,True,True,True,False,True,False,False,True,cruise,0.228799737205437,3.393725872039795,385
keep,False,True,True,True,False,True,False,False,True,keep,0.0009990000000000003,3.3484835624694824,385
keep,False,True,True,True,False,True,False,False,True,swerve_left,0.0010243309934600895,3.456559181213379,385
keep,False,True,True,True,False,True,False,False,True,swerve_right,0.0011344570456537425,3.323812484741211,385
change_to_right,False,True,True,True,False,True,True,False,True,change_to_left,0.9207985711416764,4.1010870933532715,386
change_to_right,False,True,True,True,False,True,True,False,True,change_to_right,0.964255360205222,4.101755380630493,386
change_to_right,False,True,True,True,False,True,True,False,True,cruise,0.7184338026757489,4.156944036483765,386
change_to_right,False,True,True,True,False,True,True,False,True,keep,0.0015175893605785553,4.154216051101685,386
change_to_right,False,True,True,True,False,True,True,False,True,swerve_left,0.0021136484753108416,4.169127702713013,386
change_to_right,False,True,True,True,False,True,True,False,True,swerve_right,0.001404720653470946,4.223003625869751,386
cruise,False,True,True,True,False,True,True,False,True,change_to_left,0.9474654562432677,4.193314075469971,387
cruise,False,True,True,True,False,True,True,False,True,change_to_right,0.9793321096489502,4.151209831237793,387
cruise,False,True,True,True,False,True,True,False,True,cruise,0.22327490920262189,4.162884950637817,387
cruise,False,True,True,True,False,True,True,False,True,keep,0.0018257326517712247,4.172812461853027,387
cruise,False,True,True,True,False,True,True,False,True,swerve_left,0.0026580394237913723,4.10331916809082,387
cruise,False,True,True,True,False,True,True,False,True,swerve_right,0.0015547277198127952,4.185878038406372,387
keep,False,True,True,True,False,True,True,False,True,change_to_left,0.9116053054350045,4.116156578063965,388
keep,False,True,True,True,False,True,True,False,True,change_to_right,0.9719230406987853,4.133793830871582,388
keep,False,True,True,True,False,True,True,False,True,cruise,0.6128958829731043,4.158771753311157,388
keep,False,True,True,True,False,True,True,False,True,keep,0.0009990000000000003,4.1662232875823975,388
keep,False,True,True,True,False,True,True,False,True,swerve_left,0.001876879537693498,4.127577066421509,388
keep,False,True,True,True,False,True,True,False,True,swerve_right,0.0013495327929722322,4.1347315311431885,388
change_to_right,False,True,True,True,True,False,False,False,True,change_to_left,0.9995242460719824,3.3879024982452393,389
change_to_right,False,True,True,True,True,False,False,False,True,change_to_right,0.8803241270635527,3.342886209487915,389
change_to_right,False,True,True,True,True,False,False,False,True,cruise,0.22440550798492992,3.344818353652954,389
change_to_right,False,True,True,True,True,False,False,False,True,keep,0.001001359846012466,3.3659615516662598,389
change_to_right,False,True,True,True,True,False,False,False,True,swerve_left,0.0010053641212688918,3.406733989715576,389
change_to_right,False,True,True,True,True,False,False,False,True,swerve_right,0.001140376361858514,3.4072794914245605,389
cruise,False,True,True,True,True,False,False,False,True,change_to_left,0.9995704311190473,3.359729051589966,390
cruise,False,True,True,True,True,False,False,False,True,change_to_right,0.880587738876122,3.343832015991211,390
cruise,False,True,True,True,True,False,False,False,True,cruise,0.22126131432540766,3.3825297355651855,390
cruise,False,True,True,True,True,False,False,False,True,keep,0.0010009146014174246,3.3302431106567383,390
cruise,False,True,True,True,True,False,False,False,True,swerve_left,0.001005579134328266,3.3817763328552246,390
cruise,False,True,True,True,True,False,False,False,True,swerve_right,0.0011362826444843168,3.3710782527923584,390
keep,False,True,True,True,True,False,False,False,True,change_to_left,0.9991071126269285,3.3189754486083984,391
keep,False,True,True,True,True,False,False,False,True,change_to_right,0.8811363033670465,3.348970413208008,391
keep,False,True,True,True,True,False,False,False,True,cruise,0.2241152908823078,3.3861026763916016,391
keep,False,True,True,True,True,False,False,False,True,keep,0.000999,3.324897050857544,391
keep,False,True,True,True,True,False,False,False,True,swerve_left,0.0010055436164518867,3.4017493724823,391
keep,False,True,True,True,True,False,False,False,True,swerve_right,0.0011360415539299524,3.3505382537841797,391
change_to_right,False,True,True,True,True,False,True,False,True,change_to_left,0.9460068393348285,4.123854160308838,392
change_to_right,False,True,True,True,True,False,True,False,True,change_to_right,0.8804306738661266,4.058098554611206,392
change_to_right,False,True,True,True,True,False,True,False,True,cruise,0.5251579488014634,4.132116079330444,392
change_to_right,False,True,True,True,True,False,True,False,True,keep,0.04674910023507164,4.156234502792358,392
change_to_right,False,True,True,True,True,False,True,False,True,swerve_left,0.0015395693025388997,4.136270761489868,392
change_to_right,False,True,True,True,True,False,True,False,True,swerve_right,0.001605801783848888,4.22118616104126,392
cruise,False,True,True,True,True,False,True,False,True,change_to_left,0.9478279197378219,4.1629743576049805,393
cruise,False,True,True,True,True,False,True,False,True,change_to_right,0.924814050872639,4.069489002227783,393
cruise,False,True,True,True,True,False,True,False,True,cruise,0.22120375662061376,4.147964954376221,393
cruise,False,True,True,True,True,False,True,False,True,keep,0.04854503762903986,4.087027072906494,393
cruise,False,True,True,True,True,False,True,False,True,swerve_left,0.0015342202747663056,4.13700270652771,393
cruise,False,True,True,True,True,False,True,False,True,swerve_right,0.0016223178152966367,4.188540458679199,393
keep,False,True,True,True,True,False,True,False,True,change_to_left,0.9289959542174412,4.066927909851074,394
keep,False,True,True,True,True,False,True,False,True,change_to_right,0.9133329285402542,4.1389594078063965,394
keep,False,True,True,True,True,False,True,False,True,cruise,0.4537268777595947,4.146275758743286,394
keep,False,True,True,True,True,False,True,False,True,keep,0.0010040307438115856,4.115968465805054,394
keep,False,True,True,True,True,False,True,False,True,swerve_left,0.0014299549439471635,4.151989936828613,394
keep,False,True,True,True,True,False,True,False,True,swerve_right,0.0015089944846657087,4.200013637542725,394
change_to_right,False,True,True,True,True,True,False,False,True,change_to_left,0.997826543825404,3.3854944705963135,395
change_to_right,False,True,True,True,True,True,False,False,True,change_to_right,0.8802195104102656,3.357516288757324,395
change_to_right,False,True,True,True,True,True,False,False,True,cruise,0.2348772972405293,3.4138741493225098,395
change_to_right,False,True,True,True,True,True,False,False,True,keep,0.001160626553426897,3.4098598957061768,395
change_to_right,False,True,True,True,True,True,False,False,True,swerve_left,0.0010712506504947379,3.3703315258026123,395
change_to_right,False,True,True,True,True,True,False,False,True,swerve_right,0.0011351513837259226,3.4046075344085693,395
cruise,False,True,True,True,True,True,False,False,True,change_to_left,0.9995443271628237,3.3495240211486816,396
cruise,False,True,True,True,True,True,False,False,True,change_to_right,0.8806508126012995,3.376854658126831,396
cruise,False,True,True,True,True,True,False,False,True,cruise,0.22109252538155413,3.4280154705047607,396
cruise,False,True,True,True,True,True,False,False,True,keep,0.0011582636313525376,3.345273733139038,396
cruise,False,True,True,True,True,True,False,False,True,swerve_left,0.0010743903130420753,3.419508218765259,396
cruise,False,True,True,True,True,True,False,False,True,swerve_right,0.001136046981146864,3.343708038330078,396
keep,False,True,True,True,True,True,False,False,True,change_to_left,0.9974623278038773,3.316861629486084,397
keep,False,True,True,True,True,True,False,False,True,change_to_right,0.8802786112134023,3.4045441150665283,397
keep,False,True,True,True,True,True,False,False,True,cruise,0.2346756254978523,3.3821237087249756,397
keep,False,True,True,True,True,True,False,False,True,keep,0.000999,3.389096260070801,397
keep,False,True,True,True,True,True,False,False,True,swerve_left,0.0010717932111792457,3.3965306282043457,397
keep,False,True,True,True,True,True,False,False,True,swerve_right,0.0011375433281107738,3.3166990280151367,397
change_to_right,False,True,True,True,True,True,True,False,True,change_to_left,0.9227097930691032,4.220231771469116,398
change_to_right,False,True,True,True,True,True,True,False,True,change_to_right,0.8907766419357033,4.114826679229736,398
change_to_right,False,True,True,True,True,True,True,False,True,cruise,0.7003894880281807,4.11095118522644,398
change_to_right,False,True,True,True,True,True,True,False,True,keep,0.006096597652441133,4.095275402069092,398
change_to_right,False,True,True,True,True,True,True,False,True,swerve_left,0.0017632152938605171,4.135401487350464,398
change_to_right,False,True,True,True,True,True,True,False,True,swerve_right,0.007189145686513228,4.1473870277404785,398
cruise,False,True,True,True,True,True,True,False,True,change_to_left,0.955667872964617,4.132152795791626,399
cruise,False,True,True,True,True,True,True,False,True,change_to_right,0.9280047053963264,4.199701309204102,399
cruise,False,True,True,True,True,True,True,False,True,cruise,0.2318495011356412,4.114702224731445,399
cruise,False,True,True,True,True,True,True,False,True,keep,0.009848439800072752,4.114867925643921,399
cruise,False,True,True,True,True,True,True,False,True,swerve_left,0.0022763812752131293,4.109031677246094,399
cruise,False,True,True,True,True,True,True,False,True,swerve_right,0.011465809796109266,4.111552000045776,399
keep,False,True,True,True,True,True,True,False,True,change_to_left,0.9153627737735642,4.155580043792725,400
keep,False,True,True,True,True,True,True,False,True,change_to_right,0.9087447008016496,4.1830079555511475,400
keep,False,True,True,True,True,True,True,False,True,cruise,0.6252747781206083,4.136564254760742,400
keep,False,True,True,True,True,True,True,False,True,keep,0.000999,4.1242406368255615,400
keep,False,True,True,True,True,True,True,False,True,swerve_left,0.0016066238976042418,4.212750673294067,400
keep,False,True,True,True,True,True,True,False,True,swerve_right,0.006348039935432755,4.241808176040649,400
keep,True,False,False,False,False,False,False,False,True,change_to_left,0.9171222403157494,4.017093896865845,401
keep,True,False,False,False,False,False,False,False,True,change_to_right,0.9199321437691037,4.057440280914307,401
keep,True,False,False,False,False,False,False,False,True,cruise,0.4794529505952818,4.017996549606323,401
keep,True,False,False,False,False,False,False,False,True,keep,0.000999,4.030725717544556,401
keep,True,False,False,False,False,False,False,False,True,swerve_left,0.0010330652024975837,4.039635419845581,401
keep,True,False,False,False,False,False,False,False,True,swerve_right,0.0011974002327018636,4.025871515274048,401
keep,True,False,False,False,False,False,True,False,True,change_to_left,0.9168918829353211,4.038774490356445,402
keep,True,False,False,False,False,False,True,False,True,change_to_right,0.9198270314664277,4.131963014602661,402
keep,True,False,False,False,False,False,True,False,True,cruise,0.48112627973895145,4.116258859634399,402
keep,True,False,False,False,False,False,True,False,True,keep,0.000999,4.13731050491333,402
keep,True,False,False,False,False,False,True,False,True,swerve_left,0.001027747672615343,4.051129102706909,402
keep,True,False,False,False,False,False,True,False,True,swerve_right,0.0011973693125668157,4.057994365692139,402
keep,True,False,False,False,False,True,False,False,True,change_to_left,0.9176892755748758,4.032307147979736,403
keep,True,False,False,False,False,True,False,False,True,change_to_right,0.9195783295959211,4.075403928756714,403
keep,True,False,False,False,False,True,False,False,True,cruise,0.4793588448228312,4.029428005218506,403
keep,True,False,False,False,False,True,False,False,True,keep,0.000999,4.020509481430054,403
keep,True,False,False,False,False,True,False,False,True,swerve_left,0.0010417133258337598,4.0281267166137695,403
keep,True,False,False,False,False,True,False,False,True,swerve_right,0.0017400206848047703,4.017909526824951,403
keep,True,False,False,False,False,True,True,False,True,change_to_left,0.9172525303899816,4.098580837249756,404
keep,True,False,False,False,False,True,True,False,True,change_to_right,0.9195043228959549,4.059423446655273,404
keep,True,False,False,False,False,True,True,False,True,cruise,0.48099821807421783,4.097509860992432,404
keep,True,False,False,False,False,True,True,False,True,keep,0.000999,4.171636343002319,404
keep,True,False,False,False,False,True,True,False,True,swerve_left,0.0010411282682802664,4.069887399673462,404
keep,True,False,False,False,False,True,True,False,True,swerve_right,0.0018135257444049605,4.1034345626831055,404
keep,True,False,False,False,True,False,False,False,True,change_to_left,0.9174458689026443,4.019355773925781,405
keep,True,False,False,False,True,False,False,False,True,change_to_right,0.9195875908920833,4.01772403717041,405
keep,True,False,False,False,True,False,False,False,True,cruise,0.48040198413893975,4.017030477523804,405
keep,True,False,False,False,True,False,False,False,True,keep,0.0009989999999999999,4.018272399902344,405
keep,True,False,False,False,True,False,False,False,True,swerve_left,0.0013383257681726158,4.037771940231323,405
keep,True,False,False,False,True,False,False,False,True,swerve_right,0.0020595249779212198,4.014461517333984,405
keep,True,False,False,False,True,False,True,False,True,change_to_left,0.917329855976377,4.0402748584747314,406
keep,True,False,False,False,True,False,True,False,True,change_to_right,0.9198559234221695,4.096626281738281,406
keep,True,False,False,False,True,False,True,False,True,cruise,0.47872557594628135,4.050222158432007,406
keep,True,False,False,False,True,False,True,False,True,keep,0.000999,4.0752270221710205,406
keep,True,False,False,False,True,False,True,False,True,swerve_left,0.001298312043530066,4.1781227588653564,406
keep,True,False,False,False,True,False,True,False,True,swerve_right,0.0020712363519272167,4.117138147354126,406
keep,True,False,False,False,True,True,False,False,True,change_to_left,0.9178607303102323,4.07380747795105,407
keep,True,False,False,False,True,True,False,False,True,change_to_right,0.919603012518156,4.05431342124939,407
keep,True,False,False,False,True,True,False,False,True,cruise,0.47374560175733194,4.044049263000488,407
keep,True,False,False,False,True,True,False,False,True,keep,0.000999,4.089064836502075,407
keep,True,False,False,False,True,True,False,False,True,swerve_left,0.0021089430274219417,4.07729172706604,407
keep,True,False,False,False,True,True,False,False,True,swerve_right,0.004952034499573885,4.091145038604736,407
keep,True,False,False,False,True,True,True,False,True,change_to_left,0.9170144023660245,4.100403785705566,408
keep,True,False,False,False,True,True,True,False,True,change_to_right,0.9190201133033347,4.1035661697387695,408
keep,True,False,False,False,True,True,True,False,True,cruise,0.4818558804823092,4.101948499679565,408
keep,True,False,False,False,True,True,True,False,True,keep,0.000999,4.09977126121521,408
keep,True,False,False,False,True,True,True,False,True,swerve_left,0.0019913044373817417,4.068235397338867,408
keep,True,False,False,False,True,True,True,False,True,swerve_right,0.004931826992060685,4.2153260707855225,408
keep,True,False,False,True,False,False,False,False,True,change_to_left,0.9008870969651851,4.021340370178223,409
keep,True,False,False,True,False,False,False,False,True,change_to_right,0.9273467217231731,4.059508323669434,409
keep,True,False,False,True,False,False,False,False,True,cruise,0.5327269133376303,4.10491418838501,409
keep,True,False,False,True,False,False,False,False,True,keep,0.000999,4.0830302238464355,409
keep,True,False,False,True,False,False,False,False,True,swerve_left,0.0010488252745166084,4.067235469818115,409
keep,True,False,False,True,False,False,False,False,True,swerve_right,0.0014444689264102297,3.9085845947265625,409
change_to_left,True,False,False,True,False,False,True,False,True,change_to_left,0.8769051785124949,3.9041807651519775,410
change_to_left,True,False,False,True,False,False,True,False,True,change_to_right,0.9395611781553188,3.8936901092529297,410
change_to_left,True,False,False,True,False,False,True,False,True,cruise,0.6100518314219954,3.910461664199829,410
change_to_left,True,False,False,True,False,False,True,False,True,keep,0.001136432374111245,3.887923240661621,410
change_to_left,True,False,False,True,False,False,True,False,True,swerve_left,0.001087448884372059,3.910064458847046,410
change_to_left,True,False,False,True,False,False,True,False,True,swerve_right,0.0014866967165421219,3.8958890438079834,410
keep,True,False,False,True,False,False,True,False,True,change_to_left,0.9179466212685022,3.9437339305877686,411
keep,True,False,False,True,False,False,True,False,True,change_to_right,0.9195750598545674,3.9031052589416504,411
keep,True,False,False,True,False,False,True,False,True,cruise,0.48002666556769963,3.8921821117401123,411
keep,True,False,False,True,False,False,True,False,True,keep,0.000999,3.9249067306518555,411
keep,True,False,False,True,False,False,True,False,True,swerve_left,0.0010606376911460806,3.9407854080200195,411
keep,True,False,False,True,False,False,True,False,True,swerve_right,0.0014091532986183742,3.932318687438965,411
keep,True,False,False,True,False,True,False,False,True,change_to_left,0.9008171795326619,3.893925428390503,412
keep,True,False,False,True,False,True,False,False,True,change_to_right,0.927798985068649,3.858301877975464,412
keep,True,False,False,True,False,True,False,False,True,cruise,0.5293462496261405,3.843832492828369,412
keep,True,False,False,True,False,True,False,False,True,keep,0.000999,3.831817865371704,412
keep,True,False,False,True,False,True,False,False,True,swerve_left,0.002222725211526106,3.871365547180176,412
keep,True,False,False,True,False,True,False,False,True,swerve_right,0.002018716700744827,3.8724122047424316,412
change_to_left,True,False,False,True,False,True,True,False,True,change_to_left,0.877431125183148,3.902244806289673,413
change_to_left,True,False,False,True,False,True,True,False,True,change_to_right,0.9349434328467086,3.986719846725464,413
change_to_left,True,False,False,True,False,True,True,False,True,cruise,0.5807593728706653,3.9825994968414307,413
change_to_left,True,False,False,True,False,True,True,False,True,keep,0.07459743697484847,3.953007221221924,413
change_to_left,True,False,False,True,False,True,True,False,True,swerve_left,0.002464078219726105,3.8878848552703857,413
change_to_left,True,False,False,True,False,True,True,False,True,swerve_right,0.002073517906727353,3.8760037422180176,413
keep,True,False,False,True,False,True,True,False,True,change_to_left,0.9177239844661597,3.92440128326416,414
keep,True,False,False,True,False,True,True,False,True,change_to_right,0.9197945833011328,3.9351792335510254,414
keep,True,False,False,True,False,True,True,False,True,cruise,0.4789805879326932,3.9239706993103027,414
keep,True,False,False,True,False,True,True,False,True,keep,0.000999,3.8980777263641357,414
keep,True,False,False,True,False,True,True,False,True,swerve_left,0.002020794338875709,3.894798755645752,414
keep,True,False,False,True,False,True,True,False,True,swerve_right,0.001757191221014249,3.877896785736084,414
keep,True,False,False,True,True,False,False,False,True,change_to_left,0.9012438272133917,3.8572871685028076,415
keep,True,False,False,True,True,False,False,False,True,change_to_right,0.9273226126296905,3.8462600708007812,415
keep,True,False,False,True,True,False,False,False,True,cruise,0.5316616513309403,3.9414761066436768,415
keep,True,False,False,True,True,False,False,False,True,keep,0.0009989999999999999,3.8688483238220215,415
keep,True,False,False,True,True,False,False,False,True,swerve_left,0.0021939694372712605,3.893949270248413,415
keep,True,False,False,True,True,False,False,False,True,swerve_right,0.0021468526548621167,3.8871567249298096,415
change_to_left,True,False,False,True,True,False,True,False,True,change_to_left,0.8773434067735221,3.910996675491333,416
change_to_left,True,False,False,True,True,False,True,False,True,change_to_right,0.9328729689045816,3.891204595565796,416
change_to_left,True,False,False,True,True,False,True,False,True,cruise,0.5651420715035326,3.9548070430755615,416
change_to_left,True,False,False,True,True,False,True,False,True,keep,0.11316285917688773,3.927781343460083,416
change_to_left,True,False,False,True,True,False,True,False,True,swerve_left,0.0022150119027660566,3.8748466968536377,416
change_to_left,True,False,False,True,True,False,True,False,True,swerve_right,0.00219639069926293,3.902806282043457,416
keep,True,False,False,True,True,False,True,False,True,change_to_left,0.9181183435415713,3.886989116668701,417
keep,True,False,False,True,True,False,True,False,True,change_to_right,0.9192809708879225,3.896716594696045,417
keep,True,False,False,True,True,False,True,False,True,cruise,0.4807507943103164,3.883153200149536,417
keep,True,False,False,True,True,False,True,False,True,keep,0.0009989999999999999,3.972722291946411,417
keep,True,False,False,True,True,False,True,False,True,swerve_left,0.002009773316763556,3.9239883422851562,417
keep,True,False,False,True,True,False,True,False,True,swerve_right,0.0020630527258787765,3.8874545097351074,417
keep,True,False,False,True,True,True,False,False,True,change_to_left,0.8993237160285076,3.8665237426757812,418
keep,True,False,False,True,True,True,False,False,True,change_to_right,0.9242450213011749,3.851945161819458,418
keep,True,False,False,True,True,True,False,False,True,cruise,0.5145885405039006,3.894110918045044,418
keep,True,False,False,True,True,True,False,False,True,keep,0.000999,3.8689842224121094,418
keep,True,False,False,True,True,True,False,False,True,swerve_left,0.04136642016133801,3.851170778274536,418
keep,True,False,False,True,True,True,False,False,True,swerve_right,0.024068223807878937,3.8518567085266113,418
change_to_left,True,False,False,True,True,True,True,False,True,change_to_left,0.8938265818593205,3.874939441680908,419
change_to_left,True,False,False,True,True,True,True,False,True,change_to_right,0.9272276992762014,3.9100286960601807,419
change_to_left,True,False,False,True,True,True,True,False,True,cruise,0.5391678202202399,3.918391466140747,419
change_to_left,True,False,False,True,True,True,True,False,True,keep,0.12663128307928026,3.903538465499878,419
change_to_left,True,False,False,True,True,True,True,False,True,swerve_left,0.04330229662526716,3.949655532836914,419
change_to_left,True,False,False,True,True,True,True,False,True,swerve_right,0.026224216148023716,3.9014110565185547,419
keep,True,False,False,True,True,True,True,False,True,change_to_left,0.9276172212543398,3.914354085922241,420
keep,True,False,False,True,True,True,True,False,True,change_to_right,0.9176006915610861,3.971595048904419,420
keep,True,False,False,True,True,True,True,False,True,cruise,0.4646226534144727,3.905790090560913,420
keep,True,False,False,True,True,True,True,False,True,keep,0.0009990000000000003,3.927360773086548,420
keep,True,False,False,True,True,True,True,False,True,swerve_left,0.03458853114142797,3.8822903633117676,420
keep,True,False,False,True,True,True,True,False,True,swerve_right,0.020555206022896094,3.887059211730957,420
cruise,True,False,True,False,False,False,False,False,True,change_to_left,0.937389980881503,3.868069648742676,421
cruise,True,False,True,False,False,False,False,False,True,change_to_right,0.9402083759137337,3.886706590652466,421
cruise,True,False,True,False,False,False,False,False,True,cruise,0.22111713834040614,3.9331352710723877,421
cruise,True,False,True,False,False,False,False,False,True,keep,0.0012198656106428923,3.8847713470458984,421
cruise,True,False,True,False,False,False,False,False,True,swerve_left,0.0010390269933570578,3.91664719581604,421
cruise,True,False,True,False,False,False,False,False,True,swerve_right,0.0012191281845020266,3.956331729888916,421
keep,True,False,True,False,False,False,False,False,True,change_to_left,0.91759607027499,3.9512991905212402,422
keep,True,False,True,False,False,False,False,False,True,change_to_right,0.9197125109815794,3.925236225128174,422
keep,True,False,True,False,False,False,False,False,True,cruise,0.47934218481925794,3.954193592071533,422
keep,True,False,True,False,False,False,False,False,True,keep,0.000999,3.901115894317627,422
keep,True,False,True,False,False,False,False,False,True,swerve_left,0.0010228684416884982,3.9066622257232666,422
keep,True,False,True,False,False,False,False,False,True,swerve_right,0.0012034780607295108,3.878356456756592,422
cruise,True,False,True,False,False,False,True,False,True,change_to_left,0.9381755356073447,3.907555341720581,423
cruise,True,False,True,False,False,False,True,False,True,change_to_right,0.9397213300840682,3.9119298458099365,423
cruise,True,False,True,False,False,False,True,False,True,cruise,0.22121016110654448,3.9338324069976807,423
cruise,True,False,True,False,False,False,True,False,True,keep,0.001220899653910453,3.918536901473999,423
cruise,True,False,True,False,False,False,True,False,True,swerve_left,0.0010390365443637166,3.9485650062561035,423
cruise,True,False,True,False,False,False,True,False,True,swerve_right,0.001219567916390616,3.9126222133636475,423
keep,True,False,True,False,False,False,True,False,True,change_to_left,0.9168940915556709,3.955573797225952,424
keep,True,False,True,False,False,False,True,False,True,change_to_right,0.9200750676181807,3.98517107963562,424
keep,True,False,True,False,False,False,True,False,True,cruise,0.4834580741150802,3.9412806034088135,424
keep,True,False,True,False,False,False,True,False,True,keep,0.0009990000000000003,3.9372920989990234,424
keep,True,False,True,False,False,False,True,False,True,swerve_left,0.0010225616161651928,3.8990604877471924,424
keep,True,False,True,False,False,False,True,False,True,swerve_right,0.0011996454274307547,3.910266876220703,424
cruise,True,False,True,False,False,True,False,False,True,change_to_left,0.9108337755471267,3.894754648208618,425
cruise,True,False,True,False,False,True,False,False,True,change_to_right,0.9133479541480669,3.9189555644989014,425
cruise,True,False,True,False,False,True,False,False,True,cruise,0.22133199954081947,3.9101016521453857,425
cruise,True,False,True,False,False,True,False,False,True,keep,0.43973975680192834,3.8979172706604004,425
cruise,True,False,True,False,False,True,False,False,True,swerve_left,0.001020555362992029,3.8826699256896973,425
cruise,True,False,True,False,False,True,False,False,True,swerve_right,0.001647844013659958,3.899155855178833,425
keep,True,False,True,False,False,True,False,False,True,change_to_left,0.9175875182362917,3.8733320236206055,426
keep,True,False,True,False,False,True,False,False,True,change_to_right,0.9199408739573889,3.967257022857666,426
keep,True,False,True,False,False,True,False,False,True,cruise,0.4802004722390154,3.933457612991333,426
keep,True,False,True,False,False,True,False,False,True,keep,0.000999,3.920417070388794,426
keep,True,False,True,False,False,True,False,False,True,swerve_left,0.0010417191295738026,3.9108591079711914,426
keep,True,False,True,False,False,True,False,False,True,swerve_right,0.0017979681176434276,3.8854031562805176,426
cruise,True,False,True,False,False,True,True,False,True,change_to_left,0.9109323724182579,3.8903684616088867,427
cruise,True,False,True,False,False,True,True,False,True,change_to_right,0.9133538472700721,3.9664759635925293,427
cruise,True,False,True,False,False,True,True,False,True,cruise,0.22131271078228604,4.0192015171051025,427
cruise,True,False,True,False,False,True,True,False,True,keep,0.43840506997662565,3.872753858566284,427
cruise,True,False,True,False,False,True,True,False,True,swerve_left,0.0010362419842675444,3.9019381999969482,427
cruise,True,False,True,False,False,True,True,False,True,swerve_right,0.0017090643499376903,3.9097912311553955,427
keep,True,False,True,False,False,True,True,False,True,change_to_left,0.9175431784882218,3.888810157775879,428
keep,True,False,True,False,False,True,True,False,True,change_to_right,0.9195100456641976,3.957218647003174,428
keep,True,False,True,False,False,True,True,False,True,cruise,0.4805860145358014,3.9015350341796875,428
keep,True,False,True,False,False,True,True,False,True,keep,0.000999,4.047744035720825,428
keep,True,False,True,False,False,True,True,False,True,swerve_left,0.0010416475712719355,3.92396879196167,428
keep,True,False,True,False,False,True,True,False,True,swerve_right,0.0017380514476771662,3.9409422874450684,428
cruise,True,False,True,False,True,False,False,False,True,change_to_left,0.9300436029617974,3.8934226036071777,429
cruise,True,False,True,False,True,False,False,False,True,change_to_right,0.9319683939672044,3.9495716094970703,429
cruise,True,False,True,False,True,False,False,False,True,cruise,0.2216441477474756,3.876950263977051,429
cruise,True,False,True,False,True,False,False,False,True,keep,0.12987010047482098,3.880402088165283,429
cruise,True,False,True,False,True,False,False,False,True,swerve_left,0.001437659679456525,3.906644821166992,429
cruise,True,False,True,False,True,False,False,False,True,swerve_right,0.0024815152571875058,3.8983850479125977,429
keep,True,False,True,False,True,False,False,False,True,change_to_left,0.917624144289531,3.8770835399627686,430
keep,True,False,True,False,True,False,False,False,True,change_to_right,0.9196262073029203,3.8973937034606934,430
keep,True,False,True,False,True,False,False,False,True,cruise,0.4805441959442053,3.8753039836883545,430
keep,True,False,True,False,True,False,False,False,True,keep,0.0009990000000000003,3.8919436931610107,430
keep,True,False,True,False,True,False,False,False,True,swerve_left,0.0013356834395320477,3.93011474609375,430
keep,True,False,True,False,True,False,False,False,True,swerve_right,0.0020696922598831455,3.933946371078491,430
cruise,True,False,True,False,True,False,True,False,True,change_to_left,0.9300200039030221,4.00829291343689,431
cruise,True,False,True,False,True,False,True,False,True,change_to_right,0.931717017003819,3.9341964721679688,431
cruise,True,False,True,False,True,False,True,False,True,cruise,0.2213370876763422,3.9463160037994385,431
cruise,True,False,True,False,True,False,True,False,True,keep,0.13131475390311415,3.9821183681488037,431
cruise,True,False,True,False,True,False,True,False,True,swerve_left,0.0014153079020494763,3.9329354763031006,431
cruise,True,False,True,False,True,False,True,False,True,swerve_right,0.0024365474654603663,3.9031946659088135,431
keep,True,False,True,False,True,False,True,False,True,change_to_left,0.9171216850389537,3.9023070335388184,432
keep,True,False,True,False,True,False,True,False,True,change_to_right,0.9195307383055235,3.8788187503814697,432
keep,True,False,True,False,True,False,True,False,True,cruise,0.4818842534564038,3.9170982837677,432
keep,True,False,True,False,True,False,True,False,True,keep,0.000999,3.921718120574951,432
keep,True,False,True,False,True,False,True,False,True,swerve_left,0.001338750006100239,3.912463903427124,432
keep,True,False,True,False,True,False,True,False,True,swerve_right,0.0021324199608147862,3.946305513381958,432
cruise,True,False,True,False,True,True,False,False,True,change_to_left,0.8907742813997577,3.932621479034424,433
cruise,True,False,True,False,True,True,False,False,True,change_to_right,0.8934166307921597,3.9020779132843018,433
cruise,True,False,True,False,True,True,False,False,True,cruise,0.2214701636454767,3.8956828117370605,433
cruise,True,False,True,False,True,True,False,False,True,keep,0.7630347222758216,3.9074864387512207,433
cruise,True,False,True,False,True,True,False,False,True,swerve_left,0.0013438008394379792,3.8806862831115723,433
cruise,True,False,True,False,True,True,False,False,True,swerve_right,0.002410651051843309,3.8730545043945312,433
keep,True,False,True,False,True,True,False,False,True,change_to_left,0.9168498778601987,3.891794204711914,434
keep,True,False,True,False,True,True,False,False,True,change_to_right,0.9195247222891764,3.876840353012085,434
keep,True,False,True,False,True,True,False,False,True,cruise,0.4816987792904164,4.311077117919922,434
keep,True,False,True,False,True,True,False,False,True,keep,0.0009990000000000003,4.2819764614105225,434
keep,True,False,True,False,True,True,False,False,True,swerve_left,0.0020510606847161136,4.0670270919799805,434
keep,True,False,True,False,True,True,False,False,True,swerve_right,0.004965049550691678,4.10448145866394,434
cruise,True,False,True,False,True,True,True,False,True,change_to_left,0.8907941900170832,4.082115173339844,435
cruise,True,False,True,False,True,True,True,False,True,change_to_right,0.8936775344477017,4.154158353805542,435
cruise,True,False,True,False,True,True,True,False,True,cruise,0.22271239846400478,4.142467975616455,435
cruise,True,False,True,False,True,True,True,False,True,keep,0.7619457579564599,4.124592542648315,435
cruise,True,False,True,False,True,True,True,False,True,swerve_left,0.0013821822996156247,4.141942024230957,435
cruise,True,False,True,False,True,True,True,False,True,swerve_right,0.0024706475632048637,4.0994439125061035,435
keep,True,False,True,False,True,True,True,False,True,change_to_left,0.9172426139969581,4.102490186691284,436
keep,True,False,True,False,True,True,True,False,True,change_to_right,0.919572289924369,4.121232271194458,436
keep,True,False,True,False,True,True,True,False,True,cruise,0.4790992455305766,4.092775821685791,436
keep,True,False,True,False,True,True,True,False,True,keep,0.000999,4.11813759803772,436
keep,True,False,True,False,True,True,True,False,True,swerve_left,0.0020866305906312834,4.077225685119629,436
keep,True,False,True,False,True,True,True,False,True,swerve_right,0.004939657605671792,4.148747444152832,436
cruise,True,False,True,True,False,False,False,False,True,change_to_left,0.9165451972188755,4.063046932220459,437
cruise,True,False,True,True,False,False,False,False,True,change_to_right,0.9605779916537829,4.049955129623413,437
cruise,True,False,True,True,False,False,False,False,True,cruise,0.22137483591935436,4.092979431152344,437
cruise,True,False,True,True,False,False,False,False,True,keep,0.0011815728475780343,4.1152050495147705,437
cruise,True,False,True,True,False,False,False,False,True,swerve_left,0.0010955982191025954,4.0492844581604,437
cruise,True,False,True,True,False,False,False,False,True,swerve_right,0.001642770769266044,4.074892997741699,437
keep,True,False,True,True,False,False,False,False,True,change_to_left,0.9009465989222449,4.089858770370483,438
keep,True,False,True,True,False,False,False,False,True,change_to_right,0.9278245180437626,4.083953142166138,438
keep,True,False,True,True,False,False,False,False,True,cruise,0.5333542042917485,4.101278781890869,438
keep,True,False,True,True,False,False,False,False,True,keep,0.000999,4.0749359130859375,438
keep,True,False,True,True,False,False,False,False,True,swerve_left,0.0010595590097979065,4.04450798034668,438
keep,True,False,True,True,False,False,False,False,True,swerve_right,0.0014417788991876483,4.087203741073608,438
change_to_left,True,False,True,True,False,False,True,False,True,change_to_left,0.8771239033802168,4.072078227996826,439
change_to_left,True,False,True,True,False,False,True,False,True,change_to_right,0.9400444575511431,4.140763759613037,439
change_to_left,True,False,True,True,False,False,True,False,True,cruise,0.6092139289601417,4.165204763412476,439
change_to_left,True,False,True,True,False,False,True,False,True,keep,0.0011648419352585388,4.1866748332977295,439
change_to_left,True,False,True,True,False,False,True,False,True,swerve_left,0.001058828329099779,4.195127010345459,439
change_to_left,True,False,True,True,False,False,True,False,True,swerve_right,0.0014882000338864215,4.107418060302734,439
cruise,True,False,True,True,False,False,True,False,True,change_to_left,0.9383111104906928,4.150311470031738,440
cruise,True,False,True,True,False,False,True,False,True,change_to_right,0.9396916992734022,4.171829462051392,440
cruise,True,False,True,True,False,False,True,False,True,cruise,0.22118151971011263,4.2123658657073975,440
cruise,True,False,True,True,False,False,True,False,True,keep,0.0011380194263032285,4.154449701309204,440
cruise,True,False,True,True,False,False,True,False,True,swerve_left,0.0010741728861223385,4.109296560287476,440
cruise,True,False,True,True,False,False,True,False,True,swerve_right,0.0014942296636796864,4.172529220581055,440
keep,True,False,True,True,False,False,True,False,True,change_to_left,0.9180868764127568,4.115117311477661,441
keep,True,False,True,True,False,False,True,False,True,change_to_right,0.9197069029774546,4.139972448348999,441
keep,True,False,True,True,False,False,True,False,True,cruise,0.4809333222985432,4.091212272644043,441
keep,True,False,True,True,False,False,True,False,True,keep,0.000999,4.14787745475769,441
keep,True,False,True,True,False,False,True,False,True,swerve_left,0.0010601539617460705,4.155521869659424,441
keep,True,False,True,True,False,False,True,False,True,swerve_right,0.0013700393816685591,4.131145715713501,441
cruise,True,False,True,True,False,True,False,False,True,change_to_left,0.8767397799533251,3.385690927505493,442
cruise,True,False,True,True,False,True,False,False,True,change_to_right,0.9993493194882767,3.352195978164673,442
cruise,True,False,True,True,False,True,False,False,True,cruise,0.22134834917327603,3.3981056213378906,442
cruise,True,False,True,True,False,True,False,False,True,keep,0.001749695872691372,3.3308701515197754,442
cruise,True,False,True,True,False,True,False,False,True,swerve_left,0.001019840857288814,3.3564555644989014,442
cruise,True,False,True,True,False,True,False,False,True,swerve_right,0.0011407408514293965,3.405176877975464,442
keep,True,False,True,True,False,True,False,False,True,change_to_left,0.8768110676625958,3.385056495666504,443
keep,True,False,True,True,False,True,False,False,True,change_to_right,0.9988644465598012,3.3500521183013916,443
keep,True,False,True,True,False,True,False,False,True,cruise,0.22499021478229772,3.4185092449188232,443
keep,True,False,True,True,False,True,False,False,True,keep,0.000999,3.3369505405426025,443
keep,True,False,True,True,False,True,False,False,True,swerve_left,0.0010189913041901294,3.425924777984619,443
keep,True,False,True,True,False,True,False,False,True,swerve_right,0.0011419343338145544,3.373771905899048,443
change_to_left,True,False,True,True,False,True,True,False,True,change_to_left,0.8779111742819828,4.105396509170532,444
change_to_left,True,False,True,True,False,True,True,False,True,change_to_right,0.9347292983756913,4.146578788757324,444
change_to_left,True,False,True,True,False,True,True,False,True,cruise,0.5816082590923587,4.114314079284668,444
change_to_left,True,False,True,True,False,True,True,False,True,keep,0.07612109842517158,4.114465236663818,444
change_to_left,True,False,True,True,False,True,True,False,True,swerve_left,0.0024573541039351215,4.081378698348999,444
change_to_left,True,False,True,True,False,True,True,False,True,swerve_right,0.0020759125687011713,4.2100231647491455,444
cruise,True,False,True,True,False,True,True,False,True,change_to_left,0.9341620377771617,4.117756605148315,445
cruise,True,False,True,True,False,True,True,False,True,change_to_right,0.9348904762668343,4.164710521697998,445
cruise,True,False,True,True,False,True,True,False,True,cruise,0.2214204353879191,4.123037576675415,445
cruise,True,False,True,True,False,True,True,False,True,keep,0.07603141568778755,4.1236793994903564,445
cruise,True,False,True,True,False,True,True,False,True,swerve_left,0.0024433822643482117,4.106792211532593,445
cruise,True,False,True,True,False,True,True,False,True,swerve_right,0.0020565195200273096,4.191301584243774,445
keep,True,False,True,True,False,True,True,False,True,change_to_left,0.9184608217460793,4.086057662963867,446
keep,True,False,True,True,False,True,True,False,True,change_to_right,0.9195844233543456,4.185365676879883,446
keep,True,False,True,True,False,True,True,False,True,cruise,0.4810820779848133,4.058243036270142,446
keep,True,False,True,True,False,True,True,False,True,keep,0.0009989999999999999,4.116688966751099,446
keep,True,False,True,True,False,True,True,False,True,swerve_left,0.0020200740542237385,4.140748500823975,446
keep,True,False,True,True,False,True,True,False,True,swerve_right,0.0018511344494703955,4.169786691665649,446
cruise,True,False,True,True,True,False,False,False,True,change_to_left,0.9114454999273482,4.113769769668579,447
cruise,True,False,True,True,True,False,False,False,True,change_to_right,0.9481796953493316,4.130499362945557,447
cruise,True,False,True,True,True,False,False,False,True,cruise,0.22154846701956468,4.081204652786255,447
cruise,True,False,True,True,True,False,False,False,True,keep,0.14574779111660646,4.064275741577148,447
cruise,True,False,True,True,True,False,False,False,True,swerve_left,0.0026823806198934177,4.089041709899902,447
cruise,True,False,True,True,True,False,False,False,True,swerve_right,0.0026199774098971717,4.039581775665283,447
keep,True,False,True,True,True,False,False,False,True,change_to_left,0.9007091539892974,4.05700945854187,448
keep,True,False,True,True,True,False,False,False,True,change_to_right,0.9275255446479415,4.085103273391724,448
keep,True,False,True,True,True,False,False,False,True,cruise,0.5323909228472277,4.07918381690979,448
keep,True,False,True,True,True,False,False,False,True,keep,0.000999,4.1330132484436035,448
keep,True,False,True,True,True,False,False,False,True,swerve_left,0.002179437684962363,4.071771621704102,448
keep,True,False,True,True,True,False,False,False,True,swerve_right,0.002193082652951888,4.100672483444214,448
change_to_left,True,False,True,True,True,False,True,False,True,change_to_left,0.8793333125133623,4.1340248584747314,449
change_to_left,True,False,True,True,True,False,True,False,True,change_to_right,0.9325917246274456,4.171522617340088,449
change_to_left,True,False,True,True,True,False,True,False,True,cruise,0.565690660480112,4.147768020629883,449
change_to_left,True,False,True,True,True,False,True,False,True,keep,0.11435668201392411,4.146822690963745,449
change_to_left,True,False,True,True,True,False,True,False,True,swerve_left,0.002260462190363725,4.11520791053772,449
change_to_left,True,False,True,True,True,False,True,False,True,swerve_right,0.0023362435295162373,4.21390438079834,449
cruise,True,False,True,True,True,False,True,False,True,change_to_left,0.9332938669161667,4.170754432678223,450
cruise,True,False,True,True,True,False,True,False,True,change_to_right,0.9322544741587002,4.016340732574463,450
cruise,True,False,True,True,True,False,True,False,True,cruise,0.22137250395343042,4.096828937530518,450
cruise,True,False,True,True,True,False,True,False,True,keep,0.11301823950119716,4.113382816314697,450
cruise,True,False,True,True,True,False,True,False,True,swerve_left,0.002252607265259388,4.098721742630005,450
cruise,True,False,True,True,True,False,True,False,True,swerve_right,0.0021097795824929315,4.155370473861694,450
keep,True,False,True,True,True,False,True,False,True,change_to_left,0.9197998121148863,4.113774538040161,451
keep,True,False,True,True,True,False,True,False,True,change_to_right,0.9191510514331187,4.106287956237793,451
keep,True,False,True,True,True,False,True,False,True,cruise,0.4798181160734407,4.107856273651123,451
keep,True,False,True,True,True,False,True,False,True,keep,0.000999,4.22226619720459,451
keep,True,False,True,True,True,False,True,False,True,swerve_left,0.0019235490462529304,4.156818866729736,451
keep,True,False,True,True,True,False,True,False,True,swerve_right,0.001957387627585974,4.166926383972168,451
cruise,True,False,True,True,True,True,False,False,True,change_to_left,0.9068339815423576,4.110644578933716,452
cruise,True,False,True,True,True,True,False,False,True,change_to_right,0.9413048883884796,4.090863943099976,452
cruise,True,False,True,True,True,True,False,False,True,cruise,0.22161939344855996,4.042596101760864,452
cruise,True,False,True,True,True,True,False,False,True,keep,0.15872096998301558,4.085655689239502,452
cruise,True,False,True,True,True,True,False,False,True,swerve_left,0.05404527507808649,4.098727703094482,452
cruise,True,False,True,True,True,True,False,False,True,swerve_right,0.03151243549306637,4.149684190750122,452
keep,True,False,True,True,True,True,False,False,True,change_to_left,0.8991329507867097,4.059844017028809,453
keep,True,False,True,True,True,True,False,False,True,change_to_right,0.9254264384028617,4.078325986862183,453
keep,True,False,True,True,True,True,False,False,True,cruise,0.5095160717554735,4.103751182556152,453
keep,True,False,True,True,True,True,False,False,True,keep,0.000999,4.107446908950806,453
keep,True,False,True,True,True,True,False,False,True,swerve_left,0.04086860627652321,4.065006732940674,453
keep,True,False,True,True,True,True,False,False,True,swerve_right,0.024076480424839248,4.11384129524231,453
change_to_left,True,False,True,True,True,True,True,False,True,change_to_left,0.8911660977634728,4.114572525024414,454
change_to_left,True,False,True,True,True,True,True,False,True,change_to_right,0.9282096631248741,4.139635324478149,454
change_to_left,True,False,True,True,True,True,True,False,True,cruise,0.5328558138383914,4.25287389755249,454
change_to_left,True,False,True,True,True,True,True,False,True,keep,0.12909722706527005,4.207342147827148,454
change_to_left,True,False,True,True,True,True,True,False,True,swerve_left,0.04393029078666914,4.118052005767822,454
change_to_left,True,False,True,True,True,True,True,False,True,swerve_right,0.025334731501313292,4.113168001174927,454
cruise,True,False,True,True,True,True,True,False,True,change_to_left,0.9348756900537551,4.182739019393921,455
cruise,True,False,True,True,True,True,True,False,True,change_to_right,0.9279933960859982,4.1113128662109375,455
cruise,True,False,True,True,True,True,True,False,True,cruise,0.22176398155079474,4.132351398468018,455
cruise,True,False,True,True,True,True,True,False,True,keep,0.13048058419145292,4.219375371932983,455
cruise,True,False,True,True,True,True,True,False,True,swerve_left,0.04455327301793912,4.157492399215698,455
cruise,True,False,True,True,True,True,True,False,True,swerve_right,0.02574935151279175,4.1067399978637695,455
keep,True,False,True,True,True,True,True,False,True,change_to_left,0.9251654962427155,4.1225364208221436,456
keep,True,False,True,True,True,True,True,False,True,change_to_right,0.9177384342399855,4.1481757164001465,456
keep,True,False,True,True,True,True,True,False,True,cruise,0.4677921406083357,4.162349462509155,456
keep,True,False,True,True,True,True,True,False,True,keep,0.0009990000000000003,4.235702991485596,456
keep,True,False,True,True,True,True,True,False,True,swerve_left,0.034990740084760524,4.151410341262817,456
keep,True,False,True,True,True,True,True,False,True,swerve_right,0.02037428682225729,4.1504738330841064,456
keep,True,True,False,False,False,False,False,False,True,change_to_left,0.9177354802352528,4.025477170944214,457
keep,True,True,False,False,False,False,False,False,True,change_to_right,0.9193748209594468,4.044519901275635,457
keep,True,True,False,False,False,False,False,False,True,cruise,0.47945603635204354,4.063769102096558,457
keep,True,True,False,False,False,False,False,False,True,keep,0.000999,4.059047698974609,457
keep,True,True,False,False,False,False,False,False,True,swerve_left,0.0010276772262426427,4.031162261962891,457
keep,True,True,False,False,False,False,False,False,True,swerve_right,0.0012026929268842443,4.057858467102051,457
keep,True,True,False,False,False,False,True,False,True,change_to_left,0.9174764681796087,4.062127351760864,458
keep,True,True,False,False,False,False,True,False,True,change_to_right,0.9196921540952305,4.1934123039245605,458
keep,True,True,False,False,False,False,True,False,True,cruise,0.4774634325992977,4.111938953399658,458
keep,True,True,False,False,False,False,True,False,True,keep,0.000999,4.1447765827178955,458
keep,True,True,False,False,False,False,True,False,True,swerve_left,0.0010327985016586477,4.120544910430908,458
keep,True,True,False,False,False,False,True,False,True,swerve_right,0.0011986395755548811,4.092562675476074,458
keep,True,True,False,False,False,True,False,False,True,change_to_left,0.9202367125578854,4.050339698791504,459
keep,True,True,False,False,False,True,False,False,True,change_to_right,0.9178453538910685,4.051319599151611,459
keep,True,True,False,False,False,True,False,False,True,cruise,0.47369474592068334,4.065276384353638,459
keep,True,True,False,False,False,True,False,False,True,keep,0.0009990000000000003,4.084118127822876,459
keep,True,True,False,False,False,True,False,False,True,swerve_left,0.0010401875323995243,4.103626728057861,459
keep,True,True,False,False,False,True,False,False,True,swerve_right,0.0017149996205772138,4.038532257080078,459
keep,True,True,False,False,False,True,True,False,True,change_to_left,0.9128992935677896,4.069938898086548,460
keep,True,True,False,False,False,True,True,False,True,change_to_right,0.9449861228397645,4.074982404708862,460
keep,True,True,False,False,False,True,True,False,True,cruise,0.34069817694521315,4.150863885879517,460
keep,True,True,False,False,False,True,True,False,True,keep,0.000999,4.050907850265503,460
keep,True,True,False,False,False,True,True,False,True,swerve_left,0.0016904570221722376,4.038442850112915,460
keep,True,True,False,False,False,True,True,False,True,swerve_right,0.0015477273907705767,4.111015558242798,460
keep,True,True,False,False,True,False,False,False,True,change_to_left,0.919978647311082,4.096585750579834,461
keep,True,True,False,False,True,False,False,False,True,change_to_right,0.9167271844466581,4.08434534072876,461
keep,True,True,False,False,True,False,False,False,True,cruise,0.4788295007210917,4.063201189041138,461
keep,True,True,False,False,True,False,False,False,True,keep,0.000999,4.046809911727905,461
keep,True,True,False,False,True,False,False,False,True,swerve_left,0.0011766504914460158,4.066415786743164,461
keep,True,True,False,False,True,False,False,False,True,swerve_right,0.001933789840174533,4.030391693115234,461
keep,True,True,False,False,True,False,True,False,True,change_to_left,0.915179605897307,4.09320592880249,462
keep,True,True,False,False,True,False,True,False,True,change_to_right,0.9169724726076721,4.100719213485718,462
keep,True,True,False,False,True,False,True,False,True,cruise,0.5101387319517676,4.111833810806274,462
keep,True,True,False,False,True,False,True,False,True,keep,0.000999,4.166181564331055,462
keep,True,True,False,False,True,False,True,False,True,swerve_left,0.001195498879920107,4.156694173812866,462
keep,True,True,False,False,True,False,True,False,True,swerve_right,0.0020280232497194664,4.099123239517212,462
keep,True,True,False,False,True,True,False,False,True,change_to_left,0.9219582818918748,4.081080675125122,463
keep,True,True,False,False,True,True,False,False,True,change_to_right,0.9081389015720389,4.083186388015747,463
keep,True,True,False,False,True,True,False,False,True,cruise,0.5211219176113315,4.060480117797852,463
keep,True,True,False,False,True,True,False,False,True,keep,0.0009990000000000003,4.031062602996826,463
keep,True,True,False,False,True,True,False,False,True,swerve_left,0.0015338284381447465,4.02006721496582,463
keep,True,True,False,False,True,True,False,False,True,swerve_right,0.0035366541021236023,4.042586088180542,463
keep,True,True,False,False,True,True,True,False,True,change_to_left,0.9222825608563688,4.034545183181763,464
keep,True,True,False,False,True,True,True,False,True,change_to_right,0.9319636348668621,4.091541051864624,464
keep,True,True,False,False,True,True,True,False,True,cruise,0.3646751498297901,4.109679937362671,464
keep,True,True,False,False,True,True,True,False,True,keep,0.000999,4.0502541065216064,464
keep,True,True,False,False,True,True,True,False,True,swerve_left,0.0012474337255289607,4.086402893066406,464
keep,True,True,False,False,True,True,True,False,True,swerve_right,0.002224439815861828,4.033670425415039,464
keep,True,True,False,True,False,False,False,False,True,change_to_left,0.9007013010609524,4.109506845474243,465
keep,True,True,False,True,False,False,False,False,True,change_to_right,0.9276847990500777,4.093700170516968,465
keep,True,True,False,True,False,False,False,False,True,cruise,0.5322790679098677,4.054003000259399,465
keep,True,True,False,True,False,False,False,False,True,keep,0.000999,4.066012144088745,465
keep,True,True,False,True,False,False,False,False,True,swerve_left,0.0010595584012763626,4.036401748657227,465
keep,True,True,False,True,False,False,False,False,True,swerve_right,0.0013980889007853149,4.084521055221558,465
change_to_left,True,True,False,True,False,False,True,False,True,change_to_left,0.8769953463754853,4.139800786972046,466
change_to_left,True,True,False,True,False,False,True,False,True,change_to_right,0.9398881290129236,4.105135679244995,466
change_to_left,True,True,False,True,False,False,True,False,True,cruise,0.6080836320831625,4.143592357635498,466
change_to_left,True,True,False,True,False,False,True,False,True,keep,0.0011659006792149832,4.110255241394043,466
change_to_left,True,True,False,True,False,False,True,False,True,swerve_left,0.0010885584908716182,4.132011413574219,466
change_to_left,True,True,False,True,False,False,True,False,True,swerve_right,0.0014638903130401997,4.073235273361206,466
keep,True,True,False,True,False,False,True,False,True,change_to_left,0.9179436195412131,4.0319664478302,467
keep,True,True,False,True,False,False,True,False,True,change_to_right,0.9193260520939536,4.1231443881988525,467
keep,True,True,False,True,False,False,True,False,True,cruise,0.48105716094430645,4.095757007598877,467
keep,True,True,False,True,False,False,True,False,True,keep,0.000999,4.092628717422485,467
keep,True,True,False,True,False,False,True,False,True,swerve_left,0.0010600755946800235,4.09735894203186,467
keep,True,True,False,True,False,False,True,False,True,swerve_right,0.0012975502203335634,4.1541008949279785,467
keep,True,True,False,True,False,True,False,False,True,change_to_left,0.8765840853013811,3.318873882293701,468
keep,True,True,False,True,False,True,False,False,True,change_to_right,0.9988193614887603,3.36106538772583,468
keep,True,True,False,True,False,True,False,False,True,cruise,0.2225269948836541,3.40020489692688,468
keep,True,True,False,True,False,True,False,False,True,keep,0.000999,3.3843019008636475,468
keep,True,True,False,True,False,True,False,False,True,swerve_left,0.0010067037722133391,3.4262325763702393,468
keep,True,True,False,True,False,True,False,False,True,swerve_right,0.001120205744754561,3.368445634841919,468
change_to_left,True,True,False,True,False,True,True,False,True,change_to_left,0.8780293669775439,4.21117377281189,469
change_to_left,True,True,False,True,False,True,True,False,True,change_to_right,0.9348164839869855,4.105874300003052,469
change_to_left,True,True,False,True,False,True,True,False,True,cruise,0.5895694807885554,4.132606267929077,469
change_to_left,True,True,False,True,False,True,True,False,True,keep,0.06532474464335825,4.165616273880005,469
change_to_left,True,True,False,True,False,True,True,False,True,swerve_left,0.0015833248218010128,4.137087106704712,469
change_to_left,True,True,False,True,False,True,True,False,True,swerve_right,0.0020380382189951985,4.189208745956421,469
keep,True,True,False,True,False,True,True,False,True,change_to_left,0.9058708694401748,4.142364025115967,470
keep,True,True,False,True,False,True,True,False,True,change_to_right,0.9583674696530946,4.102214574813843,470
keep,True,True,False,True,False,True,True,False,True,cruise,0.31007882925744457,4.12920618057251,470
keep,True,True,False,True,False,True,True,False,True,keep,0.000999,4.103386402130127,470
keep,True,True,False,True,False,True,True,False,True,swerve_left,0.0013048643969348836,4.069335222244263,470
keep,True,True,False,True,False,True,True,False,True,swerve_right,0.0015935653374981175,4.117249250411987,470
keep,True,True,False,True,True,False,False,False,True,change_to_left,0.9005062103428987,4.0364768505096436,471
keep,True,True,False,True,True,False,False,False,True,change_to_right,0.9263550677282258,4.052840232849121,471
keep,True,True,False,True,True,False,False,False,True,cruise,0.5407785420038261,4.0753254890441895,471
keep,True,True,False,True,True,False,False,False,True,keep,0.0009989999999999999,4.051240682601929,471
keep,True,True,False,True,True,False,False,False,True,swerve_left,0.001911989477342586,4.042998552322388,471
keep,True,True,False,True,True,False,False,False,True,swerve_right,0.002081170997920646,4.074141979217529,471
change_to_left,True,True,False,True,True,False,True,False,True,change_to_left,0.9015457246725228,4.16794228553772,472
change_to_left,True,True,False,True,True,False,True,False,True,change_to_right,0.9355165225585885,4.091737508773804,472
change_to_left,True,True,False,True,True,False,True,False,True,cruise,0.600795056845057,4.138915300369263,472
change_to_left,True,True,False,True,True,False,True,False,True,keep,0.04558221749266595,4.124370574951172,472
change_to_left,True,True,False,True,True,False,True,False,True,swerve_left,0.0014931090595568359,4.084610462188721,472
change_to_left,True,True,False,True,True,False,True,False,True,swerve_right,0.0023720463605968055,4.100796461105347,472
keep,True,True,False,True,True,False,True,False,True,change_to_left,0.9343948341313267,4.054239511489868,473
keep,True,True,False,True,True,False,True,False,True,change_to_right,0.9181519959100788,4.1138622760772705,473
keep,True,True,False,True,True,False,True,False,True,cruise,0.4867852516436301,4.067018985748291,473
keep,True,True,False,True,True,False,True,False,True,keep,0.000999,4.072659254074097,473
keep,True,True,False,True,True,False,True,False,True,swerve_left,0.001358512679645543,4.079034328460693,473
keep,True,True,False,True,True,False,True,False,True,swerve_right,0.0019697511939990933,4.124152183532715,473
keep,True,True,False,True,True,True,False,False,True,change_to_left,0.8767515256053048,3.42171049118042,474
keep,True,True,False,True,True,True,False,False,True,change_to_right,0.9987283117672958,3.348267078399658,474
keep,True,True,False,True,True,True,False,False,True,cruise,0.22241648540620731,3.3391945362091064,474
keep,True,True,False,True,True,True,False,False,True,keep,0.0009989999999999999,3.364682197570801,474
keep,True,True,False,True,True,True,False,False,True,swerve_left,0.0014499674018167528,3.308866500854492,474
keep,True,True,False,True,True,True,False,False,True,swerve_right,0.0013875070085655468,3.3534131050109863,474
change_to_left,True,True,False,True,True,True,True,False,True,change_to_left,0.888742453286101,4.064453840255737,475
change_to_left,True,True,False,True,True,True,True,False,True,change_to_right,0.9589271047800183,4.138401031494141,475
change_to_left,True,True,False,True,True,True,True,False,True,cruise,0.3837980833467008,4.05580997467041,475
change_to_left,True,True,False,True,True,True,True,False,True,keep,0.07908434500033712,4.042489290237427,475
change_to_left,True,True,False,True,True,True,True,False,True,swerve_left,0.033530681852922364,4.110429763793945,475
change_to_left,True,True,False,True,True,True,True,False,True,swerve_right,0.01843144912216807,4.067120313644409,475
keep,True,True,False,True,True,True,True,False,True,change_to_left,0.9175326264847522,4.0521018505096436,476
keep,True,True,False,True,True,True,True,False,True,change_to_right,0.9434219003284867,4.091874837875366,476
keep,True,True,False,True,True,True,True,False,True,cruise,0.35135654544632894,4.110256195068359,476
keep,True,True,False,True,True,True,True,False,True,keep,0.000999,4.079385042190552,476
keep,True,True,False,True,True,True,True,False,True,swerve_left,0.02719211324106062,4.175734996795654,476
keep,True,True,False,True,True,True,True,False,True,swerve_right,0.014817917402247976,4.111441135406494,476
cruise,True,True,True,False,False,False,False,False,True,change_to_left,0.9379193782877804,4.138441324234009,477
cruise,True,True,True,False,False,False,False,False,True,change_to_right,0.9397495263472797,4.0758538246154785,477
cruise,True,True,True,False,False,False,False,False,True,cruise,0.22129770377928637,4.125927448272705,477
cruise,True,True,True,False,False,False,False,False,True,keep,0.0012204565409953418,4.0502610206604,477
cruise,True,True,True,False,False,False,False,False,True,swerve_left,0.0010394774549836447,4.108678102493286,477
cruise,True,True,True,False,False,False,False,False,True,swerve_right,0.0012316092699216211,4.098585605621338,477
keep,True,True,True,False,False,False,False,False,True,change_to_left,0.9168551156742019,4.064292907714844,478
keep,True,True,True,False,False,False,False,False,True,change_to_right,0.9198467741573281,4.067146062850952,478
keep,True,True,True,False,False,False,False,False,True,cruise,0.4817108058000288,4.081003904342651,478
keep,True,True,True,False,False,False,False,False,True,keep,0.0009990000000000003,4.1282126903533936,478
keep,True,True,True,False,False,False,False,False,True,swerve_left,0.0010227827741175544,4.083910703659058,478
keep,True,True,True,False,False,False,False,False,True,swerve_right,0.001190695206959054,4.0930633544921875,478
cruise,True,True,True,False,False,False,True,False,True,change_to_left,0.9384241120172424,4.174190998077393,479
cruise,True,True,True,False,False,False,True,False,True,change_to_right,0.9394261445432048,4.09988808631897,479
cruise,True,True,True,False,False,False,True,False,True,cruise,0.22147338746727888,4.199315786361694,479
cruise,True,True,True,False,False,False,True,False,True,keep,0.0011921344666944314,4.20595383644104,479
cruise,True,True,True,False,False,False,True,False,True,swerve_left,0.0010392519785991348,4.081344366073608,479
cruise,True,True,True,False,False,False,True,False,True,swerve_right,0.0012288535383799823,4.113544225692749,479
keep,True,True,True,False,False,False,True,False,True,change_to_left,0.9176595458528788,4.139509439468384,480
keep,True,True,True,False,False,False,True,False,True,change_to_right,0.9194925894523157,4.1414635181427,480
keep,True,True,True,False,False,False,True,False,True,cruise,0.48083705473680494,4.142747163772583,480
keep,True,True,True,False,False,False,True,False,True,keep,0.0009989999999999999,4.1736109256744385,480
keep,True,True,True,False,False,False,True,False,True,swerve_left,0.0010329031336082733,4.108519077301025,480
keep,True,True,True,False,False,False,True,False,True,swerve_right,0.0011718102878863375,4.130252361297607,480
cruise,True,True,True,False,False,True,False,False,True,change_to_left,0.9104551216139171,4.176826000213623,481
cruise,True,True,True,False,False,True,False,False,True,change_to_right,0.9141504203111918,4.140424728393555,481
cruise,True,True,True,False,False,True,False,False,True,cruise,0.22189831192671158,4.098074436187744,481
cruise,True,True,True,False,False,True,False,False,True,keep,0.4349848313336349,4.096216917037964,481
cruise,True,True,True,False,False,True,False,False,True,swerve_left,0.0010201499874960462,4.091119289398193,481
cruise,True,True,True,False,False,True,False,False,True,swerve_right,0.0014383575270990627,4.134761333465576,481
keep,True,True,True,False,False,True,False,False,True,change_to_left,0.9163147720441893,4.103923559188843,482
keep,True,True,True,False,False,True,False,False,True,change_to_right,0.9196890634436506,4.1407012939453125,482
keep,True,True,True,False,False,True,False,False,True,cruise,0.48643320780647153,4.085085868835449,482
keep,True,True,True,False,False,True,False,False,True,keep,0.0009990000000000003,4.075463533401489,482
keep,True,True,True,False,False,True,False,False,True,swerve_left,0.001041306629096352,4.079854249954224,482
keep,True,True,True,False,False,True,False,False,True,swerve_right,0.0015476492006441685,4.109157085418701,482
cruise,True,True,True,False,False,True,True,False,True,change_to_left,0.9243569477642832,4.081454753875732,483
cruise,True,True,True,False,False,True,True,False,True,change_to_right,0.9204378223586851,4.088460445404053,483
cruise,True,True,True,False,False,True,True,False,True,cruise,0.23090997364556443,4.151442289352417,483
cruise,True,True,True,False,False,True,True,False,True,keep,0.26873009976808826,4.112047433853149,483
cruise,True,True,True,False,False,True,True,False,True,swerve_left,0.0010184352364219326,4.109105825424194,483
cruise,True,True,True,False,False,True,True,False,True,swerve_right,0.0013182810217980641,4.0853917598724365,483
keep,True,True,True,False,False,True,True,False,True,change_to_left,0.9204942123710326,4.096616268157959,484
keep,True,True,True,False,False,True,True,False,True,change_to_right,0.9174221871853876,4.11212158203125,484
keep,True,True,True,False,False,True,True,False,True,cruise,0.47958087650489195,4.120056629180908,484
keep,True,True,True,False,False,True,True,False,True,keep,0.000999,4.0861968994140625,484
keep,True,True,True,False,False,True,True,False,True,swerve_left,0.0010169915244280915,4.1278297901153564,484
keep,True,True,True,False,False,True,True,False,True,swerve_right,0.0013029029756451043,4.135935544967651,484
cruise,True,True,True,False,True,False,False,False,True,change_to_left,0.9304022234020056,4.10272479057312,485
cruise,True,True,True,False,True,False,False,False,True,change_to_right,0.93180023831353,4.1219847202301025,485
cruise,True,True,True,False,True,False,False,False,True,cruise,0.22852652405672658,4.1387434005737305,485
cruise,True,True,True,False,True,False,False,False,True,keep,0.12834136466901439,4.145227670669556,485
cruise,True,True,True,False,True,False,False,False,True,swerve_left,0.0013634669862720738,4.140114068984985,485
cruise,True,True,True,False,True,False,False,False,True,swerve_right,0.0014555290269617715,4.1897382736206055,485
keep,True,True,True,False,True,False,False,False,True,change_to_left,0.9152123876913817,4.078144073486328,486
keep,True,True,True,False,True,False,False,False,True,change_to_right,0.9180411119964882,4.1407554149627686,486
keep,True,True,True,False,True,False,False,False,True,cruise,0.5096429766633825,4.10293436050415,486
keep,True,True,True,False,True,False,False,False,True,keep,0.0009989999999999999,4.096698522567749,486
keep,True,True,True,False,True,False,False,False,True,swerve_left,0.0012522242750323234,4.0842673778533936,486
keep,True,True,True,False,True,False,False,False,True,swerve_right,0.001388334492723077,4.132200479507446,486
cruise,True,True,True,False,True,False,True,False,True,change_to_left,0.933335891896305,4.110263824462891,487
cruise,True,True,True,False,True,False,True,False,True,change_to_right,0.9295254260616613,4.1561503410339355,487
cruise,True,True,True,False,True,False,True,False,True,cruise,0.2483925636393839,4.146031618118286,487
cruise,True,True,True,False,True,False,True,False,True,keep,0.12356681165323836,4.125645637512207,487
cruise,True,True,True,False,True,False,True,False,True,swerve_left,0.0013916764724476855,4.120605945587158,487
cruise,True,True,True,False,True,False,True,False,True,swerve_right,0.0021631501326115046,4.114972352981567,487
keep,True,True,True,False,True,False,True,False,True,change_to_left,0.9198579546575548,4.211785078048706,488
keep,True,True,True,False,True,False,True,False,True,change_to_right,0.917036438953158,4.185104846954346,488
keep,True,True,True,False,True,False,True,False,True,cruise,0.49983919569346724,4.161630868911743,488
keep,True,True,True,False,True,False,True,False,True,keep,0.000999,4.1353678703308105,488
keep,True,True,True,False,True,False,True,False,True,swerve_left,0.001295775659180467,4.205237150192261,488
keep,True,True,True,False,True,False,True,False,True,swerve_right,0.0019767072680345514,4.124922513961792,488
cruise,True,True,True,False,True,True,False,False,True,change_to_left,0.9380073393746304,3.351086378097534,489
cruise,True,True,True,False,True,True,False,False,True,change_to_right,0.9395110383441042,3.3840298652648926,489
cruise,True,True,True,False,True,True,False,False,True,cruise,0.23078865473772942,3.4051427841186523,489
cruise,True,True,True,False,True,True,False,False,True,keep,0.004372386394756791,3.4319140911102295,489
cruise,True,True,True,False,True,True,False,False,True,swerve_left,0.0010014195689471658,3.5066134929656982,489
cruise,True,True,True,False,True,True,False,False,True,swerve_right,0.001106426184652534,3.4049696922302246,489
keep,True,True,True,False,True,True,False,False,True,change_to_left,0.9383284155477587,3.386598587036133,490
keep,True,True,True,False,True,True,False,False,True,change_to_right,0.9397086727221344,3.435675621032715,490
keep,True,True,True,False,True,True,False,False,True,cruise,0.23187893922120775,3.414738178253174,490
keep,True,True,True,False,True,True,False,False,True,keep,0.000999,3.4773919582366943,490
keep,True,True,True,False,True,True,False,False,True,swerve_left,0.0010012868105013914,3.399472236633301,490
keep,True,True,True,False,True,True,False,False,True,swerve_right,0.001106892166514357,3.3979058265686035,490
cruise,True,True,True,False,True,True,True,False,True,change_to_left,0.938077831027958,3.403921365737915,491
cruise,True,True,True,False,True,True,True,False,True,change_to_right,0.9391184508249202,3.485617160797119,491
cruise,True,True,True,False,True,True,True,False,True,cruise,0.23680462236559116,3.494058609008789,491
cruise,True,True,True,False,True,True,True,False,True,keep,0.004379074681544351,3.4510366916656494,491
cruise,True,True,True,False,True,True,True,False,True,swerve_left,0.0010009061267658797,3.4620933532714844,491
cruise,True,True,True,False,True,True,True,False,True,swerve_right,0.0010874095692078155,3.5271034240722656,491
keep,True,True,True,False,True,True,True,False,True,change_to_left,0.9385543657638967,3.4442102909088135,492
keep,True,True,True,False,True,True,True,False,True,change_to_right,0.9388967338390476,3.426543951034546,492
keep,True,True,True,False,True,True,True,False,True,cruise,0.23777961443927897,3.4472897052764893,492
keep,True,True,True,False,True,True,True,False,True,keep,0.000999,3.4196760654449463,492
keep,True,True,True,False,True,True,True,False,True,swerve_left,0.0010011714437434425,3.4363489151000977,492
keep,True,True,True,False,True,True,True,False,True,swerve_right,0.0010897863082443197,3.4699292182922363,492
cruise,True,True,True,True,False,False,False,False,True,change_to_left,0.9172825660061632,4.046586751937866,493
cruise,True,True,True,True,False,False,False,False,True,change_to_right,0.9599071192597293,4.035803556442261,493
cruise,True,True,True,True,False,False,False,False,True,cruise,0.22188713159898266,4.0483479499816895,493
cruise,True,True,True,True,False,False,False,False,True,keep,0.0011849510308373976,4.058250904083252,493
cruise,True,True,True,True,False,False,False,False,True,swerve_left,0.0010978553680555563,4.078885555267334,493
cruise,True,True,True,True,False,False,False,False,True,swerve_right,0.0015762752252918948,4.120734214782715,493
keep,True,True,True,True,False,False,False,False,True,change_to_left,0.9011937363048251,4.065060138702393,494
keep,True,True,True,True,False,False,False,False,True,change_to_right,0.9272087168965205,4.006856203079224,494
keep,True,True,True,True,False,False,False,False,True,cruise,0.5336858273230103,3.9578914642333984,494
keep,True,True,True,True,False,False,False,False,True,keep,0.000999,3.8970842361450195,494
keep,True,True,True,True,False,False,False,False,True,swerve_left,0.0010716841485950497,3.8787167072296143,494
keep,True,True,True,True,False,False,False,False,True,swerve_right,0.0013763659981121975,3.885892152786255,494
change_to_left,True,True,True,True,False,False,True,False,True,change_to_left,0.8772251462825014,3.948063850402832,495
change_to_left,True,True,True,True,False,False,True,False,True,change_to_right,0.9399857485524546,3.9521141052246094,495
change_to_left,True,True,True,True,False,False,True,False,True,cruise,0.6090181164475673,3.940079689025879,495
change_to_left,True,True,True,True,False,False,True,False,True,keep,0.0011094011707506672,4.048043727874756,495
change_to_left,True,True,True,True,False,False,True,False,True,swerve_left,0.001059271928789922,3.9369568824768066,495
change_to_left,True,True,True,True,False,False,True,False,True,swerve_right,0.0012364670106206502,3.9649412631988525,495
cruise,True,True,True,True,False,False,True,False,True,change_to_left,0.9382410126808598,3.984834671020508,496
cruise,True,True,True,True,False,False,True,False,True,change_to_right,0.9398039523146555,3.9557414054870605,496
cruise,True,True,True,True,False,False,True,False,True,cruise,0.22227694124732292,3.9624814987182617,496
cruise,True,True,True,True,False,False,True,False,True,keep,0.0011385198971444561,3.9819717407226562,496
cruise,True,True,True,True,False,False,True,False,True,swerve_left,0.0010746129257623274,3.99117112159729,496
cruise,True,True,True,True,False,False,True,False,True,swerve_right,0.0012374680315039577,3.955277442932129,496
keep,True,True,True,True,False,False,True,False,True,change_to_left,0.918497980823507,3.948265314102173,497
keep,True,True,True,True,False,False,True,False,True,change_to_right,0.9192324451124931,3.9887752532958984,497
keep,True,True,True,True,False,False,True,False,True,cruise,0.4804048630936182,3.9380722045898438,497
keep,True,True,True,True,False,False,True,False,True,keep,0.0009989999999999999,3.9755444526672363,497
keep,True,True,True,True,False,False,True,False,True,swerve_left,0.0010510313365601426,3.9726452827453613,497
keep,True,True,True,True,False,False,True,False,True,swerve_right,0.0012009032836291815,4.02055549621582,497
cruise,True,True,True,True,False,True,False,False,True,change_to_left,0.933112423156708,3.8776793479919434,498
cruise,True,True,True,True,False,True,False,False,True,change_to_right,0.9354172812993672,3.962347984313965,498
cruise,True,True,True,True,False,True,False,False,True,cruise,0.22173161018412246,3.9166481494903564,498
cruise,True,True,True,True,False,True,False,False,True,keep,0.07451145027061234,3.8682260513305664,498
cruise,True,True,True,True,False,True,False,False,True,swerve_left,0.0024207246665311323,3.942981481552124,498
cruise,True,True,True,True,False,True,False,False,True,swerve_right,0.002122226443554677,3.9722561836242676,498
keep,True,True,True,True,False,True,False,False,True,change_to_left,0.9170059313073855,3.953238010406494,499
keep,True,True,True,True,False,True,False,False,True,change_to_right,0.9192151040930625,3.9420101642608643,499
keep,True,True,True,True,False,True,False,False,True,cruise,0.4839923173130673,3.9737801551818848,499
keep,True,True,True,True,False,True,False,False,True,keep,0.000999,3.903862476348877,499
keep,True,True,True,True,False,True,False,False,True,swerve_left,0.0020908942315538133,3.9111454486846924,499
keep,True,True,True,True,False,True,False,False,True,swerve_right,0.0018002022727661789,3.9483447074890137,499
change_to_left,True,True,True,True,False,True,True,False,True,change_to_left,0.8776007677973849,3.3388726711273193,500
change_to_left,True,True,True,True,False,True,True,False,True,change_to_right,0.9995489211237492,3.3697423934936523,500
change_to_left,True,True,True,True,False,True,True,False,True,cruise,0.22933920182781223,3.330890417098999,500
change_to_left,True,True,True,True,False,True,True,False,True,keep,0.0014856609707785372,3.313894748687744,500
change_to_left,True,True,True,True,False,True,True,False,True,swerve_left,0.0010129206871846454,3.2975268363952637,500
change_to_left,True,True,True,True,False,True,True,False,True,swerve_right,0.001562380257238089,3.2972843647003174,500
cruise,True,True,True,True,False,True,True,False,True,change_to_left,0.8777292948428733,3.3374788761138916,501
cruise,True,True,True,True,False,True,True,False,True,change_to_right,0.9995648834075033,3.2735023498535156,501
cruise,True,True,True,True,False,True,True,False,True,cruise,0.2269409973267131,3.354198694229126,501
cruise,True,True,True,True,False,True,True,False,True,keep,0.0014872023365260913,3.2975051403045654,501
cruise,True,True,True,True,False,True,True,False,True,swerve_left,0.0010125108739373852,3.284852981567383,501
cruise,True,True,True,True,False,True,True,False,True,swerve_right,0.0015616740517308543,3.3367624282836914,501
keep,True,True,True,True,False,True,True,False,True,change_to_left,0.877780431838079,3.427180767059326,502
keep,True,True,True,True,False,True,True,False,True,change_to_right,0.9992381395757511,3.323357343673706,502
keep,True,True,True,True,False,True,True,False,True,cruise,0.2294901905315948,3.356924533843994,502
keep,True,True,True,True,False,True,True,False,True,keep,0.000999,3.2721893787384033,502
keep,True,True,True,True,False,True,True,False,True,swerve_left,0.0010130089002419757,3.337383985519409,502
keep,True,True,True,True,False,True,True,False,True,swerve_right,0.0015617938181232247,3.290238857269287,502
cruise,True,True,True,True,True,False,False,False,True,change_to_left,0.9126143444823948,3.8936901092529297,503
cruise,True,True,True,True,True,False,False,False,True,change_to_right,0.9473038816193852,3.8550596237182617,503
cruise,True,True,True,True,True,False,False,False,True,cruise,0.2318715577963829,3.91326642036438,503
cruise,True,True,True,True,True,False,False,False,True,keep,0.142954412690772,3.8785011768341064,503
cruise,True,True,True,True,True,False,False,False,True,swerve_left,0.0025063267307984917,3.8954172134399414,503
cruise,True,True,True,True,True,False,False,False,True,swerve_right,0.0020148664240374264,3.8802242279052734,503
keep,True,True,True,True,True,False,False,False,True,change_to_left,0.9011451910456881,3.8844239711761475,504
keep,True,True,True,True,True,False,False,False,True,change_to_right,0.9257201766583939,3.8951151371002197,504
keep,True,True,True,True,True,False,False,False,True,cruise,0.5483920507547921,3.8817033767700195,504
keep,True,True,True,True,True,False,False,False,True,keep,0.000999,3.8751981258392334,504
keep,True,True,True,True,True,False,False,False,True,swerve_left,0.001991362262129101,3.859682321548462,504
keep,True,True,True,True,True,False,False,False,True,swerve_right,0.0017157502135854348,3.9105584621429443,504
change_to_left,True,True,True,True,True,False,True,False,True,change_to_left,0.8954075767116847,2.7510948181152344,505
change_to_left,True,True,True,True,True,False,True,False,True,change_to_right,0.9998177463316977,2.7726964950561523,505
change_to_left,True,True,True,True,True,False,True,False,True,cruise,0.23671071162128005,2.6964073181152344,505
change_to_left,True,True,True,True,True,False,True,False,True,keep,0.001270701297484183,2.724120616912842,505
change_to_left,True,True,True,True,True,False,True,False,True,swerve_left,0.0010517122123429882,2.741525411605835,505
change_to_left,True,True,True,True,True,False,True,False,True,swerve_right,0.0011442302344325335,2.7311434745788574,505
cruise,True,True,True,True,True,False,True,False,True,change_to_left,0.8953288826914851,2.7023768424987793,506
cruise,True,True,True,True,True,False,True,False,True,change_to_right,0.9998406432100271,2.727935791015625,506
cruise,True,True,True,True,True,False,True,False,True,cruise,0.23533461144840373,2.741564989089966,506
cruise,True,True,True,True,True,False,True,False,True,keep,0.0012719111496652265,2.705235242843628,506
cruise,True,True,True,True,True,False,True,False,True,swerve_left,0.0010519009834960326,2.723533868789673,506
cruise,True,True,True,True,True,False,True,False,True,swerve_right,0.0011456085096117697,2.6689648628234863,506
keep,True,True,True,True,True,False,True,False,True,change_to_left,0.895556567201633,2.729377269744873,507
keep,True,True,True,True,True,False,True,False,True,change_to_right,0.9997374295901889,2.724003314971924,507
keep,True,True,True,True,True,False,True,False,True,cruise,0.23675533177153538,2.65824294090271,507
keep,True,True,True,True,True,False,True,False,True,keep,0.000999,2.7232706546783447,507
keep,True,True,True,True,True,False,True,False,True,swerve_left,0.0010510554399420986,2.7165207862854004,507
keep,True,True,True,True,True,False,True,False,True,swerve_right,0.0011428072023675206,2.7126710414886475,507
cruise,True,True,True,True,True,True,False,False,True,change_to_left,0.8968290759894539,3.8801262378692627,508
cruise,True,True,True,True,True,True,False,False,True,change_to_right,0.9611313727776284,3.873488664627075,508
cruise,True,True,True,True,True,True,False,False,True,cruise,0.2310049667277998,3.8586533069610596,508
cruise,True,True,True,True,True,True,False,False,True,keep,0.10289936727346043,3.8949129581451416,508
cruise,True,True,True,True,True,True,False,False,True,swerve_left,0.03512536655388967,3.8840150833129883,508
cruise,True,True,True,True,True,True,False,False,True,swerve_right,0.02074308928778893,3.905529260635376,508
keep,True,True,True,True,True,True,False,False,True,change_to_left,0.8917163079005791,3.9289886951446533,509
keep,True,True,True,True,True,True,False,False,True,change_to_right,0.9406016507223415,3.9672539234161377,509
keep,True,True,True,True,True,True,False,False,True,cruise,0.4817037994809813,3.9291584491729736,509
keep,True,True,True,True,True,True,False,False,True,keep,0.0009990000000000003,3.914114236831665,509
keep,True,True,True,True,True,True,False,False,True,swerve_left,0.026734049305963094,3.9249963760375977,509
keep,True,True,True,True,True,True,False,False,True,swerve_right,0.015983337194859778,3.891465663909912,509
change_to_left,True,True,True,True,True,True,True,False,True,change_to_left,0.8965698004674074,3.306072950363159,510
change_to_left,True,True,True,True,True,True,True,False,True,change_to_right,0.9993998958435476,3.3094756603240967,510
change_to_left,True,True,True,True,True,True,True,False,True,cruise,0.23699077319198003,3.352083921432495,510
change_to_left,True,True,True,True,True,True,True,False,True,keep,0.0018559964561608495,3.292418956756592,510
change_to_left,True,True,True,True,True,True,True,False,True,swerve_left,0.0010349491449981806,3.2983434200286865,510
change_to_left,True,True,True,True,True,True,True,False,True,swerve_right,0.001406001343675363,3.331608772277832,510
cruise,True,True,True,True,True,True,True,False,True,change_to_left,0.8969414517644899,3.326094388961792,511
cruise,True,True,True,True,True,True,True,False,True,change_to_right,0.9995211564090881,3.3131277561187744,511
cruise,True,True,True,True,True,True,True,False,True,cruise,0.2336314611595851,3.2723920345306396,511
cruise,True,True,True,True,True,True,True,False,True,keep,0.0018786193861423956,3.243650436401367,511
cruise,True,True,True,True,True,True,True,False,True,swerve_left,0.0010354255264745853,3.252493381500244,511
cruise,True,True,True,True,True,True,True,False,True,swerve_right,0.0014019733491796756,3.389299154281616,511
keep,True,True,True,True,True,True,True,False,True,change_to_left,0.8967609131470275,3.3004603385925293,512
keep,True,True,True,True,True,True,True,False,True,change_to_right,0.9991285395921964,3.3336782455444336,512
keep,True,True,True,True,True,True,True,False,True,cruise,0.23703211770606455,3.3430681228637695,512
keep,True,True,True,True,True,True,True,False,True,keep,0.0009990000000000003,3.213956832885742,512
keep,True,True,True,True,True,True,True,False,True,swerve_left,0.0010346746375206825,3.271595001220703,512
keep,True,True,True,True,True,True,True,False,True,swerve_right,0.0014073803711847808,3.3574225902557373,512
swerve_left,False,False,False,False,False,False,False,False,True,change_to_left,0.9170974693383113,3.8374807834625244,513
swerve_left,False,False,False,False,False,False,False,False,True,change_to_right,0.919157318288849,3.826601982116699,513
swerve_left,False,False,False,False,False,False,False,False,True,cruise,0.47673392138388543,3.844348192214966,513
swerve_left,False,False,False,False,False,False,False,False,True,keep,0.010756081954256593,3.921518564224243,513
swerve_left,False,False,False,False,False,False,False,False,True,swerve_left,0.0010049084440707451,3.8784515857696533,513
swerve_left,False,False,False,False,False,False,False,False,True,swerve_right,0.0011874324117405785,3.8508377075195312,513
swerve_left,False,True,False,False,False,False,False,False,True,change_to_left,0.9172494189444325,3.901873826980591,514
swerve_left,False,True,False,False,False,False,False,False,True,change_to_right,0.9200649362845547,3.8660550117492676,514
swerve_left,False,True,False,False,False,False,False,False,True,cruise,0.4731901457521855,3.8533947467803955,514
swerve_left,False,True,False,False,False,False,False,False,True,keep,0.011116100436856333,3.860922336578369,514
swerve_left,False,True,False,False,False,False,False,False,True,swerve_left,0.0010050920888291937,3.8715927600860596,514
swerve_left,False,True,False,False,False,False,False,False,True,swerve_right,0.0012028898636592077,3.8427155017852783,514
swerve_left,False,False,True,False,False,False,False,False,True,change_to_left,0.9164911239509184,3.865445613861084,515
swerve_left,False,False,True,False,False,False,False,False,True,change_to_right,0.9192532753485856,3.8892130851745605,515
swerve_left,False,False,True,False,False,False,False,False,True,cruise,0.4791378364616342,3.873037338256836,515
swerve_left,False,False,True,False,False,False,False,False,True,keep,0.01079666770069166,3.8991968631744385,515
swerve_left,False,False,True,False,False,False,False,False,True,swerve_left,0.0010047819262981174,3.948742151260376,515
swerve_left,False,False,True,False,False,False,False,False,True,swerve_right,0.0011945236646069945,3.8791003227233887,515
swerve_left,False,True,True,False,False,False,False,False,True,change_to_left,0.9173435539610063,3.8909473419189453,516
swerve_left,False,True,True,False,False,False,False,False,True,change_to_right,0.9199751225702599,3.914848566055298,516
swerve_left,False,True,True,False,False,False,False,False,True,cruise,0.47444496299342875,3.915259838104248,516
swerve_left,False,True,True,False,False,False,False,False,True,keep,0.010792528999925301,3.9036762714385986,516
swerve_left,False,True,True,False,False,False,False,False,True,swerve_left,0.0010049723896203718,3.9051125049591064,516
swerve_left,False,True,True,False,False,False,False,False,True,swerve_right,0.0011910630054343093,3.892543077468872,516
swerve_left,False,False,False,True,False,False,False,False,True,change_to_left,0.9302007396903021,3.8431262969970703,517
swerve_left,False,False,False,True,False,False,False,False,True,change_to_right,0.9324655327592732,3.8518283367156982,517
swerve_left,False,False,False,True,False,False,False,False,True,cruise,0.31759576821152374,3.8505208492279053,517
swerve_left,False,False,False,True,False,False,False,False,True,keep,0.0010958891196960123,3.8581008911132812,517
swerve_left,False,False,False,True,False,False,False,False,True,swerve_left,0.0010053357405476356,3.8479480743408203,517
swerve_left,False,False,False,True,False,False,False,False,True,swerve_right,0.0013022534112374026,3.921090602874756,517
swerve_left,False,True,False,True,False,False,False,False,True,change_to_left,0.9303807311351535,3.848104953765869,518
swerve_left,False,True,False,True,False,False,False,False,True,change_to_right,0.9320751020119823,3.9333713054656982,518
swerve_left,False,True,False,True,False,False,False,False,True,cruise,0.31866478096335327,3.882162094116211,518
swerve_left,False,True,False,True,False,False,False,False,True,keep,0.001071521818439792,3.8502039909362793,518
swerve_left,False,True,False,True,False,False,False,False,True,swerve_left,0.0010051746409985673,3.8732967376708984,518
swerve_left,False,True,False,True,False,False,False,False,True,swerve_right,0.0013057132713655468,3.8661229610443115,518
swerve_left,False,False,True,True,False,False,False,False,True,change_to_left,0.9309084085678533,3.856180429458618,519
swerve_left,False,False,True,True,False,False,False,False,True,change_to_right,0.9315681039272835,3.850921392440796,519
swerve_left,False,False,True,True,False,False,False,False,True,cruise,0.3200304031229756,3.8455965518951416,519
swerve_left,False,False,True,True,False,False,False,False,True,keep,0.0010965853406858317,3.8832314014434814,519
swerve_left,False,False,True,True,False,False,False,False,True,swerve_left,0.0010049061853760154,3.8773741722106934,519
swerve_left,False,False,True,True,False,False,False,False,True,swerve_right,0.0012753846020021663,3.8703856468200684,519
swerve_left,False,True,True,True,False,False,False,False,True,change_to_left,0.9306689429312835,3.940152645111084,520
swerve_left,False,True,True,True,False,False,False,False,True,change_to_right,0.9323019147980425,3.897153854370117,520
swerve_left,False,True,True,True,False,False,False,False,True,cruise,0.31816612283351725,3.896819829940796,520
swerve_left,False,True,True,True,False,False,False,False,True,keep,0.0010714013327100308,3.875946521759033,520
swerve_left,False,True,True,True,False,False,False,False,True,swerve_left,0.0010047843543646519,3.866560697555542,520
swerve_left,False,True,True,True,False,False,False,False,True,swerve_right,0.001303787901989757,3.886833667755127,520
swerve_left,False,False,False,False,True,False,False,False,True,change_to_left,0.9174122625596779,3.8840456008911133,521
swerve_left,False,False,False,False,True,False,False,False,True,change_to_right,0.9193119478544095,3.8575000762939453,521
swerve_left,False,False,False,False,True,False,False,False,True,cruise,0.47633200242576,3.8365485668182373,521
swerve_left,False,False,False,False,True,False,False,False,True,keep,0.00915645957087178,3.829759359359741,521
swerve_left,False,False,False,False,True,False,False,False,True,swerve_left,0.0010045721099916697,3.8466150760650635,521
swerve_left,False,False,False,False,True,False,False,False,True,swerve_right,0.0015984823274668091,3.886969566345215,521
swerve_left,False,True,False,False,True,False,False,False,True,change_to_left,0.9167294199401952,3.852518081665039,522
swerve_left,False,True,False,False,True,False,False,False,True,change_to_right,0.9199287359061835,3.930516481399536,522
swerve_left,False,True,False,False,True,False,False,False,True,cruise,0.47539603274364955,3.869593381881714,522
swerve_left,False,True,False,False,True,False,False,False,True,keep,0.008977107984409744,3.8862645626068115,522
swerve_left,False,True,False,False,True,False,False,False,True,swerve_left,0.001004759650184279,3.907442092895508,522
swerve_left,False,True,False,False,True,False,False,False,True,swerve_right,0.0016261499619118025,3.8715131282806396,522
swerve_left,False,False,True,False,True,False,False,False,True,change_to_left,0.9168545180508564,3.9229488372802734,523
swerve_left,False,False,True,False,True,False,False,False,True,change_to_right,0.9195108108510499,3.947453498840332,523
swerve_left,False,False,True,False,True,False,False,False,True,cruise,0.475672158434063,3.8988237380981445,523
swerve_left,False,False,True,False,True,False,False,False,True,keep,0.009148562516400645,3.909466505050659,523
swerve_left,False,False,True,False,True,False,False,False,True,swerve_left,0.0010049243034425744,3.8796839714050293,523
swerve_left,False,False,True,False,True,False,False,False,True,swerve_right,0.0015646886153799571,3.945446014404297,523
swerve_left,False,True,True,False,True,False,False,False,True,change_to_left,0.9172728193999029,3.935547113418579,524
swerve_left,False,True,True,False,True,False,False,False,True,change_to_right,0.9198400341307771,3.8874409198760986,524
swerve_left,False,True,True,False,True,False,False,False,True,cruise,0.4765326690134864,3.9704415798187256,524
swerve_left,False,True,True,False,True,False,False,False,True,keep,0.009180220719638253,3.93424391746521,524
swerve_left,False,True,True,False,True,False,False,False,True,swerve_left,0.0010044049465654087,3.9054923057556152,524
swerve_left,False,True,True,False,True,False,False,False,True,swerve_right,0.0016012135226119934,3.9136009216308594,524
swerve_left,False,False,False,True,True,False,False,False,True,change_to_left,0.9163130726691567,3.9086408615112305,525
swerve_left,False,False,False,True,True,False,False,False,True,change_to_right,0.9185949702985848,3.870370388031006,525
swerve_left,False,False,False,True,True,False,False,False,True,cruise,0.4950634230104285,3.85099196434021,525
swerve_left,False,False,False,True,True,False,False,False,True,keep,0.0012154660604207993,3.851545810699463,525
swerve_left,False,False,False,True,True,False,False,False,True,swerve_left,0.001004931309092888,3.8444817066192627,525
swerve_left,False,False,False,True,True,False,False,False,True,swerve_right,0.0015550450297081204,3.8899238109588623,525
swerve_left,False,True,False,True,True,False,False,False,True,change_to_left,0.9283901996443945,3.8466880321502686,526
swerve_left,False,True,False,True,True,False,False,False,True,change_to_right,0.9128260035229412,3.862858772277832,526
swerve_left,False,True,False,True,True,False,False,False,True,cruise,0.45413736578441477,3.926819086074829,526
swerve_left,False,True,False,True,True,False,False,False,True,keep,0.001167761644094784,4.684884071350098,526
swerve_left,False,True,False,True,True,False,False,False,True,swerve_left,0.0010047976240655466,4.1091148853302,526
swerve_left,False,True,False,True,True,False,False,False,True,swerve_right,0.0014775345249888796,4.063533544540405,526
swerve_left,False,False,True,True,True,False,False,False,True,change_to_left,0.916359321068407,4.09770655632019,527
swerve_left,False,False,True,True,True,False,False,False,True,change_to_right,0.918521330966307,4.098822355270386,527
swerve_left,False,False,True,True,True,False,False,False,True,cruise,0.49483657260940034,4.087764024734497,527
swerve_left,False,False,True,True,True,False,False,False,True,keep,0.001197105379227067,4.042628526687622,527
swerve_left,False,False,True,True,True,False,False,False,True,swerve_left,0.0010040344097615567,4.0580291748046875,527
swerve_left,False,False,True,True,True,False,False,False,True,swerve_right,0.0015565486153652774,4.0359556674957275,527
swerve_left,False,True,True,True,True,False,False,False,True,change_to_left,0.9990937376293715,3.320270299911499,528
swerve_left,False,True,True,True,True,False,False,False,True,change_to_right,0.8806447683352363,3.4052741527557373,528
swerve_left,False,True,True,True,True,False,False,False,True,cruise,0.2242117277478331,3.365295886993408,528
swerve_left,False,True,True,True,True,False,False,False,True,keep,0.0010013488437955898,3.3191306591033936,528
swerve_left,False,True,True,True,True,False,False,False,True,swerve_left,0.0010042138993953632,3.3697915077209473,528
swerve_left,False,True,True,True,True,False,False,False,True,swerve_right,0.0011376672649669516,3.3548038005828857,528
swerve_left,False,False,False,False,False,True,False,False,True,change_to_left,0.8846805153177838,4.0208399295806885,529
swerve_left,False,False,False,False,False,True,False,False,True,change_to_right,0.8881127032786457,4.056025981903076,529
swerve_left,False,False,False,False,False,True,False,False,True,cruise,0.2752701920270439,4.080348253250122,529
swerve_left,False,False,False,False,False,True,False,False,True,keep,0.7826403078591628,4.052278995513916,529
swerve_left,False,False,False,False,False,True,False,False,True,swerve_left,0.001004788645542382,4.11436653137207,529
swerve_left,False,False,False,False,False,True,False,False,True,swerve_right,0.0011905903382481728,4.0395495891571045,529
swerve_left,False,True,False,False,False,True,False,False,True,change_to_left,0.8846545732577079,4.047186613082886,530
swerve_left,False,True,False,False,False,True,False,False,True,change_to_right,0.8898167702830365,4.0313756465911865,530
swerve_left,False,True,False,False,False,True,False,False,True,cruise,0.2947166692390146,4.031815528869629,530
swerve_left,False,True,False,False,False,True,False,False,True,keep,0.7486619103360648,4.069869518280029,530
swerve_left,False,True,False,False,False,True,False,False,True,swerve_left,0.0010049425260247984,4.019119501113892,530
swerve_left,False,True,False,False,False,True,False,False,True,swerve_right,0.001193336902242236,4.080358982086182,530
swerve_left,False,False,True,False,False,True,False,False,True,change_to_left,0.8844315103851524,4.1083362102508545,531
swerve_left,False,False,True,False,False,True,False,False,True,change_to_right,0.8902391864582526,4.073078870773315,531
swerve_left,False,False,True,False,False,True,False,False,True,cruise,0.2991035873202758,4.095845699310303,531
swerve_left,False,False,True,False,False,True,False,False,True,keep,0.7401568769573583,4.127099514007568,531
swerve_left,False,False,True,False,False,True,False,False,True,swerve_left,0.0010337425311246489,4.091376066207886,531
swerve_left,False,False,True,False,False,True,False,False,True,swerve_right,0.0012003986349644125,4.103809595108032,531
swerve_left,False,True,True,False,False,True,False,False,True,change_to_left,0.8851057563782739,4.105909585952759,532
swerve_left,False,True,True,False,False,True,False,False,True,change_to_right,0.8891279534532132,4.105499029159546,532
swerve_left,False,True,True,False,False,True,False,False,True,cruise,0.27566474886808373,4.053339958190918,532
swerve_left,False,True,True,False,False,True,False,False,True,keep,0.7834057034722718,4.160201549530029,532
swerve_left,False,True,True,False,False,True,False,False,True,swerve_left,0.0010042116838878457,4.0963335037231445,532
swerve_left,False,True,True,False,False,True,False,False,True,swerve_right,0.0011964173654983444,4.031254053115845,532
swerve_left,False,False,False,True,False,True,False,False,True,change_to_left,0.901505911140247,4.048648357391357,533
swerve_left,False,False,False,True,False,True,False,False,True,change_to_right,0.9041765179612056,4.0609447956085205,533
swerve_left,False,False,False,True,False,True,False,False,True,cruise,0.6779684898837707,4.086177825927734,533
swerve_left,False,False,False,True,False,True,False,False,True,keep,0.001619843701485964,4.075399398803711,533
swerve_left,False,False,False,True,False,True,False,False,True,swerve_left,0.00100529934211788,4.071659803390503,533
swerve_left,False,False,False,True,False,True,False,False,True,swerve_right,0.0013580438242107712,4.063526630401611,533
swerve_left,False,True,False,True,False,True,False,False,True,change_to_left,0.9089077683812686,4.051768064498901,534
swerve_left,False,True,False,True,False,True,False,False,True,change_to_right,0.9028562556065903,4.08318829536438,534
swerve_left,False,True,False,True,False,True,False,False,True,cruise,0.6409774413773585,4.043974876403809,534
swerve_left,False,True,False,True,False,True,False,False,True,keep,0.00154944678943518,4.06270170211792,534
swerve_left,False,True,False,True,False,True,False,False,True,swerve_left,0.0010051746362339995,4.037938833236694,534
swerve_left,False,True,False,True,False,True,False,False,True,swerve_right,0.001350030474421085,4.0530641078948975,534
swerve_left,False,False,True,True,False,True,False,False,True,change_to_left,0.9006145188097151,4.055477857589722,535
swerve_left,False,False,True,True,False,True,False,False,True,change_to_right,0.9098393501512587,4.050023317337036,535
swerve_left,False,False,True,True,False,True,False,False,True,cruise,0.6508238495524852,4.0250935554504395,535
swerve_left,False,False,True,True,False,True,False,False,True,keep,0.0015724359455830674,4.035463333129883,535
swerve_left,False,False,True,True,False,True,False,False,True,swerve_left,0.0010051014100100207,4.051721096038818,535
swerve_left,False,False,True,True,False,True,False,False,True,swerve_right,0.0013420686335013986,4.07401180267334,535
swerve_left,False,True,True,True,False,True,False,False,True,change_to_left,0.9984296127675518,3.3953092098236084,536
swerve_left,False,True,True,True,False,True,False,False,True,change_to_right,0.881036958201683,3.3674535751342773,536
swerve_left,False,True,True,True,False,True,False,False,True,cruise,0.2285047196667439,3.4058339595794678,536
swerve_left,False,True,True,True,False,True,False,False,True,keep,0.0010095140888173248,3.3912453651428223,536
swerve_left,False,True,True,True,False,True,False,False,True,swerve_left,0.0010340155924161228,3.3849356174468994,536
swerve_left,False,True,True,True,False,True,False,False,True,swerve_right,0.0011359463927120513,3.3567190170288086,536
swerve_left,False,False,False,False,True,True,False,False,True,change_to_left,0.8918567719812336,4.041236639022827,537
swerve_left,False,False,False,False,True,True,False,False,True,change_to_right,0.8948838504419416,4.044658899307251,537
swerve_left,False,False,False,False,True,True,False,False,True,cruise,0.3176436160116437,4.045225620269775,537
swerve_left,False,False,False,False,True,True,False,False,True,keep,0.6156340560680698,4.047860622406006,537
swerve_left,False,False,False,False,True,True,False,False,True,swerve_left,0.0010047112586627628,4.023535966873169,537
swerve_left,False,False,False,False,True,True,False,False,True,swerve_right,0.0018870593562238282,4.048232316970825,537
swerve_left,False,True,False,False,True,True,False,False,True,change_to_left,0.8911175859543018,4.073609113693237,538
swerve_left,False,True,False,False,True,True,False,False,True,change_to_right,0.8955617736968374,4.0465240478515625,538
swerve_left,False,True,False,False,True,True,False,False,True,cruise,0.3672884442251497,4.0395827293396,538
swerve_left,False,True,False,False,True,True,False,False,True,keep,0.5564708328431379,4.022558212280273,538
swerve_left,False,True,False,False,True,True,False,False,True,swerve_left,0.0010049265728882774,4.077966690063477,538
swerve_left,False,True,False,False,True,True,False,False,True,swerve_right,0.0017826097967477406,4.0522260665893555,538
swerve_left,False,False,True,False,True,True,False,False,True,change_to_left,0.8920563331489584,4.089916467666626,539
swerve_left,False,False,True,False,True,True,False,False,True,change_to_right,0.8948640737626931,4.112921237945557,539
swerve_left,False,False,True,False,True,True,False,False,True,cruise,0.3193369406199157,4.097563743591309,539
swerve_left,False,False,True,False,True,True,False,False,True,keep,0.6148798349986266,4.090696811676025,539
swerve_left,False,False,True,False,True,True,False,False,True,swerve_left,0.001005392369939763,4.079944372177124,539
swerve_left,False,False,True,False,True,True,False,False,True,swerve_right,0.0018897149570308368,4.052609443664551,539
swerve_left,False,True,True,False,True,True,False,False,True,change_to_left,0.8924316204282124,4.105307579040527,540
swerve_left,False,True,True,False,True,True,False,False,True,change_to_right,0.8957540851564872,4.063621759414673,540
swerve_left,False,True,True,False,True,True,False,False,True,cruise,0.31754390129965887,4.06643533706665,540
swerve_left,False,True,True,False,True,True,False,False,True,keep,0.6150923040020922,4.0982825756073,540
swerve_left,False,True,True,False,True,True,False,False,True,swerve_left,0.0010051201361438852,4.092395782470703,540
swerve_left,False,True,True,False,True,True,False,False,True,swerve_right,0.0018799708730393434,4.145303249359131,540
swerve_left,False,False,False,True,True,True,False,False,True,change_to_left,0.8935072676352226,4.040175914764404,541
swerve_left,False,False,False,True,True,True,False,False,True,change_to_right,0.8963317764238721,4.066044807434082,541
swerve_left,False,False,False,True,True,True,False,False,True,cruise,0.7742299701363728,4.034075021743774,541
swerve_left,False,False,False,True,True,True,False,False,True,keep,0.007628801126320575,4.021713972091675,541
swerve_left,False,False,False,True,True,True,False,False,True,swerve_left,0.0010048971607448897,4.070653676986694,541
swerve_left,False,False,False,True,True,True,False,False,True,swerve_right,0.0012078664584832153,4.099467754364014,541
swerve_left,False,True,False,True,True,True,False,False,True,change_to_left,0.9064389356940905,4.032213449478149,542
swerve_left,False,True,False,True,True,True,False,False,True,change_to_right,0.8949500116980642,4.00457239151001,542
swerve_left,False,True,False,True,True,True,False,False,True,cruise,0.7031656920934083,4.042457818984985,542
swerve_left,False,True,False,True,True,True,False,False,True,keep,0.006700729203326906,4.038593769073486,542
swerve_left,False,True,False,True,True,True,False,False,True,swerve_left,0.001004510503049037,4.052052974700928,542
swerve_left,False,True,False,True,True,True,False,False,True,swerve_right,0.0012017643540368345,4.0382468700408936,542
swerve_left,False,False,True,True,True,True,False,False,True,change_to_left,0.8945099589789334,4.077728271484375,543
swerve_left,False,False,True,True,True,True,False,False,True,change_to_right,0.8968821599753088,4.112286806106567,543
swerve_left,False,False,True,True,True,True,False,False,True,cruise,0.7672467485032711,4.046998977661133,543
swerve_left,False,False,True,True,True,True,False,False,True,keep,0.007347683697820509,4.0426599979400635,543
swerve_left,False,False,True,True,True,True,False,False,True,swerve_left,0.0010049723896203718,4.048517227172852,543
swerve_left,False,False,True,True,True,True,False,False,True,swerve_right,0.0012017600957825202,4.079607963562012,543
swerve_left,False,True,True,True,True,True,False,False,True,change_to_left,0.9974213330662116,3.3552746772766113,544
swerve_left,False,True,True,True,True,True,False,False,True,change_to_right,0.8811413030424662,3.331372022628784,544
swerve_left,False,True,True,True,True,True,False,False,True,cruise,0.2347248022169935,3.4061875343322754,544
swerve_left,False,True,True,True,True,True,False,False,True,keep,0.0011596173057469357,3.375178337097168,544
swerve_left,False,True,True,True,True,True,False,False,True,swerve_left,0.0010047618783002772,3.3864235877990723,544
swerve_left,False,True,True,True,True,True,False,False,True,swerve_right,0.0011348708107294706,3.3380703926086426,544
swerve_left,False,False,False,False,False,False,True,False,True,change_to_left,0.8914223326783801,3.9675018787384033,545
swerve_left,False,False,False,False,False,False,True,False,True,change_to_right,0.8941559097512858,4.060022592544556,545
swerve_left,False,False,False,False,False,False,True,False,True,cruise,0.31065085893446415,4.038836717605591,545
swerve_left,False,False,False,False,False,False,True,False,True,keep,0.6427981299063592,3.996629476547241,545
swerve_left,False,False,False,False,False,False,True,False,True,swerve_left,0.000999384645664415,4.003820419311523,545
swerve_left,False,False,False,False,False,False,True,False,True,swerve_right,0.0011658189138762803,4.0593180656433105,545
swerve_left,False,True,False,False,False,False,True,False,True,change_to_left,0.9168139700125335,4.080296277999878,546
swerve_left,False,True,False,False,False,False,True,False,True,change_to_right,0.919274940876085,4.117226600646973,546
swerve_left,False,True,False,False,False,False,True,False,True,cruise,0.47805984212611363,4.098482608795166,546
swerve_left,False,True,False,False,False,False,True,False,True,keep,0.01051094062746918,4.114621162414551,546
swerve_left,False,True,False,False,False,False,True,False,True,swerve_left,0.0010045980069161215,4.078970909118652,546
swerve_left,False,True,False,False,False,False,True,False,True,swerve_right,0.0011976182022840989,4.074801921844482,546
swerve_left,False,False,True,False,False,False,True,False,True,change_to_left,0.9163874364916923,4.053434133529663,547
swerve_left,False,False,True,False,False,False,True,False,True,change_to_right,0.9196084753754606,4.1044392585754395,547
swerve_left,False,False,True,False,False,False,True,False,True,cruise,0.47987825948966495,4.083977460861206,547
swerve_left,False,False,True,False,False,False,True,False,True,keep,0.009598261226985524,4.190760612487793,547
swerve_left,False,False,True,False,False,False,True,False,True,swerve_left,0.0010047665161580374,4.077934503555298,547
swerve_left,False,False,True,False,False,False,True,False,True,swerve_right,0.001196786309777671,4.0993492603302,547
swerve_left,False,True,True,False,False,False,True,False,True,change_to_left,0.9169907370442499,4.195985317230225,548
swerve_left,False,True,True,False,False,False,True,False,True,change_to_right,0.9199264334523383,4.16340970993042,548
swerve_left,False,True,True,False,False,False,True,False,True,cruise,0.47514742250804437,4.162672519683838,548
swerve_left,False,True,True,False,False,False,True,False,True,keep,0.010942866998893448,4.189338684082031,548
swerve_left,False,True,True,False,False,False,True,False,True,swerve_left,0.0010051201342186442,4.1717023849487305,548
swerve_left,False,True,True,False,False,False,True,False,True,swerve_right,0.0011944379984905643,4.1014564037323,548
swerve_left,False,False,False,True,False,False,True,False,True,change_to_left,0.9329906806303833,4.033217430114746,549
swerve_left,False,False,False,True,False,False,True,False,True,change_to_right,0.9338490221923403,4.031400203704834,549
swerve_left,False,False,False,True,False,False,True,False,True,cruise,0.29214213881633594,4.094416618347168,549
swerve_left,False,False,False,True,False,False,True,False,True,keep,0.0010748226068238614,4.055047273635864,549
swerve_left,False,False,False,True,False,False,True,False,True,swerve_left,0.0010049841476254195,4.053940296173096,549
swerve_left,False,False,False,True,False,False,True,False,True,swerve_right,0.0013212729873929511,4.058757305145264,549
swerve_left,False,True,False,True,False,False,True,False,True,change_to_left,0.9321492808288973,4.10057806968689,550
swerve_left,False,True,False,True,False,False,True,False,True,change_to_right,0.9347921222640077,4.192150354385376,550
swerve_left,False,True,False,True,False,False,True,False,True,cruise,0.29125506410717317,4.113833904266357,550
swerve_left,False,True,False,True,False,False,True,False,True,keep,0.0010998858181697371,4.107852458953857,550
swerve_left,False,True,False,True,False,False,True,False,True,swerve_left,0.0010051890130996105,4.132586479187012,550
swerve_left,False,True,False,True,False,False,True,False,True,swerve_right,0.0012824892373760764,4.113720893859863,550
swerve_left,False,False,True,True,False,False,True,False,True,change_to_left,0.9327710297958869,4.117635011672974,551
swerve_left,False,False,True,True,False,False,True,False,True,change_to_right,0.9346168173114417,4.156121253967285,551
swerve_left,False,False,True,True,False,False,True,False,True,cruise,0.2855242576653463,4.153718709945679,551
swerve_left,False,False,True,True,False,False,True,False,True,keep,0.001024404195483686,4.168643474578857,551
swerve_left,False,False,True,True,False,False,True,False,True,swerve_left,0.0010051154425986994,4.178195476531982,551
swerve_left,False,False,True,True,False,False,True,False,True,swerve_right,0.001295015825485151,4.130740404129028,551
swerve_left,False,True,True,True,False,False,True,False,True,change_to_left,0.9304639610241326,4.250657796859741,552
swerve_left,False,True,True,True,False,False,True,False,True,change_to_right,0.9326177710442908,4.158039808273315,552
swerve_left,False,True,True,True,False,False,True,False,True,cruise,0.31891753268848877,4.233754873275757,552
swerve_left,False,True,True,True,False,False,True,False,True,keep,0.001095901015676533,4.171201705932617,552
swerve_left,False,True,True,True,False,False,True,False,True,swerve_left,0.0010133300921441747,4.139626741409302,552
swerve_left,False,True,True,True,False,False,True,False,True,swerve_right,0.001303108987882379,4.168506860733032,552
swerve_left,False,False,False,False,True,False,True,False,True,change_to_left,0.9174825111055518,4.052587032318115,553
swerve_left,False,False,False,False,True,False,True,False,True,change_to_right,0.9192505071477981,4.025907516479492,553
swerve_left,False,False,False,False,True,False,True,False,True,cruise,0.47876562063703326,4.059059381484985,553
swerve_left,False,False,False,False,True,False,True,False,True,keep,0.003504713031463271,4.069144248962402,553
swerve_left,False,False,False,False,True,False,True,False,True,swerve_left,0.001004949586737521,4.063410043716431,553
swerve_left,False,False,False,False,True,False,True,False,True,swerve_right,0.0016131753707110236,4.096219301223755,553
swerve_left,False,True,False,False,True,False,True,False,True,change_to_left,0.9173838709839006,4.166514873504639,554
swerve_left,False,True,False,False,True,False,True,False,True,change_to_right,0.919191452244202,4.086155891418457,554
swerve_left,False,True,False,False,True,False,True,False,True,cruise,0.47864931064033184,4.172269344329834,554
swerve_left,False,True,False,False,True,False,True,False,True,keep,0.006505779279959903,4.1491663455963135,554
swerve_left,False,True,False,False,True,False,True,False,True,swerve_left,0.0010047910759493084,4.092915058135986,554
swerve_left,False,True,False,False,True,False,True,False,True,swerve_right,0.001608078855774019,4.090085506439209,554
swerve_left,False,False,True,False,True,False,True,False,True,change_to_left,0.9176957772576936,4.197056770324707,555
swerve_left,False,False,True,False,True,False,True,False,True,change_to_right,0.918740241134842,4.146641731262207,555
swerve_left,False,False,True,False,True,False,True,False,True,cruise,0.4770451861722966,4.127331018447876,555
swerve_left,False,False,True,False,True,False,True,False,True,keep,0.00903230334019744,4.108206510543823,555
swerve_left,False,False,True,False,True,False,True,False,True,swerve_left,0.0010045893573122895,4.132456302642822,555
swerve_left,False,False,True,False,True,False,True,False,True,swerve_right,0.001576138713462923,4.122639894485474,555
swerve_left,False,True,True,False,True,False,True,False,True,change_to_left,0.9167761288455748,4.1858274936676025,556
swerve_left,False,True,True,False,True,False,True,False,True,change_to_right,0.9214111888359738,4.146572828292847,556
swerve_left,False,True,True,False,True,False,True,False,True,cruise,0.4772147286186997,4.162836313247681,556
swerve_left,False,True,True,False,True,False,True,False,True,keep,0.00914025152871059,4.1121437549591064,556
swerve_left,False,True,True,False,True,False,True,False,True,swerve_left,0.0010051177812762642,4.09794020652771,556
swerve_left,False,True,True,False,True,False,True,False,True,swerve_right,0.0015618628605973519,4.191459894180298,556
swerve_left,False,False,False,True,True,False,True,False,True,change_to_left,0.9459445989683686,3.362809896469116,557
swerve_left,False,False,False,True,True,False,True,False,True,change_to_right,0.9318185170179349,3.3398995399475098,557
swerve_left,False,False,False,True,True,False,True,False,True,cruise,0.22503669689857841,3.364422082901001,557
swerve_left,False,False,False,True,True,False,True,False,True,keep,0.001019603519278111,3.345198392868042,557
swerve_left,False,False,False,True,True,False,True,False,True,swerve_left,0.0009991911430050143,3.333922863006592,557
swerve_left,False,False,False,True,True,False,True,False,True,swerve_right,0.0012346098115767015,3.3830955028533936,557
swerve_left,False,True,False,True,True,False,True,False,True,change_to_left,0.958043212328695,3.101268768310547,558
swerve_left,False,True,False,True,True,False,True,False,True,change_to_right,0.9200606222986071,3.0907609462738037,558
swerve_left,False,True,False,True,True,False,True,False,True,cruise,0.22598824718598465,3.083576202392578,558
swerve_left,False,True,False,True,True,False,True,False,True,keep,0.0010140922107708574,3.0887115001678467,558
swerve_left,False,True,False,True,True,False,True,False,True,swerve_left,0.0009993811172490706,3.07144832611084,558
swerve_left,False,True,False,True,True,False,True,False,True,swerve_right,0.0012122093793103493,3.0672414302825928,558
swerve_left,False,False,True,True,True,False,True,False,True,change_to_left,0.9176559037797196,4.210445165634155,559
swerve_left,False,False,True,True,True,False,True,False,True,change_to_right,0.9200485370825529,4.16802191734314,559
swerve_left,False,False,True,True,True,False,True,False,True,cruise,0.47730009413384,4.183391094207764,559
swerve_left,False,False,True,True,True,False,True,False,True,keep,0.0011859892892742347,4.181414604187012,559
swerve_left,False,False,True,True,True,False,True,False,True,swerve_left,0.0010035710912981834,4.137739896774292,559
swerve_left,False,False,True,True,True,False,True,False,True,swerve_right,0.001581012377588858,4.140149831771851,559
swerve_left,False,True,True,True,True,False,True,False,True,change_to_left,0.9272556550782705,4.240565538406372,560
swerve_left,False,True,True,True,True,False,True,False,True,change_to_right,0.9120546045021722,4.151942253112793,560
swerve_left,False,True,True,True,True,False,True,False,True,cruise,0.4461397343286844,4.197921514511108,560
swerve_left,False,True,True,True,True,False,True,False,True,keep,0.034750275845526875,4.074498176574707,560
swerve_left,False,True,True,True,True,False,True,False,True,swerve_left,0.0010151108609938006,4.100103139877319,560
swerve_left,False,True,True,True,True,False,True,False,True,swerve_right,0.0015047407010632214,4.215401649475098,560
swerve_left,False,False,False,False,False,True,True,False,True,change_to_left,0.8972871263884178,4.026835918426514,561
swerve_left,False,False,False,False,False,True,True,False,True,change_to_right,0.8978971838179922,4.032637119293213,561
swerve_left,False,False,False,False,False,True,True,False,True,cruise,0.3023295276872756,4.013759613037109,561
swerve_left,False,False,False,False,False,True,True,False,True,keep,0.5695816340177571,4.036430358886719,561
swerve_left,False,False,False,False,False,True,True,False,True,swerve_left,0.0010097576482133198,4.076970815658569,561
swerve_left,False,False,False,False,False,True,True,False,True,swerve_right,0.001118468924986341,4.0439677238464355,561
swerve_left,False,True,False,False,False,True,True,False,True,change_to_left,0.8974429695572703,4.039968252182007,562
swerve_left,False,True,False,False,False,True,True,False,True,change_to_right,0.9028809001150994,4.0540452003479,562
swerve_left,False,True,False,False,False,True,True,False,True,cruise,0.39363483187001325,4.032389163970947,562
swerve_left,False,True,False,False,False,True,True,False,True,keep,0.40803239524998247,4.074220657348633,562
swerve_left,False,True,False,False,False,True,True,False,True,swerve_left,0.000999,4.044762372970581,562
swerve_left,False,True,False,False,False,True,True,False,True,swerve_right,0.001017005007908422,4.001298666000366,562
swerve_left,False,False,True,False,False,True,True,False,True,change_to_left,0.8856832962976641,4.1461427211761475,563
swerve_left,False,False,True,False,False,True,True,False,True,change_to_right,0.888387962853161,4.122560501098633,563
swerve_left,False,False,True,False,False,True,True,False,True,cruise,0.31022729900329615,4.194631576538086,563
swerve_left,False,False,True,False,False,True,True,False,True,keep,0.7278803807467149,4.114981651306152,563
swerve_left,False,False,True,False,False,True,True,False,True,swerve_left,0.0010066047782821572,4.115349054336548,563
swerve_left,False,False,True,False,False,True,True,False,True,swerve_right,0.0012238783157856629,4.23430871963501,563
swerve_left,False,True,True,False,False,True,True,False,True,change_to_left,0.8848305455973218,4.137048959732056,564
swerve_left,False,True,True,False,False,True,True,False,True,change_to_right,0.9016103676180723,4.230776786804199,564
swerve_left,False,True,True,False,False,True,True,False,True,cruise,0.2946112349753733,4.189455986022949,564
swerve_left,False,True,True,False,False,True,True,False,True,keep,0.745826634791416,4.219035387039185,564
swerve_left,False,True,True,False,False,True,True,False,True,swerve_left,0.0010067256194660613,4.148916959762573,564
swerve_left,False,True,True,False,False,True,True,False,True,swerve_right,0.0012008179679916587,4.1744911670684814,564
swerve_left,False,False,False,True,False,True,True,False,True,change_to_left,0.9041358203871435,4.141284465789795,565
swerve_left,False,False,False,True,False,True,True,False,True,change_to_right,0.9142234374038198,4.098860263824463,565
swerve_left,False,False,False,True,False,True,True,False,True,cruise,0.5981441722617734,4.089906454086304,565
swerve_left,False,False,False,True,False,True,True,False,True,keep,0.0015194103581741385,4.071101188659668,565
swerve_left,False,False,False,True,False,True,True,False,True,swerve_left,0.0010049932344470623,4.060858488082886,565
swerve_left,False,False,False,True,False,True,True,False,True,swerve_right,0.001374758301129368,4.082748174667358,565
swerve_left,False,True,False,True,False,True,True,False,True,change_to_left,0.904833107212255,4.1332643032073975,566
swerve_left,False,True,False,True,False,True,True,False,True,change_to_right,0.9078718549922877,4.1260011196136475,566
swerve_left,False,True,False,True,False,True,True,False,True,cruise,0.6367124949806213,4.223452091217041,566
swerve_left,False,True,False,True,False,True,True,False,True,keep,0.0014273683319164124,4.084477186203003,566
swerve_left,False,True,False,True,False,True,True,False,True,swerve_left,0.001004208030246988,4.152406215667725,566
swerve_left,False,True,False,True,False,True,True,False,True,swerve_right,0.0013726554727661688,4.153360843658447,566
swerve_left,False,False,True,True,False,True,True,False,True,change_to_left,0.9105540106373237,4.116434812545776,567
swerve_left,False,False,True,True,False,True,True,False,True,change_to_right,0.9127993035247363,4.130241870880127,567
swerve_left,False,False,True,True,False,True,True,False,True,cruise,0.5705238617641725,4.105019807815552,567
swerve_left,False,False,True,True,False,True,True,False,True,keep,0.001816007644658111,4.167294502258301,567
swerve_left,False,False,True,True,False,True,True,False,True,swerve_left,0.001007246104735321,4.118521690368652,567
swerve_left,False,False,True,True,False,True,True,False,True,swerve_right,0.0014530564184782335,4.109684944152832,567
swerve_left,False,True,True,True,False,True,True,False,True,change_to_left,0.9114471691897795,4.120096445083618,568
swerve_left,False,True,True,True,False,True,True,False,True,change_to_right,0.9716970095461027,4.109227895736694,568
swerve_left,False,True,True,True,False,True,True,False,True,cruise,0.6148732867469285,4.148344993591309,568
swerve_left,False,True,True,True,False,True,True,False,True,keep,0.0014089139889811011,4.284256935119629,568
swerve_left,False,True,True,True,False,True,True,False,True,swerve_left,0.0010046483235575776,4.139811277389526,568
swerve_left,False,True,True,True,False,True,True,False,True,swerve_right,0.0013398579900706796,4.179670810699463,568
swerve_left,False,False,False,False,True,True,True,False,True,change_to_left,0.8937691718530119,4.100971937179565,569
swerve_left,False,False,False,False,True,True,True,False,True,change_to_right,0.8980394281654246,4.056791305541992,569
swerve_left,False,False,False,False,True,True,True,False,True,cruise,0.3696555090089132,4.06127405166626,569
swerve_left,False,False,False,False,True,True,True,False,True,keep,0.5091586434592065,4.0427350997924805,569
swerve_left,False,False,False,False,True,True,True,False,True,swerve_left,0.0010049244882503721,4.065429449081421,569
swerve_left,False,False,False,False,True,True,True,False,True,swerve_right,0.0019575276332002185,4.0710062980651855,569
swerve_left,False,True,False,False,True,True,True,False,True,change_to_left,0.9028983701791898,4.116571426391602,570
swerve_left,False,True,False,False,True,True,True,False,True,change_to_right,0.9052371163084068,4.1027750968933105,570
swerve_left,False,True,False,False,True,True,True,False,True,cruise,0.3851838586766278,4.071762323379517,570
swerve_left,False,True,False,False,True,True,True,False,True,keep,0.35323060371030357,4.130934715270996,570
swerve_left,False,True,False,False,True,True,True,False,True,swerve_left,0.001004791081951716,4.090343236923218,570
swerve_left,False,True,False,False,True,True,True,False,True,swerve_right,0.0023466938989746776,4.193366527557373,570
swerve_left,False,False,True,False,True,True,True,False,True,change_to_left,0.8922597406949088,4.116266489028931,571
swerve_left,False,False,True,False,True,True,True,False,True,change_to_right,0.8951010835886795,4.167788028717041,571
swerve_left,False,False,True,False,True,True,True,False,True,cruise,0.3610308331206608,4.188104152679443,571
swerve_left,False,False,True,False,True,True,True,False,True,keep,0.5563358394954907,4.088949680328369,571
swerve_left,False,False,True,False,True,True,True,False,True,swerve_left,0.0010047843564476803,4.129124641418457,571
swerve_left,False,False,True,False,True,True,True,False,True,swerve_right,0.0018423242316063842,4.127740859985352,571
swerve_left,False,True,True,False,True,True,True,False,True,change_to_left,0.8911405302977441,4.148640394210815,572
swerve_left,False,True,True,False,True,True,True,False,True,change_to_right,0.8993358575621673,4.216815948486328,572
swerve_left,False,True,True,False,True,True,True,False,True,cruise,0.36686007021095324,4.088673114776611,572
swerve_left,False,True,True,False,True,True,True,False,True,keep,0.5571616063010632,4.1126933097839355,572
swerve_left,False,True,True,False,True,True,True,False,True,swerve_left,0.0010043105290922986,4.13747501373291,572
swerve_left,False,True,True,False,True,True,True,False,True,swerve_right,0.0017779407517064742,4.108055353164673,572
swerve_left,False,False,False,True,True,True,True,False,True,change_to_left,0.8965593186283314,4.054837226867676,573
swerve_left,False,False,False,True,True,True,True,False,True,change_to_right,0.8989046304169991,4.1192004680633545,573
swerve_left,False,False,False,True,True,True,True,False,True,cruise,0.7417459315134666,4.0656914710998535,573
swerve_left,False,False,False,True,True,True,True,False,True,keep,0.007746208292043252,4.137178897857666,573
swerve_left,False,False,False,True,True,True,True,False,True,swerve_left,0.0010047908858423632,4.113313674926758,573
swerve_left,False,False,False,True,True,True,True,False,True,swerve_right,0.001228953325053868,4.069378137588501,573
swerve_left,False,True,False,True,True,True,True,False,True,change_to_left,0.8984115634353045,4.111149311065674,574
swerve_left,False,True,False,True,True,True,True,False,True,change_to_right,0.9018197291419444,4.109918117523193,574
swerve_left,False,True,False,True,True,True,True,False,True,cruise,0.7104112535115151,4.109280347824097,574
swerve_left,False,True,False,True,True,True,True,False,True,keep,0.005354620646714786,4.056438207626343,574
swerve_left,False,True,False,True,True,True,True,False,True,swerve_left,0.001004697108985628,4.126608848571777,574
swerve_left,False,True,False,True,True,True,True,False,True,swerve_right,0.0012502195583744195,4.119288206100464,574
swerve_left,False,False,True,True,True,True,True,False,True,change_to_left,0.8957121611742557,4.103954315185547,575
swerve_left,False,False,True,True,True,True,True,False,True,change_to_right,0.8986720805504086,4.212623834609985,575
swerve_left,False,False,True,True,True,True,True,False,True,cruise,0.7475271685140534,4.180469989776611,575
swerve_left,False,False,True,True,True,True,True,False,True,keep,0.008062946969725964,4.196069002151489,575
swerve_left,False,False,True,True,True,True,True,False,True,swerve_left,0.0010049265754676227,4.166265487670898,575
swerve_left,False,False,True,True,True,True,True,False,True,swerve_right,0.0012390291062075048,4.148972511291504,575
swerve_left,False,True,True,True,True,True,True,False,True,change_to_left,0.9151666578279021,4.211722373962402,576
swerve_left,False,True,True,True,True,True,True,False,True,change_to_right,0.9092088989114407,4.161994695663452,576
swerve_left,False,True,True,True,True,True,True,False,True,cruise,0.6246404308490939,4.136927604675293,576
swerve_left,False,True,True,True,True,True,True,False,True,keep,0.005268299562034243,4.216923713684082,576
swerve_left,False,True,True,True,True,True,True,False,True,swerve_left,0.0010054531998488865,4.095536470413208,576
swerve_left,False,True,True,True,True,True,True,False,True,swerve_right,0.006302998870083367,4.149632930755615,576
swerve_right,True,False,False,False,False,False,False,False,True,change_to_left,0.917407668969126,4.026723384857178,577
swerve_right,True,False,False,False,False,False,False,False,True,change_to_right,0.9194010505241076,4.009436130523682,577
swerve_right,True,False,False,False,False,False,False,False,True,cruise,0.4796979568812452,4.1012794971466064,577
swerve_right,True,False,False,False,False,False,False,False,True,keep,0.0011284359914074788,4.043158769607544,577
swerve_right,True,False,False,False,False,False,False,False,True,swerve_left,0.001027720075128426,4.060892343521118,577
swerve_right,True,False,False,False,False,False,False,False,True,swerve_right,0.001130863943816736,4.089576959609985,577
swerve_right,True,True,False,False,False,False,False,False,True,change_to_left,0.9175953545962592,4.042682409286499,578
swerve_right,True,True,False,False,False,False,False,False,True,change_to_right,0.9200033250985274,4.060229063034058,578
swerve_right,True,True,False,False,False,False,False,False,True,cruise,0.47570215300053725,4.071288585662842,578
swerve_right,True,True,False,False,False,False,False,False,True,keep,0.0010174849926113865,4.029332637786865,578
swerve_right,True,True,False,False,False,False,False,False,True,swerve_left,0.0010222866125694642,4.076947927474976,578
swerve_right,True,True,False,False,False,False,False,False,True,swerve_right,0.0011319296507634456,4.08542537689209,578
swerve_right,True,False,True,False,False,False,False,False,True,change_to_left,0.9176956557658149,4.095399379730225,579
swerve_right,True,False,True,False,False,False,False,False,True,change_to_right,0.919687516964818,4.06635594367981,579
swerve_right,True,False,True,False,False,False,False,False,True,cruise,0.48081017664027403,4.056624412536621,579
swerve_right,True,False,True,False,False,False,False,False,True,keep,0.0011470531062578529,4.151872634887695,579
swerve_right,True,False,True,False,False,False,False,False,True,swerve_left,0.0010177156904796892,4.131729364395142,579
swerve_right,True,False,True,False,False,False,False,False,True,swerve_right,0.001129611122916088,4.0933310985565186,579
swerve_right,True,True,True,False,False,False,False,False,True,change_to_left,0.9179875019874335,4.115759372711182,580
swerve_right,True,True,True,False,False,False,False,False,True,change_to_right,0.9198180259855083,4.14038348197937,580
swerve_right,True,True,True,False,False,False,False,False,True,cruise,0.4786059460484252,4.0837788581848145,580
swerve_right,True,True,True,False,False,False,False,False,True,keep,0.0011468314856556013,4.106917142868042,580
swerve_right,True,True,True,False,False,False,False,False,True,swerve_left,0.0010325267496294676,4.083268165588379,580
swerve_right,True,True,True,False,False,False,False,False,True,swerve_right,0.0011310880987352896,4.041715383529663,580
swerve_right,True,False,False,True,False,False,False,False,True,change_to_left,0.9008016503981277,4.068272590637207,581
swerve_right,True,False,False,True,False,False,False,False,True,change_to_right,0.9278047587358831,4.0606842041015625,581
swerve_right,True,False,False,True,False,False,False,False,True,cruise,0.5296762332573904,4.017878293991089,581
swerve_right,True,False,False,True,False,False,False,False,True,keep,0.0010884310118480479,4.029017686843872,581
swerve_right,True,False,False,True,False,False,False,False,True,swerve_left,0.0010717965832134175,4.077195167541504,581
swerve_right,True,False,False,True,False,False,False,False,True,swerve_right,0.0011330045347794073,4.1404643058776855,581
swerve_right,True,True,False,True,False,False,False,False,True,change_to_left,0.9010707448183083,4.05608057975769,582
swerve_right,True,True,False,True,False,False,False,False,True,change_to_right,0.9275109892782172,4.048558950424194,582
swerve_right,True,True,False,True,False,False,False,False,True,cruise,0.5308054736641453,4.065699815750122,582
swerve_right,True,True,False,True,False,False,False,False,True,keep,0.001021147517395214,4.058708667755127,582
swerve_right,True,True,False,True,False,False,False,False,True,swerve_left,0.0010596751010669573,4.072187662124634,582
swerve_right,True,True,False,True,False,False,False,False,True,swerve_right,0.001132452629023015,4.067941427230835,582
swerve_right,True,False,True,True,False,False,False,False,True,change_to_left,0.9009723361052945,4.07412576675415,583
swerve_right,True,False,True,True,False,False,False,False,True,change_to_right,0.9280198879333119,4.05487847328186,583
swerve_right,True,False,True,True,False,False,False,False,True,cruise,0.5307580713860065,4.053046703338623,583
swerve_right,True,False,True,True,False,False,False,False,True,keep,0.0011101035081125133,4.118060827255249,583
swerve_right,True,False,True,True,False,False,False,False,True,swerve_left,0.0010606572725463219,4.076411008834839,583
swerve_right,True,False,True,True,False,False,False,False,True,swerve_right,0.0011303551087546821,4.057380199432373,583
swerve_right,True,True,True,True,False,False,False,False,True,change_to_left,0.901048751832179,4.150288105010986,584
swerve_right,True,True,True,True,False,False,False,False,True,change_to_right,0.927953370405562,4.092262029647827,584
swerve_right,True,True,True,True,False,False,False,False,True,cruise,0.5320165346622304,4.087966442108154,584
swerve_right,True,True,True,True,False,False,False,False,True,keep,0.001131604615268173,4.133174657821655,584
swerve_right,True,True,True,True,False,False,False,False,True,swerve_left,0.0010916061085399515,4.100982189178467,584
swerve_right,True,True,True,True,False,False,False,False,True,swerve_right,0.0011291273548089062,4.103853702545166,584
swerve_right,True,False,False,False,True,False,False,False,True,change_to_left,0.9132667975480383,4.059329271316528,585
swerve_right,True,False,False,False,True,False,False,False,True,change_to_right,0.9164132563257996,4.099188804626465,585
swerve_right,True,False,False,False,True,False,False,False,True,cruise,0.4555455293407969,4.062812328338623,585
swerve_right,True,False,False,False,True,False,False,False,True,keep,0.0913346359205193,4.023567199707031,585
swerve_right,True,False,False,False,True,False,False,False,True,swerve_left,0.0013252113788761787,4.067509412765503,585
swerve_right,True,False,False,False,True,False,False,False,True,swerve_right,0.0011315763467268003,4.076683044433594,585
swerve_right,True,True,False,False,True,False,False,False,True,change_to_left,0.9172652372172831,4.032987117767334,586
swerve_right,True,True,False,False,True,False,False,False,True,change_to_right,0.9149729349030058,4.093200206756592,586
swerve_right,True,True,False,False,True,False,False,False,True,cruise,0.47364659869904036,4.139064311981201,586
swerve_right,True,True,False,False,True,False,False,False,True,keep,0.04856635635809298,4.0551252365112305,586
swerve_right,True,True,False,False,True,False,False,False,True,swerve_left,0.0011847530760104139,4.113772869110107,586
swerve_right,True,True,False,False,True,False,False,False,True,swerve_right,0.0011397860823987888,4.060666084289551,586
swerve_right,True,False,True,False,True,False,False,False,True,change_to_left,0.9140671010913487,4.073235273361206,587
swerve_right,True,False,True,False,True,False,False,False,True,change_to_right,0.9158026638589039,4.082308053970337,587
swerve_right,True,False,True,False,True,False,False,False,True,cruise,0.4561367258547829,4.119036674499512,587
swerve_right,True,False,True,False,True,False,False,False,True,keep,0.09161356981542247,4.129315614700317,587
swerve_right,True,False,True,False,True,False,False,False,True,swerve_left,0.0013060959550471381,4.09662938117981,587
swerve_right,True,False,True,False,True,False,False,False,True,swerve_right,0.0011322583246533948,4.147090196609497,587
swerve_right,True,True,True,False,True,False,False,False,True,change_to_left,0.9117761060623845,4.12822699546814,588
swerve_right,True,True,True,False,True,False,False,False,True,change_to_right,0.9141344345139318,4.111713647842407,588
swerve_right,True,True,True,False,True,False,False,False,True,cruise,0.49024511969000933,4.180141925811768,588
swerve_right,True,True,True,False,True,False,False,False,True,keep,0.08678241382818375,4.091551303863525,588
swerve_right,True,True,True,False,True,False,False,False,True,swerve_left,0.001258727936503587,4.15373420715332,588
swerve_right,True,True,True,False,True,False,False,False,True,swerve_right,0.0011211939153798992,4.133524179458618,588
swerve_right,True,False,False,True,True,False,False,False,True,change_to_left,0.8987197197812627,4.099658250808716,589
swerve_right,True,False,False,True,True,False,False,False,True,change_to_right,0.9232031529294106,4.032980918884277,589
swerve_right,True,False,False,True,True,False,False,False,True,cruise,0.50166130493546,4.064316511154175,589
swerve_right,True,False,False,True,True,False,False,False,True,keep,0.09269400273054583,4.046682834625244,589
swerve_right,True,False,False,True,True,False,False,False,True,swerve_left,0.0020497782783464513,4.069356203079224,589
swerve_right,True,False,False,True,True,False,False,False,True,swerve_right,0.0011348302231157055,4.020278215408325,589
swerve_right,True,True,False,True,True,False,False,False,True,change_to_left,0.8991404584801498,4.056908130645752,590
swerve_right,True,True,False,True,True,False,False,False,True,change_to_right,0.9237536116548203,4.058454751968384,590
swerve_right,True,True,False,True,True,False,False,False,True,cruise,0.5232490392974282,4.051553964614868,590
swerve_right,True,True,False,True,True,False,False,False,True,keep,0.058891239067754564,4.095055103302002,590
swerve_right,True,True,False,True,True,False,False,False,True,swerve_left,0.0018399913760406867,4.068708181381226,590
swerve_right,True,True,False,True,True,False,False,False,True,swerve_right,0.001134265332542833,4.052639484405518,590
swerve_right,True,False,True,True,True,False,False,False,True,change_to_left,0.8989003868418108,4.116876125335693,591
swerve_right,True,False,True,True,True,False,False,False,True,change_to_right,0.9230169213074002,4.107808589935303,591
swerve_right,True,False,True,True,True,False,False,False,True,cruise,0.5037807166839232,4.080110311508179,591
swerve_right,True,False,True,True,True,False,False,False,True,keep,0.09270090795417123,4.072342157363892,591
swerve_right,True,False,True,True,True,False,False,False,True,swerve_left,0.001932294843616747,4.076980352401733,591
swerve_right,True,False,True,True,True,False,False,False,True,swerve_right,0.001132037892239658,4.081567287445068,591
swerve_right,True,True,True,True,True,False,False,False,True,change_to_left,0.8993526948072266,4.067680835723877,592
swerve_right,True,True,True,True,True,False,False,False,True,change_to_right,0.9218415593027751,4.043400526046753,592
swerve_right,True,True,True,True,True,False,False,False,True,cruise,0.5189408961980355,4.102437973022461,592
swerve_right,True,True,True,True,True,False,False,False,True,keep,0.09061701669496837,4.07953405380249,592
swerve_right,True,True,True,True,True,False,False,False,True,swerve_left,0.0019857039294195757,4.074684143066406,592
swerve_right,True,True,True,True,True,False,False,False,True,swerve_right,0.0011421692054452547,4.14552903175354,592
swerve_right,True,False,False,False,False,True,False,False,True,change_to_left,0.9029690594573518,4.057325124740601,593
swerve_right,True,False,False,False,False,True,False,False,True,change_to_right,0.9060567893573744,4.08958101272583,593
swerve_right,True,False,False,False,False,True,False,False,True,cruise,0.39073792687160774,4.071715354919434,593
swerve_right,True,False,False,False,False,True,False,False,True,keep,0.3446182007712768,4.062846660614014,593
swerve_right,True,False,False,False,False,True,False,False,True,swerve_left,0.0010289780114826367,4.0376434326171875,593
swerve_right,True,False,False,False,False,True,False,False,True,swerve_right,0.001132285313325463,4.106141567230225,593
swerve_right,True,True,False,False,False,True,False,False,True,change_to_left,0.9090241650233056,4.082952976226807,594
swerve_right,True,True,False,False,False,True,False,False,True,change_to_right,0.9074189574722137,4.031474351882935,594
swerve_right,True,True,False,False,False,True,False,False,True,cruise,0.4034137447598884,4.040886878967285,594
swerve_right,True,True,False,False,False,True,False,False,True,keep,0.2689251844270364,4.100388765335083,594
swerve_right,True,True,False,False,False,True,False,False,True,swerve_left,0.0010308707740933527,4.116731643676758,594
swerve_right,True,True,False,False,False,True,False,False,True,swerve_right,0.0011315336231762251,4.070266246795654,594
swerve_right,True,False,True,False,False,True,False,False,True,change_to_left,0.9035466760478533,4.127148389816284,595
swerve_right,True,False,True,False,False,True,False,False,True,change_to_right,0.9057029570581795,4.115446329116821,595
swerve_right,True,False,True,False,False,True,False,False,True,cruise,0.3911571056933154,4.14321231842041,595
swerve_right,True,False,True,False,False,True,False,False,True,keep,0.345209743217181,4.083042144775391,595
swerve_right,True,False,True,False,False,True,False,False,True,swerve_left,0.0010292627111963056,4.129035234451294,595
swerve_right,True,False,True,False,False,True,False,False,True,swerve_right,0.0011320591374220873,4.185235023498535,595
swerve_right,True,True,True,False,False,True,False,False,True,change_to_left,0.9029128300453444,4.0821692943573,596
swerve_right,True,True,True,False,False,True,False,False,True,change_to_right,0.9063612838072287,4.145765542984009,596
swerve_right,True,True,True,False,False,True,False,False,True,cruise,0.3967697291518652,4.139419078826904,596
swerve_right,True,True,True,False,False,True,False,False,True,keep,0.3389692732849799,4.205725431442261,596
swerve_right,True,True,True,False,False,True,False,False,True,swerve_left,0.001028957452418814,4.12304949760437,596
swerve_right,True,True,True,False,False,True,False,False,True,swerve_right,0.0011309710803301255,4.131171941757202,596
swerve_right,True,False,False,True,False,True,False,False,True,change_to_left,0.8996614296549731,4.058158874511719,597
swerve_right,True,False,False,True,False,True,False,False,True,change_to_right,0.9249325931056733,4.163445234298706,597
swerve_right,True,False,False,True,False,True,False,False,True,cruise,0.5101893472989356,4.085514783859253,597
swerve_right,True,False,False,True,False,True,False,False,True,keep,0.061128104442651654,4.0570619106292725,597
swerve_right,True,False,False,True,False,True,False,False,True,swerve_left,0.002064077392794295,4.063613653182983,597
swerve_right,True,False,False,True,False,True,False,False,True,swerve_right,0.001135132776072666,4.0720179080963135,597
swerve_right,True,True,False,True,False,True,False,False,True,change_to_left,0.8769802759319414,3.357085943222046,598
swerve_right,True,True,False,True,False,True,False,False,True,change_to_right,0.9988189667124743,3.370816707611084,598
swerve_right,True,True,False,True,False,True,False,False,True,cruise,0.22239926766977391,3.37300181388855,598
swerve_right,True,True,False,True,False,True,False,False,True,keep,0.0010471211139991493,3.352369546890259,598
swerve_right,True,True,False,True,False,True,False,False,True,swerve_left,0.0010246281256309476,3.394519329071045,598
swerve_right,True,True,False,True,False,True,False,False,True,swerve_right,0.0011130949582915826,3.3936660289764404,598
swerve_right,True,False,True,True,False,True,False,False,True,change_to_left,0.8769219300900098,3.354945659637451,599
swerve_right,True,False,True,True,False,True,False,False,True,change_to_right,0.9988059109392482,3.411506414413452,599
swerve_right,True,False,True,True,False,True,False,False,True,cruise,0.2247204476333713,3.382850408554077,599
swerve_right,True,False,True,True,False,True,False,False,True,keep,0.0017300924810719075,3.3761038780212402,599
swerve_right,True,False,True,True,False,True,False,False,True,swerve_left,0.0010188150700836764,3.383265972137451,599
swerve_right,True,False,True,True,False,True,False,False,True,swerve_right,0.001129571807786818,3.3717551231384277,599
swerve_right,True,True,True,True,False,True,False,False,True,change_to_left,0.9147690485841259,4.089320421218872,600
swerve_right,True,True,True,True,False,True,False,False,True,change_to_right,0.9172203921275637,4.096538782119751,600
swerve_right,True,True,True,True,False,True,False,False,True,cruise,0.4730961363901518,4.174297571182251,600
swerve_right,True,True,True,True,False,True,False,False,True,keep,0.05183861880163938,4.191573858261108,600
swerve_right,True,True,True,True,False,True,False,False,True,swerve_left,0.0019639531553941147,4.1701579093933105,600
swerve_right,True,True,True,True,False,True,False,False,True,swerve_right,0.0011297989716289516,4.240371465682983,600
swerve_right,True,False,False,False,True,True,False,False,True,change_to_left,0.8896675438956309,4.050398349761963,601
swerve_right,True,False,False,False,True,True,False,False,True,change_to_right,0.892150533851617,4.031116962432861,601
swerve_right,True,False,False,False,True,True,False,False,True,cruise,0.3012177260290399,4.046641111373901,601
swerve_right,True,False,False,False,True,True,False,False,True,keep,0.6804995956430614,4.0562989711761475,601
swerve_right,True,False,False,False,True,True,False,False,True,swerve_left,0.0013697446347616033,4.027378559112549,601
swerve_right,True,False,False,False,True,True,False,False,True,swerve_right,0.0011322579934938068,4.13556981086731,601
swerve_right,True,True,False,False,True,True,False,False,True,change_to_left,0.8964121687342269,4.084452390670776,602
swerve_right,True,True,False,False,True,True,False,False,True,change_to_right,0.8921695907258823,4.084840297698975,602
swerve_right,True,True,False,False,True,True,False,False,True,cruise,0.3497708456342511,4.0431413650512695,602
swerve_right,True,True,False,False,True,True,False,False,True,keep,0.5643488007961148,4.144078969955444,602
swerve_right,True,True,False,False,True,True,False,False,True,swerve_left,0.0012585692751434345,4.073613882064819,602
swerve_right,True,True,False,False,True,True,False,False,True,swerve_right,0.0011297937200945127,4.092583656311035,602
swerve_right,True,False,True,False,True,True,False,False,True,change_to_left,0.8895585174732388,4.135794639587402,603
swerve_right,True,False,True,False,True,True,False,False,True,change_to_right,0.8923105513056978,4.071341276168823,603
swerve_right,True,False,True,False,True,True,False,False,True,cruise,0.3036836338164363,4.085730791091919,603
swerve_right,True,False,True,False,True,True,False,False,True,keep,0.6828375887728753,4.112759828567505,603
swerve_right,True,False,True,False,True,True,False,False,True,swerve_left,0.001325198069642481,4.102139472961426,603
swerve_right,True,False,True,False,True,True,False,False,True,swerve_right,0.0011297448912606172,4.059882879257202,603
swerve_right,True,True,True,False,True,True,False,False,True,change_to_left,0.937316533171315,3.4005467891693115,604
swerve_right,True,True,True,False,True,True,False,False,True,change_to_right,0.9397350036982247,3.4082467555999756,604
swerve_right,True,True,True,False,True,True,False,False,True,cruise,0.2318044612535322,3.3693981170654297,604
swerve_right,True,True,True,False,True,True,False,False,True,keep,0.004372594138087935,3.4139468669891357,604
swerve_right,True,True,True,False,True,True,False,False,True,swerve_left,0.0010012089797745785,3.3879947662353516,604
swerve_right,True,True,True,False,True,True,False,False,True,swerve_right,0.0011048253417351513,3.423070192337036,604
swerve_right,True,False,False,True,True,True,False,False,True,change_to_left,0.8973958035318207,4.097913980484009,605
swerve_right,True,False,False,True,True,True,False,False,True,change_to_right,0.9201898742535802,4.108629465103149,605
swerve_right,True,False,False,True,True,True,False,False,True,cruise,0.4889892844207154,4.069144010543823,605
swerve_right,True,False,False,True,True,True,False,False,True,keep,0.10862117425055362,4.080097198486328,605
swerve_right,True,False,False,True,True,True,False,False,True,swerve_left,0.03795881033414538,4.065666913986206,605
swerve_right,True,False,False,True,True,True,False,False,True,swerve_right,0.0011319293133708963,4.088172674179077,605
swerve_right,True,True,False,True,True,True,False,False,True,change_to_left,0.876634362502143,3.4163784980773926,606
swerve_right,True,True,False,True,True,True,False,False,True,change_to_right,0.9987171657693545,3.3827571868896484,606
swerve_right,True,True,False,True,True,True,False,False,True,cruise,0.22229759678687908,3.3635551929473877,606
swerve_right,True,True,False,True,True,True,False,False,True,keep,0.001466598822878008,3.3383169174194336,606
swerve_right,True,True,False,True,True,True,False,False,True,swerve_left,0.0014397376811177765,3.353123188018799,606
swerve_right,True,True,False,True,True,True,False,False,True,swerve_right,0.0011320603750471846,3.361485719680786,606
swerve_right,True,False,True,True,True,True,False,False,True,change_to_left,0.8971458217551129,4.10031795501709,607
swerve_right,True,False,True,True,True,True,False,False,True,change_to_right,0.9219545017878188,4.079218149185181,607
swerve_right,True,False,True,True,True,True,False,False,True,cruise,0.482901739673798,4.004707098007202,607
swerve_right,True,False,True,True,True,True,False,False,True,keep,0.10804450712681685,4.047319650650024,607
swerve_right,True,False,True,True,True,True,False,False,True,swerve_left,0.037618892406252005,4.147778511047363,607
swerve_right,True,False,True,True,True,True,False,False,True,swerve_right,0.0011307187652939738,4.159359455108643,607
swerve_right,True,True,True,True,True,True,False,False,True,change_to_left,0.8912021844560951,4.121898651123047,608
swerve_right,True,True,True,True,True,True,False,False,True,change_to_right,0.9368688940615268,4.127405643463135,608
swerve_right,True,True,True,True,True,True,False,False,True,cruise,0.4674173597090269,4.092226505279541,608
swerve_right,True,True,True,True,True,True,False,False,True,keep,0.07304534257929943,4.0827507972717285,608
swerve_right,True,True,True,True,True,True,False,False,True,swerve_left,0.025186911383043787,4.117579936981201,608
swerve_right,True,True,True,True,True,True,False,False,True,swerve_right,0.0011328373373314575,4.091986656188965,608
swerve_right,True,False,False,False,False,False,True,False,True,change_to_left,0.9173698399006808,4.030047655105591,609
swerve_right,True,False,False,False,False,False,True,False,True,change_to_right,0.9196070610337402,4.10742449760437,609
swerve_right,True,False,False,False,False,False,True,False,True,cruise,0.47917704147758844,4.082526683807373,609
swerve_right,True,False,False,False,False,False,True,False,True,keep,0.0011470110249480136,4.142531156539917,609
swerve_right,True,False,False,False,False,False,True,False,True,swerve_left,0.0010280288670156692,4.095666408538818,609
swerve_right,True,False,False,False,False,False,True,False,True,swerve_right,0.0011352242746417098,4.1660475730896,609
swerve_right,True,True,False,False,False,False,True,False,True,change_to_left,0.9172894387357122,4.122527122497559,610
swerve_right,True,True,False,False,False,False,True,False,True,change_to_right,0.9198334532883724,4.1077048778533936,610
swerve_right,True,True,False,False,False,False,True,False,True,cruise,0.4805020178194754,4.155652046203613,610
swerve_right,True,True,False,False,False,False,True,False,True,keep,0.0011098992099445642,4.110409498214722,610
swerve_right,True,True,False,False,False,False,True,False,True,swerve_left,0.0010278778008638897,4.107907056808472,610
swerve_right,True,True,False,False,False,False,True,False,True,swerve_right,0.0011293269902429223,4.102111101150513,610
swerve_right,True,False,True,False,False,False,True,False,True,change_to_left,0.9174399721382049,4.110992670059204,611
swerve_right,True,False,True,False,False,False,True,False,True,change_to_right,0.9199457793880205,4.139930725097656,611
swerve_right,True,False,True,False,False,False,True,False,True,cruise,0.47956437604691177,4.1184163093566895,611
swerve_right,True,False,True,False,False,False,True,False,True,keep,0.0011285675683859041,4.184800386428833,611
swerve_right,True,False,True,False,False,False,True,False,True,swerve_left,0.0010325206676359787,4.200898885726929,611
swerve_right,True,False,True,False,False,False,True,False,True,swerve_right,0.001133068450451582,4.149898290634155,611
swerve_right,True,True,True,False,False,False,True,False,True,change_to_left,0.9174925597048128,4.152768850326538,612
swerve_right,True,True,True,False,False,False,True,False,True,change_to_right,0.9195114024164351,4.202867746353149,612
swerve_right,True,True,True,False,False,False,True,False,True,cruise,0.48244593236376354,4.12441873550415,612
swerve_right,True,True,True,False,False,False,True,False,True,keep,0.0011284320777405741,4.232130765914917,612
swerve_right,True,True,True,False,False,False,True,False,True,swerve_left,0.0010326387160796318,4.219493865966797,612
swerve_right,True,True,True,False,False,False,True,False,True,swerve_right,0.0011319952811061262,4.128854036331177,612
swerve_right,True,False,False,True,False,False,True,False,True,change_to_left,0.9177573831858128,4.10646390914917,613
swerve_right,True,False,False,True,False,False,True,False,True,change_to_right,0.9200048037573291,4.061031103134155,613
swerve_right,True,False,False,True,False,False,True,False,True,cruise,0.4797619346836817,4.065648317337036,613
swerve_right,True,False,False,True,False,False,True,False,True,keep,0.0011102561003692888,4.03801965713501,613
swerve_right,True,False,False,True,False,False,True,False,True,swerve_left,0.001051037442114944,4.117969751358032,613
swerve_right,True,False,False,True,False,False,True,False,True,swerve_right,0.001134415593020385,4.115997552871704,613
swerve_right,True,True,False,True,False,False,True,False,True,change_to_left,0.9184232289560431,4.092311859130859,614
swerve_right,True,True,False,True,False,False,True,False,True,change_to_right,0.9197589698773142,4.154603958129883,614
swerve_right,True,True,False,True,False,False,True,False,True,cruise,0.47784470277766444,4.098520278930664,614
swerve_right,True,True,False,True,False,False,True,False,True,keep,0.0011098117185457906,4.155965328216553,614
swerve_right,True,True,False,True,False,False,True,False,True,swerve_left,0.0010510139401929343,4.133183479309082,614
swerve_right,True,True,False,True,False,False,True,False,True,swerve_right,0.0011321268401842362,4.119434356689453,614
swerve_right,True,False,True,True,False,False,True,False,True,change_to_left,0.9182389283920921,4.139363527297974,615
swerve_right,True,False,True,True,False,False,True,False,True,change_to_right,0.9193153868980395,4.118592977523804,615
swerve_right,True,False,True,True,False,False,True,False,True,cruise,0.48431677792932504,4.094591856002808,615
swerve_right,True,False,True,True,False,False,True,False,True,keep,0.0011109027490161369,4.185638904571533,615
swerve_right,True,False,True,True,False,False,True,False,True,swerve_left,0.001061071549844776,4.15635871887207,615
swerve_right,True,False,True,True,False,False,True,False,True,swerve_right,0.0011331574533890736,4.098568439483643,615
swerve_right,True,True,True,True,False,False,True,False,True,change_to_left,0.9180053327824303,4.1482298374176025,616
swerve_right,True,True,True,True,False,False,True,False,True,change_to_right,0.9195772741805334,4.115253925323486,616
swerve_right,True,True,True,True,False,False,True,False,True,cruise,0.48251673111644133,4.178981781005859,616
swerve_right,True,True,True,True,False,False,True,False,True,keep,0.0010731435402152253,4.27184271812439,616
swerve_right,True,True,True,True,False,False,True,False,True,swerve_left,0.0010410100357615241,4.252117395401001,616
swerve_right,True,True,True,True,False,False,True,False,True,swerve_right,0.001129144166984517,4.219396114349365,616
swerve_right,True,False,False,False,True,False,True,False,True,change_to_left,0.9142690318844191,4.094501733779907,617
swerve_right,True,False,False,False,True,False,True,False,True,change_to_right,0.9155798727500315,4.0834715366363525,617
swerve_right,True,False,False,False,True,False,True,False,True,cruise,0.4574516608320803,4.1379008293151855,617
swerve_right,True,False,False,False,True,False,True,False,True,keep,0.09228496377635947,4.1482093334198,617
swerve_right,True,False,False,False,True,False,True,False,True,swerve_left,0.0012234412835622093,4.1466522216796875,617
swerve_right,True,False,False,False,True,False,True,False,True,swerve_right,0.0011329517479867432,4.123659610748291,617
swerve_right,True,True,False,False,True,False,True,False,True,change_to_left,0.9134141331078913,4.096244812011719,618
swerve_right,True,True,False,False,True,False,True,False,True,change_to_right,0.9154866866656128,4.0982584953308105,618
swerve_right,True,True,False,False,True,False,True,False,True,cruise,0.4972462837529485,4.094162464141846,618
swerve_right,True,True,False,False,True,False,True,False,True,keep,0.04354808184946664,4.224758625030518,618
swerve_right,True,True,False,False,True,False,True,False,True,swerve_left,0.0012398089197900213,4.1334428787231445,618
swerve_right,True,True,False,False,True,False,True,False,True,swerve_right,0.0011448236221587786,4.135221004486084,618
swerve_right,True,False,True,False,True,False,True,False,True,change_to_left,0.9136177102407433,4.187056303024292,619
swerve_right,True,False,True,False,True,False,True,False,True,change_to_right,0.9157911383510736,4.172815799713135,619
swerve_right,True,False,True,False,True,False,True,False,True,cruise,0.45828517957160403,4.157567024230957,619
swerve_right,True,False,True,False,True,False,True,False,True,keep,0.09140397794759869,4.097471475601196,619
swerve_right,True,False,True,False,True,False,True,False,True,swerve_left,0.0012897348895361124,4.175712823867798,619
swerve_right,True,False,True,False,True,False,True,False,True,swerve_right,0.0011318427844120768,4.1523520946502686,619
swerve_right,True,True,True,False,True,False,True,False,True,change_to_left,0.9164382160871487,4.187522888183594,620
swerve_right,True,True,True,False,True,False,True,False,True,change_to_right,0.9134033009586134,4.101300954818726,620
swerve_right,True,True,True,False,True,False,True,False,True,cruise,0.4811544460931576,4.181219577789307,620
swerve_right,True,True,True,False,True,False,True,False,True,keep,0.08579568968687949,4.193455457687378,620
swerve_right,True,True,True,False,True,False,True,False,True,swerve_left,0.001223557245520797,4.18489146232605,620
swerve_right,True,True,True,False,True,False,True,False,True,swerve_right,0.0011361431306953305,4.192711353302002,620
swerve_right,True,False,False,True,True,False,True,False,True,change_to_left,0.9153875859022021,4.139371633529663,621
swerve_right,True,False,False,True,True,False,True,False,True,change_to_right,0.9162879063389635,4.10114860534668,621
swerve_right,True,False,False,True,True,False,True,False,True,cruise,0.4587508628858928,4.114998817443848,621
swerve_right,True,False,False,True,True,False,True,False,True,keep,0.0772976588367687,4.114064455032349,621
swerve_right,True,False,False,True,True,False,True,False,True,swerve_left,0.0017882165677216887,4.096511363983154,621
swerve_right,True,False,False,True,True,False,True,False,True,swerve_right,0.001132383970130215,4.108539581298828,621
swerve_right,True,True,False,True,True,False,True,False,True,change_to_left,0.9333877023393452,4.129937171936035,622
swerve_right,True,True,False,True,True,False,True,False,True,change_to_right,0.9174126339784711,4.13823676109314,622
swerve_right,True,True,False,True,True,False,True,False,True,cruise,0.4777002351433739,4.15231990814209,622
swerve_right,True,True,False,True,True,False,True,False,True,keep,0.03148564880250561,4.076591730117798,622
swerve_right,True,True,False,True,True,False,True,False,True,swerve_left,0.001367180881698452,4.089527368545532,622
swerve_right,True,True,False,True,True,False,True,False,True,swerve_right,0.0011381587624844738,4.151015758514404,622
swerve_right,True,False,True,True,True,False,True,False,True,change_to_left,0.9166548591875443,4.160973072052002,623
swerve_right,True,False,True,True,True,False,True,False,True,change_to_right,0.9163430452450121,4.087792873382568,623
swerve_right,True,False,True,True,True,False,True,False,True,cruise,0.4599065141533446,4.157669544219971,623
swerve_right,True,False,True,True,True,False,True,False,True,keep,0.07819741900940887,4.192662954330444,623
swerve_right,True,False,True,True,True,False,True,False,True,swerve_left,0.0018527011636367133,4.135586500167847,623
swerve_right,True,False,True,True,True,False,True,False,True,swerve_right,0.001133548322231407,4.197859525680542,623
swerve_right,True,True,True,True,True,False,True,False,True,change_to_left,0.8954933450904566,2.790299892425537,624
swerve_right,True,True,True,True,True,False,True,False,True,change_to_right,0.999706688870181,2.8073129653930664,624
swerve_right,True,True,True,True,True,False,True,False,True,cruise,0.23654251927626482,2.785335063934326,624
swerve_right,True,True,True,True,True,False,True,False,True,keep,0.001269788955816511,2.7833149433135986,624
swerve_right,True,True,True,True,True,False,True,False,True,swerve_left,0.0010518497770412726,2.7918813228607178,624
swerve_right,True,True,True,True,True,False,True,False,True,swerve_right,0.0011172152262942693,2.748399257659912,624
swerve_right,True,False,False,False,False,True,True,False,True,change_to_left,0.9031281865900688,4.155760765075684,625
swerve_right,True,False,False,False,False,True,True,False,True,change_to_right,0.9056863559049256,4.146891832351685,625
swerve_right,True,False,False,False,False,True,True,False,True,cruise,0.39137626057162567,4.120296478271484,625
swerve_right,True,False,False,False,False,True,True,False,True,keep,0.34239843766180844,4.138619661331177,625
swerve_right,True,False,False,False,False,True,True,False,True,swerve_left,0.0010169356630900313,4.123068332672119,625
swerve_right,True,False,False,False,False,True,True,False,True,swerve_right,0.0011358455521533412,4.10236382484436,625
swerve_right,True,True,False,False,False,True,True,False,True,change_to_left,0.9086956460338952,4.096928358078003,626
swerve_right,True,True,False,False,False,True,True,False,True,change_to_right,0.9379833278011382,4.062191009521484,626
swerve_right,True,True,False,False,False,True,True,False,True,cruise,0.32664169108134083,4.101346731185913,626
swerve_right,True,True,False,False,False,True,True,False,True,keep,0.11273786246543131,4.08884859085083,626
swerve_right,True,True,False,False,False,True,True,False,True,swerve_left,0.0015871428155455438,4.082919120788574,626
swerve_right,True,True,False,False,False,True,True,False,True,swerve_right,0.0011306195169271166,4.090090751647949,626
swerve_right,True,False,True,False,False,True,True,False,True,change_to_left,0.9028852875760053,4.097837686538696,627
swerve_right,True,False,True,False,False,True,True,False,True,change_to_right,0.9060280851966568,4.202393531799316,627
swerve_right,True,False,True,False,False,True,True,False,True,cruise,0.39288314475507735,4.177804708480835,627
swerve_right,True,False,True,False,False,True,True,False,True,keep,0.34270184990637254,4.095651388168335,627
swerve_right,True,False,True,False,False,True,True,False,True,swerve_left,0.0010295842804029013,4.129296541213989,627
swerve_right,True,False,True,False,False,True,True,False,True,swerve_right,0.0011350101557941244,4.144519567489624,627
swerve_right,True,True,True,False,False,True,True,False,True,change_to_left,0.9115098800171587,4.086592197418213,628
swerve_right,True,True,True,False,False,True,True,False,True,change_to_right,0.9101326641196212,4.110191822052002,628
swerve_right,True,True,True,False,False,True,True,False,True,cruise,0.42946667879453265,4.131226301193237,628
swerve_right,True,True,True,False,False,True,True,False,True,keep,0.1989422274361962,4.1290366649627686,628
swerve_right,True,True,True,False,False,True,True,False,True,swerve_left,0.0010062400231289697,4.17049765586853,628
swerve_right,True,True,True,False,False,True,True,False,True,swerve_right,0.0011070807918676336,4.085821628570557,628
swerve_right,True,False,False,True,False,True,True,False,True,change_to_left,0.9160008254139306,4.089288711547852,629
swerve_right,True,False,False,True,False,True,True,False,True,change_to_right,0.9170538928810777,4.165449380874634,629
swerve_right,True,False,False,True,False,True,True,False,True,cruise,0.46685523538949186,4.122642755508423,629
swerve_right,True,False,False,True,False,True,True,False,True,keep,0.05270961883007467,4.097506523132324,629
swerve_right,True,False,False,True,False,True,True,False,True,swerve_left,0.0019550813793363713,4.164408206939697,629
swerve_right,True,False,False,True,False,True,True,False,True,swerve_right,0.0011363072928307033,4.094465017318726,629
swerve_right,True,True,False,True,False,True,True,False,True,change_to_left,0.9046290700857172,4.1049957275390625,630
swerve_right,True,True,False,True,False,True,True,False,True,change_to_right,0.9560844541863854,4.088878631591797,630
swerve_right,True,True,False,True,False,True,True,False,True,cruise,0.30740181439980496,4.138329029083252,630
swerve_right,True,True,False,True,False,True,True,False,True,keep,0.03228118140942674,4.11462140083313,630
swerve_right,True,True,False,True,False,True,True,False,True,swerve_left,0.0012607686970184488,4.095064163208008,630
swerve_right,True,True,False,True,False,True,True,False,True,swerve_right,0.0011358455340178385,4.092089414596558,630
swerve_right,True,False,True,True,False,True,True,False,True,change_to_left,0.9166731241332811,4.158055782318115,631
swerve_right,True,False,True,True,False,True,True,False,True,change_to_right,0.9171209916576196,4.137224912643433,631
swerve_right,True,False,True,True,False,True,True,False,True,cruise,0.46975463567963055,4.119975805282593,631
swerve_right,True,False,True,True,False,True,True,False,True,keep,0.05218263465717993,4.21698784828186,631
swerve_right,True,False,True,True,False,True,True,False,True,swerve_left,0.002041029085522723,4.152038812637329,631
swerve_right,True,False,True,True,False,True,True,False,True,swerve_right,0.0011358260084578648,4.2134010791778564,631
swerve_right,True,True,True,True,False,True,True,False,True,change_to_left,0.8780160688432062,3.4650981426239014,632
swerve_right,True,True,True,True,False,True,True,False,True,change_to_right,0.9991959630846367,3.437929391860962,632
swerve_right,True,True,True,True,False,True,True,False,True,cruise,0.22949267873509707,3.3953471183776855,632
swerve_right,True,True,True,True,False,True,True,False,True,keep,0.001484056964427927,3.444441795349121,632
swerve_right,True,True,True,True,False,True,True,False,True,swerve_left,0.0010121021693365803,3.4875547885894775,632
swerve_right,True,True,True,True,False,True,True,False,True,swerve_right,0.0015145592156142668,3.4617090225219727,632
swerve_right,True,False,False,False,True,True,True,False,True,change_to_left,0.8900501229037431,4.130027532577515,633
swerve_right,True,False,False,False,True,True,True,False,True,change_to_right,0.8935929980862984,4.144733667373657,633
swerve_right,True,False,False,False,True,True,True,False,True,cruise,0.30897828087448315,4.07526707649231,633
swerve_right,True,False,False,False,True,True,True,False,True,keep,0.6551343488937025,4.0886640548706055,633
swerve_right,True,False,False,False,True,True,True,False,True,swerve_left,0.0013605309004911211,4.095447540283203,633
swerve_right,True,False,False,False,True,True,True,False,True,swerve_right,0.0011297336926386044,4.089777946472168,633
swerve_right,True,True,False,False,True,True,True,False,True,change_to_left,0.9105285595077569,4.0369954109191895,634
swerve_right,True,True,False,False,True,True,True,False,True,change_to_right,0.9189924990805165,4.040241956710815,634
swerve_right,True,True,False,False,True,True,True,False,True,cruise,0.3282558318446395,4.058019399642944,634
swerve_right,True,True,False,False,True,True,True,False,True,keep,0.2520198947238626,4.036121129989624,634
swerve_right,True,True,False,False,True,True,True,False,True,swerve_left,0.0011665501010437332,4.129342079162598,634
swerve_right,True,True,False,False,True,True,True,False,True,swerve_right,0.001002388866439402,4.065103530883789,634
swerve_right,True,False,True,False,True,True,True,False,True,change_to_left,0.8894601273414618,4.12730073928833,635
swerve_right,True,False,True,False,True,True,True,False,True,change_to_right,0.8922432024328114,4.084468364715576,635
swerve_right,True,False,True,False,True,True,True,False,True,cruise,0.3042144598399202,4.197258710861206,635
swerve_right,True,False,True,False,True,True,True,False,True,keep,0.6825768018489455,4.152402639389038,635
swerve_right,True,False,True,False,True,True,True,False,True,swerve_left,0.0013477389347004778,4.084699869155884,635
swerve_right,True,False,True,False,True,True,True,False,True,swerve_right,0.0011306322553457971,4.181761026382446,635
swerve_right,True,True,True,False,True,True,True,False,True,change_to_left,0.9372987432173487,3.4416208267211914,636
swerve_right,True,True,True,False,True,True,True,False,True,change_to_right,0.9398772787679536,3.5329315662384033,636
swerve_right,True,True,True,False,True,True,True,False,True,cruise,0.23763587876353062,3.4955296516418457,636
swerve_right,True,True,True,False,True,True,True,False,True,keep,0.004417033970523025,3.5506904125213623,636
swerve_right,True,True,True,False,True,True,True,False,True,swerve_left,0.001001202374179692,3.3939857482910156,636
swerve_right,True,True,True,False,True,True,True,False,True,swerve_right,0.0010862378580906592,3.4748423099517822,636
swerve_right,True,False,False,True,True,True,True,False,True,change_to_left,0.9247245575131426,4.115247964859009,637
swerve_right,True,False,False,True,True,True,True,False,True,change_to_right,0.914779039496514,4.0959272384643555,637
swerve_right,True,False,False,True,True,True,True,False,True,cruise,0.4476341694935443,4.177270174026489,637
swerve_right,True,False,False,True,True,True,True,False,True,keep,0.09066094587330427,4.135029315948486,637
swerve_right,True,False,False,True,True,True,True,False,True,swerve_left,0.031391862282823764,4.098541975021362,637
swerve_right,True,False,False,True,True,True,True,False,True,swerve_right,0.0011298813254891687,4.164035797119141,637
swerve_right,True,True,False,True,True,True,True,False,True,change_to_left,0.916432128395591,4.056402206420898,638
swerve_right,True,True,False,True,True,True,True,False,True,change_to_right,0.9404199467579143,4.066149473190308,638
swerve_right,True,True,False,True,True,True,True,False,True,cruise,0.34506284484072414,4.074514865875244,638
swerve_right,True,True,False,True,True,True,True,False,True,keep,0.06013493048401552,4.082499027252197,638
swerve_right,True,True,False,True,True,True,True,False,True,swerve_left,0.025857997692994836,4.087295293807983,638
swerve_right,True,True,False,True,True,True,True,False,True,swerve_right,0.0011450386710092203,4.118948459625244,638
swerve_right,True,False,True,True,True,True,True,False,True,change_to_left,0.9227850922281869,4.162528038024902,639
swerve_right,True,False,True,True,True,True,True,False,True,change_to_right,0.9148302420566501,4.121654748916626,639
swerve_right,True,False,True,True,True,True,True,False,True,cruise,0.44899595284896854,4.1845808029174805,639
swerve_right,True,False,True,True,True,True,True,False,True,keep,0.09272283903071232,4.244534254074097,639
swerve_right,True,False,True,True,True,True,True,False,True,swerve_left,0.03176669399122005,4.152224540710449,639
swerve_right,True,False,True,True,True,True,True,False,True,swerve_right,0.0011334966211624324,4.192628622055054,639
swerve_right,True,True,True,True,True,True,True,False,True,change_to_left,0.8969482169972948,3.5048069953918457,640
swerve_right,True,True,True,True,True,True,True,False,True,change_to_right,0.9990282428711195,3.4053714275360107,640
swerve_right,True,True,True,True,True,True,True,False,True,cruise,0.23660841445876826,3.557100772857666,640
swerve_right,True,True,True,True,True,True,True,False,True,keep,0.0018692078922033731,3.4074244499206543,640
swerve_right,True,True,True,True,True,True,True,False,True,swerve_left,0.0010361813347487376,3.4520275592803955,640
swerve_right,True,True,True,True,True,True,True,False,True,swerve_right,0.0013825958697264978,3.486271858215332,640
swerve_left,True,False,False,False,False,False,False,False,True,change_to_left,0.917301636220097,4.105395078659058,641
swerve_left,True,False,False,False,False,False,False,False,True,change_to_right,0.9196341124467647,4.064938306808472,641
swerve_left,True,False,False,False,False,False,False,False,True,cruise,0.4795306011555334,4.098186492919922,641
swerve_left,True,False,False,False,False,False,False,False,True,keep,0.0011288942615686204,4.069302558898926,641
swerve_left,True,False,False,False,False,False,False,False,True,swerve_left,0.0010049222161721432,4.090660095214844,641
swerve_left,True,False,False,False,False,False,False,False,True,swerve_right,0.001189607631612048,4.074951887130737,641
swerve_left,True,True,False,False,False,False,False,False,True,change_to_left,0.9177932987631281,4.064085960388184,642
swerve_left,True,True,False,False,False,False,False,False,True,change_to_right,0.91971603540217,4.06576943397522,642
swerve_left,True,True,False,False,False,False,False,False,True,cruise,0.47714948417923664,4.060797691345215,642
swerve_left,True,True,False,False,False,False,False,False,True,keep,0.0010175340400290316,4.057643175125122,642
swerve_left,True,True,False,False,False,False,False,False,True,swerve_left,0.0010045571170909672,4.045501947402954,642
swerve_left,True,True,False,False,False,False,False,False,True,swerve_right,0.0011859305660111392,4.027512073516846,642
swerve_left,True,False,True,False,False,False,False,False,True,change_to_left,0.9178759124257343,4.076292276382446,643
swerve_left,True,False,True,False,False,False,False,False,True,change_to_right,0.9196203071955744,4.084920406341553,643
swerve_left,True,False,True,False,False,False,False,False,True,cruise,0.4790750604946099,4.091756343841553,643
swerve_left,True,False,True,False,False,False,False,False,True,keep,0.0011468729338272908,4.185453414916992,643
swerve_left,True,False,True,False,False,False,False,False,True,swerve_left,0.0010049723906469488,4.121009111404419,643
swerve_left,True,False,True,False,False,False,False,False,True,swerve_right,0.0011944712377610724,4.071204900741577,643
swerve_left,True,True,True,False,False,False,False,False,True,change_to_left,0.917847178151713,4.12355375289917,644
swerve_left,True,True,True,False,False,False,False,False,True,change_to_right,0.9195481778442103,4.096709251403809,644
swerve_left,True,True,True,False,False,False,False,False,True,cruise,0.4803284750893476,4.098646640777588,644
swerve_left,True,True,True,False,False,False,False,False,True,keep,0.001110005481089956,4.085407495498657,644
swerve_left,True,True,True,False,False,False,False,False,True,swerve_left,0.0010047311592137525,4.125392198562622,644
swerve_left,True,True,True,False,False,False,False,False,True,swerve_right,0.0011971143091551663,4.049147844314575,644
swerve_left,True,False,False,True,False,False,False,False,True,change_to_left,0.9010761757774012,4.029339075088501,645
swerve_left,True,False,False,True,False,False,False,False,True,change_to_right,0.9276226749672801,4.047350645065308,645
swerve_left,True,False,False,True,False,False,False,False,True,cruise,0.5307613180086208,4.056257724761963,645
swerve_left,True,False,False,True,False,False,False,False,True,keep,0.0011105258655186004,4.049154281616211,645
swerve_left,True,False,False,True,False,False,False,False,True,swerve_left,0.0010045590673550355,4.109236240386963,645
swerve_left,True,False,False,True,False,False,False,False,True,swerve_right,0.0014666687590306306,4.08978009223938,645
swerve_left,True,True,False,True,False,False,False,False,True,change_to_left,0.9009073410923918,4.077306747436523,646
swerve_left,True,True,False,True,False,False,False,False,True,change_to_right,0.927735463851192,4.098096609115601,646
swerve_left,True,True,False,True,False,False,False,False,True,cruise,0.5297020925490857,4.094043016433716,646
swerve_left,True,True,False,True,False,False,False,False,True,keep,0.0010211941364296035,4.043979644775391,646
swerve_left,True,True,False,True,False,False,False,False,True,swerve_left,0.0010050573717917412,4.045732259750366,646
swerve_left,True,True,False,True,False,False,False,False,True,swerve_right,0.0014670736864274088,4.047560214996338,646
swerve_left,True,False,True,True,False,False,False,False,True,change_to_left,0.9008135771449832,4.06199312210083,647
swerve_left,True,False,True,True,False,False,False,False,True,change_to_right,0.9270990990450474,4.1001365184783936,647
swerve_left,True,False,True,True,False,False,False,False,True,cruise,0.5343789677688967,4.083485126495361,647
swerve_left,True,False,True,True,False,False,False,False,True,keep,0.001132488144525072,4.0843284130096436,647
swerve_left,True,False,True,True,False,False,False,False,True,swerve_left,0.0010039613608732972,4.084355354309082,647
swerve_left,True,False,True,True,False,False,False,False,True,swerve_right,0.0014450124148743329,4.156307697296143,647
swerve_left,True,True,True,True,False,False,False,False,True,change_to_left,0.9011186312628804,4.1518237590789795,648
swerve_left,True,True,True,True,False,False,False,False,True,change_to_right,0.927409069132019,4.065448999404907,648
swerve_left,True,True,True,True,False,False,False,False,True,cruise,0.533407747909692,4.092210292816162,648
swerve_left,True,True,True,True,False,False,False,False,True,keep,0.001132109556883183,4.097101211547852,648
swerve_left,True,True,True,True,False,False,False,False,True,swerve_left,0.0010051107629453439,4.075340747833252,648
swerve_left,True,True,True,True,False,False,False,False,True,swerve_right,0.0013752624147978499,4.084892511367798,648
swerve_left,True,False,False,False,True,False,False,False,True,change_to_left,0.9137910470093432,4.100513696670532,649
swerve_left,True,False,False,False,True,False,False,False,True,change_to_right,0.9158362337760102,4.054673910140991,649
swerve_left,True,False,False,False,True,False,False,False,True,cruise,0.45640765045050746,4.0632641315460205,649
swerve_left,True,False,False,False,True,False,False,False,True,keep,0.09069870039672676,4.040424108505249,649
swerve_left,True,False,False,False,True,False,False,False,True,swerve_left,0.001004956281766784,4.08204984664917,649
swerve_left,True,False,False,False,True,False,False,False,True,swerve_right,0.0020375417368403257,4.021410942077637,649
swerve_left,True,True,False,False,True,False,False,False,True,change_to_left,0.9177389745031764,4.013493776321411,650
swerve_left,True,True,False,False,True,False,False,False,True,change_to_right,0.9153297997354136,4.17984938621521,650
swerve_left,True,True,False,False,True,False,False,False,True,cruise,0.4686944947836036,4.100459814071655,650
swerve_left,True,True,False,False,True,False,False,False,True,keep,0.048210624837445065,4.119697332382202,650
swerve_left,True,True,False,False,True,False,False,False,True,swerve_left,0.00100395282199292,4.058754920959473,650
swerve_left,True,True,False,False,True,False,False,False,True,swerve_right,0.0019362003914467278,4.114795923233032,650
swerve_left,True,False,True,False,True,False,False,False,True,change_to_left,0.9137445558156997,4.051697492599487,651
swerve_left,True,False,True,False,True,False,False,False,True,change_to_right,0.9155197938477425,4.13158392906189,651
swerve_left,True,False,True,False,True,False,False,False,True,cruise,0.4591638512623774,4.1390061378479,651
swerve_left,True,False,True,False,True,False,False,False,True,keep,0.09171029230005336,4.1114208698272705,651
swerve_left,True,False,True,False,True,False,False,False,True,swerve_left,0.0010043697838146887,4.078800916671753,651
swerve_left,True,False,True,False,True,False,False,False,True,swerve_right,0.0020376781249530304,4.126321792602539,651
swerve_left,True,True,True,False,True,False,False,False,True,change_to_left,0.9126005348922799,4.111723899841309,652
swerve_left,True,True,True,False,True,False,False,False,True,change_to_right,0.9138281065511776,4.163120746612549,652
swerve_left,True,True,True,False,True,False,False,False,True,cruise,0.48956936363929476,4.148096799850464,652
swerve_left,True,True,True,False,True,False,False,False,True,keep,0.08614220408741718,4.126434564590454,652
swerve_left,True,True,True,False,True,False,False,False,True,swerve_left,0.0010048066316870046,4.1720781326293945,652
swerve_left,True,True,True,False,True,False,False,False,True,swerve_right,0.0013596441013524405,4.125198602676392,652
swerve_left,True,False,False,True,True,False,False,False,True,change_to_left,0.8987139160132872,4.0635740756988525,653
swerve_left,True,False,False,True,True,False,False,False,True,change_to_right,0.9231686144845949,4.087040662765503,653
swerve_left,True,False,False,True,True,False,False,False,True,cruise,0.5028750602800386,4.049008846282959,653
swerve_left,True,False,False,True,True,False,False,False,True,keep,0.09186519299299982,4.06472110748291,653
swerve_left,True,False,False,True,True,False,False,False,True,swerve_left,0.0010043988618161908,4.065433979034424,653
swerve_left,True,False,False,True,True,False,False,False,True,swerve_right,0.002093232980068256,4.065260887145996,653
swerve_left,True,True,False,True,True,False,False,False,True,change_to_left,0.899225455869652,4.142653226852417,654
swerve_left,True,True,False,True,True,False,False,False,True,change_to_right,0.9236050542424621,4.060915946960449,654
swerve_left,True,True,False,True,True,False,False,False,True,cruise,0.5238988736354377,4.087939262390137,654
swerve_left,True,True,False,True,True,False,False,False,True,keep,0.05793581930145961,4.138632535934448,654
swerve_left,True,True,False,True,True,False,False,False,True,swerve_left,0.00100400350050891,4.097271680831909,654
swerve_left,True,True,False,True,True,False,False,False,True,swerve_right,0.0020628320940210367,4.099137783050537,654
swerve_left,True,False,True,True,True,False,False,False,True,change_to_left,0.8985403783890721,4.0863356590271,655
swerve_left,True,False,True,True,True,False,False,False,True,change_to_right,0.9228705091581633,4.082358121871948,655
swerve_left,True,False,True,True,True,False,False,False,True,cruise,0.5050280259957103,4.0567498207092285,655
swerve_left,True,False,True,True,True,False,False,False,True,keep,0.09302815941497142,4.11922025680542,655
swerve_left,True,False,True,True,True,False,False,False,True,swerve_left,0.001004373919563209,4.061057806015015,655
swerve_left,True,False,True,True,True,False,False,False,True,swerve_right,0.002061183007106187,4.070533037185669,655
swerve_left,True,True,True,True,True,False,False,False,True,change_to_left,0.898667042659161,4.061710834503174,656
swerve_left,True,True,True,True,True,False,False,False,True,change_to_right,0.9217568547899129,4.103008270263672,656
swerve_left,True,True,True,True,True,False,False,False,True,cruise,0.5206725882286409,4.085978031158447,656
swerve_left,True,True,True,True,True,False,False,False,True,keep,0.08995913475111843,4.112873077392578,656
swerve_left,True,True,True,True,True,False,False,False,True,swerve_left,0.0010067104961648523,4.049889326095581,656
swerve_left,True,True,True,True,True,False,False,False,True,swerve_right,0.0017642587508383185,4.146902322769165,656
swerve_left,True,False,False,False,False,True,False,False,True,change_to_left,0.9030765682449572,4.0934226512908936,657
swerve_left,True,False,False,False,False,True,False,False,True,change_to_right,0.9063372268252022,4.095680475234985,657
swerve_left,True,False,False,False,False,True,False,False,True,cruise,0.3908196251366165,4.070735454559326,657
swerve_left,True,False,False,False,False,True,False,False,True,keep,0.3426063864432207,4.072981595993042,657
swerve_left,True,False,False,False,False,True,False,False,True,swerve_left,0.0010040422347726877,4.074427843093872,657
swerve_left,True,False,False,False,False,True,False,False,True,swerve_right,0.0015068473498344578,4.0831193923950195,657
swerve_left,True,True,False,False,False,True,False,False,True,change_to_left,0.9089392719160846,4.056033134460449,658
swerve_left,True,True,False,False,False,True,False,False,True,change_to_right,0.9075281469472979,4.095613479614258,658
swerve_left,True,True,False,False,False,True,False,False,True,cruise,0.4031352467544725,4.086751699447632,658
swerve_left,True,True,False,False,False,True,False,False,True,keep,0.2674992636306654,4.073262929916382,658
swerve_left,True,True,False,False,False,True,False,False,True,swerve_left,0.0010049175004677798,4.050574541091919,658
swerve_left,True,True,False,False,False,True,False,False,True,swerve_right,0.0015277293695068743,4.099150657653809,658
swerve_left,True,False,True,False,False,True,False,False,True,change_to_left,0.9033419104138535,4.1034862995147705,659
swerve_left,True,False,True,False,False,True,False,False,True,change_to_right,0.9057939056703955,4.119102716445923,659
swerve_left,True,False,True,False,False,True,False,False,True,cruise,0.3926358870443597,4.146276235580444,659
swerve_left,True,False,True,False,False,True,False,False,True,keep,0.3441230648908058,4.1209728717803955,659
swerve_left,True,False,True,False,False,True,False,False,True,swerve_left,0.00100522524207455,4.133377552032471,659
swerve_left,True,False,True,False,False,True,False,False,True,swerve_right,0.0015744924800951668,4.1052350997924805,659
swerve_left,True,True,True,False,False,True,False,False,True,change_to_left,0.9034331632632817,4.085407257080078,660
swerve_left,True,True,True,False,False,True,False,False,True,change_to_right,0.9060165329325037,4.070185422897339,660
swerve_left,True,True,True,False,False,True,False,False,True,cruise,0.39504781149498663,4.111940383911133,660
swerve_left,True,True,True,False,False,True,False,False,True,keep,0.3390032650080743,4.091338396072388,660
swerve_left,True,True,True,False,False,True,False,False,True,swerve_left,0.0010041977848042093,4.135291814804077,660
swerve_left,True,True,True,False,False,True,False,False,True,swerve_right,0.0013931506147057556,4.169268846511841,660
swerve_left,True,False,False,True,False,True,False,False,True,change_to_left,0.8991542464271725,4.032813787460327,661
swerve_left,True,False,False,True,False,True,False,False,True,change_to_right,0.925053409099512,4.142843723297119,661
swerve_left,True,False,False,True,False,True,False,False,True,cruise,0.5106720820099763,4.056044101715088,661
swerve_left,True,False,False,True,False,True,False,False,True,keep,0.06149449149808447,4.067549705505371,661
swerve_left,True,False,False,True,False,True,False,False,True,swerve_left,0.001004546261745649,4.046530246734619,661
swerve_left,True,False,False,True,False,True,False,False,True,swerve_right,0.0019611461990656095,4.106947898864746,661
swerve_left,True,True,False,True,False,True,False,False,True,change_to_left,0.8765491741574453,3.3555829524993896,662
swerve_left,True,True,False,True,False,True,False,False,True,change_to_right,0.9988037144272596,3.373575210571289,662
swerve_left,True,True,False,True,False,True,False,False,True,cruise,0.22241223587520345,3.3979978561401367,662
swerve_left,True,True,False,True,False,True,False,False,True,keep,0.0010491935958994024,3.357480525970459,662
swerve_left,True,True,False,True,False,True,False,False,True,swerve_left,0.0009991925462045676,3.4292244911193848,662
swerve_left,True,True,False,True,False,True,False,False,True,swerve_right,0.0011207888385104245,3.379093885421753,662
swerve_left,True,False,True,True,False,True,False,False,True,change_to_left,0.8765092629724172,3.3909990787506104,663
swerve_left,True,False,True,True,False,True,False,False,True,change_to_right,0.9988046962519451,3.423825263977051,663
swerve_left,True,False,True,True,False,True,False,False,True,cruise,0.22483760250008486,3.347808361053467,663
swerve_left,True,False,True,True,False,True,False,False,True,keep,0.0017420743692178468,3.3590588569641113,663
swerve_left,True,False,True,True,False,True,False,False,True,swerve_left,0.001004773004931921,3.405902147293091,663
swerve_left,True,False,True,True,False,True,False,False,True,swerve_right,0.0011405792074887905,3.3732378482818604,663
swerve_left,True,True,True,True,False,True,False,False,True,change_to_left,0.9146486905678288,4.116885185241699,664
swerve_left,True,True,True,True,False,True,False,False,True,change_to_right,0.9169977515736971,4.257430553436279,664
swerve_left,True,True,True,True,False,True,False,False,True,cruise,0.4748302252783039,4.130274534225464,664
swerve_left,True,True,True,True,False,True,False,False,True,keep,0.05150670733869355,4.137730360031128,664
swerve_left,True,True,True,True,False,True,False,False,True,swerve_left,0.0010039863627071403,4.15691876411438,664
swerve_left,True,True,True,True,False,True,False,False,True,swerve_right,0.0017724377500619286,4.148210525512695,664
swerve_left,True,False,False,False,True,True,False,False,True,change_to_left,0.8891107693277968,4.009658336639404,665
swerve_left,True,False,False,False,True,True,False,False,True,change_to_right,0.8920914344974082,4.068146228790283,665
swerve_left,True,False,False,False,True,True,False,False,True,cruise,0.3019673263168009,4.071391582489014,665
swerve_left,True,False,False,False,True,True,False,False,True,keep,0.6787980666989171,4.102341175079346,665
swerve_left,True,False,False,False,True,True,False,False,True,swerve_left,0.001004698195598495,4.034571409225464,665
swerve_left,True,False,False,False,True,True,False,False,True,swerve_right,0.0022667368587254515,4.042730093002319,665
swerve_left,True,True,False,False,True,True,False,False,True,change_to_left,0.8961868684397062,4.034092664718628,666
swerve_left,True,True,False,False,True,True,False,False,True,change_to_right,0.8921203480547011,4.074445009231567,666
swerve_left,True,True,False,False,True,True,False,False,True,cruise,0.34983965529057864,4.070672273635864,666
swerve_left,True,True,False,False,True,True,False,False,True,keep,0.5646957948526065,4.124113082885742,666
swerve_left,True,True,False,False,True,True,False,False,True,swerve_left,0.0010053750312858886,4.10654616355896,666
swerve_left,True,True,False,False,True,True,False,False,True,swerve_right,0.0021549983703315094,4.1412389278411865,666
swerve_left,True,False,True,False,True,True,False,False,True,change_to_left,0.8893949436233745,4.0892579555511475,667
swerve_left,True,False,True,False,True,True,False,False,True,change_to_right,0.8920840262965714,4.083214998245239,667
swerve_left,True,False,True,False,True,True,False,False,True,cruise,0.3044454826615264,4.093207836151123,667
swerve_left,True,False,True,False,True,True,False,False,True,keep,0.6833186942250751,4.081737995147705,667
swerve_left,True,False,True,False,True,True,False,False,True,swerve_left,0.0010043859807985114,4.045732021331787,667
swerve_left,True,False,True,False,True,True,False,False,True,swerve_right,0.002335696284894775,4.073580265045166,667
swerve_left,True,True,True,False,True,True,False,False,True,change_to_left,0.9376506414307392,3.3762190341949463,668
swerve_left,True,True,True,False,True,True,False,False,True,change_to_right,0.939851668996187,3.4445910453796387,668
swerve_left,True,True,True,False,True,True,False,False,True,cruise,0.23178556824555813,3.424926519393921,668
swerve_left,True,True,True,False,True,True,False,False,True,keep,0.004364177666219798,3.4817049503326416,668
swerve_left,True,True,True,False,True,True,False,False,True,swerve_left,0.0009993855388960894,3.413540840148926,668
swerve_left,True,True,True,False,True,True,False,False,True,swerve_right,0.0011083352707160316,3.4168813228607178,668
swerve_left,True,False,False,True,True,True,False,False,True,change_to_left,0.8977548605682337,4.0605902671813965,669
swerve_left,True,False,False,True,True,True,False,False,True,change_to_right,0.9213942157433859,4.08837890625,669
swerve_left,True,False,False,True,True,True,False,False,True,cruise,0.4901911834076826,4.0665810108184814,669
swerve_left,True,False,False,True,True,True,False,False,True,keep,0.11016612972456467,4.095906019210815,669
swerve_left,True,False,False,True,True,True,False,False,True,swerve_left,0.001004947103252488,4.132534027099609,669
swerve_left,True,False,False,True,True,True,False,False,True,swerve_right,0.02264304716916078,4.102309703826904,669
swerve_left,True,True,False,True,True,True,False,False,True,change_to_left,0.8767355573411952,3.4139440059661865,670
swerve_left,True,True,False,True,True,True,False,False,True,change_to_right,0.9987626080197074,3.3643393516540527,670
swerve_left,True,True,False,True,True,True,False,False,True,cruise,0.22227191168407537,3.362349033355713,670
swerve_left,True,True,False,True,True,True,False,False,True,keep,0.0014588149489236774,3.3514740467071533,670
swerve_left,True,True,False,True,True,True,False,False,True,swerve_left,0.0010048156620383344,3.3784680366516113,670
swerve_left,True,True,False,True,True,True,False,False,True,swerve_right,0.001379333154715285,3.3213131427764893,670
swerve_left,True,False,True,True,True,True,False,False,True,change_to_left,0.897347673719994,4.064650297164917,671
swerve_left,True,False,True,True,True,True,False,False,True,change_to_right,0.9223173152723635,4.079122543334961,671
swerve_left,True,False,True,True,True,True,False,False,True,cruise,0.4897095799733158,4.061973333358765,671
swerve_left,True,False,True,True,True,True,False,False,True,keep,0.11004897486946894,4.12949538230896,671
swerve_left,True,False,True,True,True,True,False,False,True,swerve_left,0.0010043346891521192,4.12279200553894,671
swerve_left,True,False,True,True,True,True,False,False,True,swerve_right,0.022388197828977233,4.045940637588501,671
swerve_left,True,True,True,True,True,True,False,False,True,change_to_left,0.8911580260340245,4.091750144958496,672
swerve_left,True,True,True,True,True,True,False,False,True,change_to_right,0.9373462858344321,4.093384504318237,672
swerve_left,True,True,True,True,True,True,False,False,True,cruise,0.4705868035977771,4.097449541091919,672
swerve_left,True,True,True,True,True,True,False,False,True,keep,0.0739393200557294,4.0729758739471436,672
swerve_left,True,True,True,True,True,True,False,False,True,swerve_left,0.0010038128769244083,4.067383289337158,672
swerve_left,True,True,True,True,True,True,False,False,True,swerve_right,0.015038666844797143,4.064541816711426,672
swerve_left,True,False,False,False,False,False,True,False,True,change_to_left,0.9178892258189215,4.091081857681274,673
swerve_left,True,False,False,False,False,False,True,False,True,change_to_right,0.9196455205444123,4.101721286773682,673
swerve_left,True,False,False,False,False,False,True,False,True,cruise,0.480196496029657,4.0867087841033936,673
swerve_left,True,False,False,False,False,False,True,False,True,keep,0.0011107224974646103,4.1250152587890625,673
swerve_left,True,False,False,False,False,False,True,False,True,swerve_left,0.0010049608611934575,4.12244725227356,673
swerve_left,True,False,False,False,False,False,True,False,True,swerve_right,0.0011951607533252516,4.099173307418823,673
swerve_left,True,True,False,False,False,False,True,False,True,change_to_left,0.9174828752730265,4.123996019363403,674
swerve_left,True,True,False,False,False,False,True,False,True,change_to_right,0.9196834202397148,4.139059543609619,674
swerve_left,True,True,False,False,False,False,True,False,True,cruise,0.4776971710996551,4.150789260864258,674
swerve_left,True,True,False,False,False,False,True,False,True,keep,0.0010910855630689986,4.109244108200073,674
swerve_left,True,True,False,False,False,False,True,False,True,swerve_left,0.0010045982073089682,4.0559728145599365,674
swerve_left,True,True,False,False,False,False,True,False,True,swerve_right,0.0011970582559082804,4.067401885986328,674
swerve_left,True,False,True,False,False,False,True,False,True,change_to_left,0.9177062808205575,4.0834455490112305,675
swerve_left,True,False,True,False,False,False,True,False,True,change_to_right,0.9193693528018709,4.144631385803223,675
swerve_left,True,False,True,False,False,False,True,False,True,cruise,0.47875339751507023,4.100423097610474,675
swerve_left,True,False,True,False,False,False,True,False,True,keep,0.0011104034057456465,4.113284587860107,675
swerve_left,True,False,True,False,False,False,True,False,True,swerve_left,0.0010049288496353107,4.168261289596558,675
swerve_left,True,False,True,False,False,False,True,False,True,swerve_right,0.0011931850399595325,4.12999415397644,675
swerve_left,True,True,True,False,False,False,True,False,True,change_to_left,0.9171810538561409,4.161832809448242,676
swerve_left,True,True,True,False,False,False,True,False,True,change_to_right,0.9198353469067754,4.151077747344971,676
swerve_left,True,True,True,False,False,False,True,False,True,cruise,0.48022048572546117,4.155341386795044,676
swerve_left,True,True,True,False,False,False,True,False,True,keep,0.0010916835655779018,4.240726709365845,676
swerve_left,True,True,True,False,False,False,True,False,True,swerve_left,0.001014738985371848,4.144037961959839,676
swerve_left,True,True,True,False,False,False,True,False,True,swerve_right,0.0012023627111085516,4.182932376861572,676
swerve_left,True,False,False,True,False,False,True,False,True,change_to_left,0.9183913287997458,4.128069877624512,677
swerve_left,True,False,False,True,False,False,True,False,True,change_to_right,0.9193155878077826,4.101831674575806,677
swerve_left,True,False,False,True,False,False,True,False,True,cruise,0.4789226977843622,4.026955604553223,677
swerve_left,True,False,False,True,False,False,True,False,True,keep,0.0010917234256500646,4.04856538772583,677
swerve_left,True,False,False,True,False,False,True,False,True,swerve_left,0.0010050050745554929,4.121159553527832,677
swerve_left,True,False,False,True,False,False,True,False,True,swerve_right,0.0013737619798675237,4.104135036468506,677
swerve_left,True,True,False,True,False,False,True,False,True,change_to_left,0.9181898571430651,4.143512487411499,678
swerve_left,True,True,False,True,False,False,True,False,True,change_to_right,0.9191322732277643,4.182047605514526,678
swerve_left,True,True,False,True,False,False,True,False,True,cruise,0.48065634362764015,4.175040006637573,678
swerve_left,True,True,False,True,False,False,True,False,True,keep,0.0010917698194750683,4.167092323303223,678
swerve_left,True,True,False,True,False,False,True,False,True,swerve_left,0.0010047953825614753,4.141516923904419,678
swerve_left,True,True,False,True,False,False,True,False,True,swerve_right,0.0013142837512722856,4.158241271972656,678
swerve_left,True,False,True,True,False,False,True,False,True,change_to_left,0.9180243920518766,4.197644233703613,679
swerve_left,True,False,True,True,False,False,True,False,True,change_to_right,0.91966493511644,4.1097142696380615,679
swerve_left,True,False,True,True,False,False,True,False,True,cruise,0.4808146119556906,4.091377258300781,679
swerve_left,True,False,True,True,False,False,True,False,True,keep,0.0010542293295544626,4.114032030105591,679
swerve_left,True,False,True,True,False,False,True,False,True,swerve_left,0.0010035921477837147,4.137831687927246,679
swerve_left,True,False,True,True,False,False,True,False,True,swerve_right,0.001370586559308108,4.138440370559692,679
swerve_left,True,True,True,True,False,False,True,False,True,change_to_left,0.9183234455778055,4.170276641845703,680
swerve_left,True,True,True,True,False,False,True,False,True,change_to_right,0.9191999170226767,4.156643867492676,680
swerve_left,True,True,True,True,False,False,True,False,True,cruise,0.48185947100036497,4.175140380859375,680
swerve_left,True,True,True,True,False,False,True,False,True,keep,0.001091354797355937,4.285461902618408,680
swerve_left,True,True,True,True,False,False,True,False,True,swerve_left,0.0010049839491526051,4.193866729736328,680
swerve_left,True,True,True,True,False,False,True,False,True,swerve_right,0.0012227861503572221,4.16162371635437,680
swerve_left,True,False,False,False,True,False,True,False,True,change_to_left,0.9140334880242543,4.163933277130127,681
swerve_left,True,False,False,False,True,False,True,False,True,change_to_right,0.9161147492871028,4.099438905715942,681
swerve_left,True,False,False,False,True,False,True,False,True,cruise,0.4538296621267635,4.096056699752808,681
swerve_left,True,False,False,False,True,False,True,False,True,keep,0.09179117498217379,4.1079723834991455,681
swerve_left,True,False,False,False,True,False,True,False,True,swerve_left,0.0010038405445633217,4.092383146286011,681
swerve_left,True,False,False,False,True,False,True,False,True,swerve_right,0.001992114744149812,4.109516382217407,681
swerve_left,True,True,False,False,True,False,True,False,True,change_to_left,0.9132701320448285,4.137636423110962,682
swerve_left,True,True,False,False,True,False,True,False,True,change_to_right,0.9155308841406279,4.098700761795044,682
swerve_left,True,True,False,False,True,False,True,False,True,cruise,0.49710315384807985,4.164936780929565,682
swerve_left,True,True,False,False,True,False,True,False,True,keep,0.043113741072102155,4.136658191680908,682
swerve_left,True,True,False,False,True,False,True,False,True,swerve_left,0.0010057888623825572,4.172411680221558,682
swerve_left,True,True,False,False,True,False,True,False,True,swerve_right,0.0019213817950122969,4.1905248165130615,682
swerve_left,True,False,True,False,True,False,True,False,True,change_to_left,0.9140458066160329,4.231782913208008,683
swerve_left,True,False,True,False,True,False,True,False,True,change_to_right,0.915694740611863,4.193916082382202,683
swerve_left,True,False,True,False,True,False,True,False,True,cruise,0.45838381260935274,4.136517763137817,683
swerve_left,True,False,True,False,True,False,True,False,True,keep,0.09122232465368905,4.145408391952515,683
swerve_left,True,False,True,False,True,False,True,False,True,swerve_left,0.0010050095555793447,4.159899711608887,683
swerve_left,True,False,True,False,True,False,True,False,True,swerve_right,0.002004203263091688,4.140160322189331,683
swerve_left,True,True,True,False,True,False,True,False,True,change_to_left,0.9159883630104951,4.105895280838013,684
swerve_left,True,True,True,False,True,False,True,False,True,change_to_right,0.9136974302651479,4.193917989730835,684
swerve_left,True,True,True,False,True,False,True,False,True,cruise,0.48086434782856247,4.1310930252075195,684
swerve_left,True,True,True,False,True,False,True,False,True,keep,0.08613646653761334,4.1584250926971436,684
swerve_left,True,True,True,False,True,False,True,False,True,swerve_left,0.0010034315993148009,4.254900932312012,684
swerve_left,True,True,True,False,True,False,True,False,True,swerve_right,0.0018498518570626663,4.10905647277832,684
swerve_left,True,False,False,True,True,False,True,False,True,change_to_left,0.915083372688511,4.158295392990112,685
swerve_left,True,False,False,True,True,False,True,False,True,change_to_right,0.916081334106444,4.144558668136597,685
swerve_left,True,False,False,True,True,False,True,False,True,cruise,0.4613280793628319,4.137670040130615,685
swerve_left,True,False,False,True,True,False,True,False,True,keep,0.07749119284560595,4.1330955028533936,685
swerve_left,True,False,False,True,True,False,True,False,True,swerve_left,0.0010043986705462406,4.107898473739624,685
swerve_left,True,False,False,True,True,False,True,False,True,swerve_right,0.0019390315577040714,4.131712913513184,685
swerve_left,True,True,False,True,True,False,True,False,True,change_to_left,0.9333376021931847,4.1258440017700195,686
swerve_left,True,True,False,True,True,False,True,False,True,change_to_right,0.91742015705837,4.1890623569488525,686
swerve_left,True,True,False,True,True,False,True,False,True,cruise,0.47777835481983233,4.153077840805054,686
swerve_left,True,True,False,True,True,False,True,False,True,keep,0.03157239843982902,4.076982021331787,686
swerve_left,True,True,False,True,True,False,True,False,True,swerve_left,0.0010042104395487853,4.128134727478027,686
swerve_left,True,True,False,True,True,False,True,False,True,swerve_right,0.0018663947637386853,4.102983474731445,686
swerve_left,True,False,True,True,True,False,True,False,True,change_to_left,0.916905369879532,4.18312931060791,687
swerve_left,True,False,True,True,True,False,True,False,True,change_to_right,0.9161034842606208,4.044071912765503,687
swerve_left,True,False,True,True,True,False,True,False,True,cruise,0.4602205040945618,4.093124628067017,687
swerve_left,True,False,True,True,True,False,True,False,True,keep,0.07848261016581326,4.16301965713501,687
swerve_left,True,False,True,True,True,False,True,False,True,swerve_left,0.0010043943033252163,4.1269755363464355,687
swerve_left,True,False,True,True,True,False,True,False,True,swerve_right,0.0018978048089063919,4.118086814880371,687
swerve_left,True,True,True,True,True,False,True,False,True,change_to_left,0.8955499616127969,2.7978482246398926,688
swerve_left,True,True,True,True,True,False,True,False,True,change_to_right,0.9997067158290772,2.8103630542755127,688
swerve_left,True,True,True,True,True,False,True,False,True,cruise,0.2365759587075778,2.794501304626465,688
swerve_left,True,True,True,True,True,False,True,False,True,keep,0.0012723351827788657,2.809028387069702,688
swerve_left,True,True,True,True,True,False,True,False,True,swerve_left,0.000999387335665887,2.8066673278808594,688
swerve_left,True,True,True,True,True,False,True,False,True,swerve_right,0.001145451469176294,2.749173879623413,688
swerve_left,True,False,False,False,False,True,True,False,True,change_to_left,0.9035186544818181,4.136930465698242,689
swerve_left,True,False,False,False,False,True,True,False,True,change_to_right,0.9061605592346352,4.11593222618103,689
swerve_left,True,False,False,False,False,True,True,False,True,cruise,0.3900078276094617,4.109137773513794,689
swerve_left,True,False,False,False,False,True,True,False,True,keep,0.3404423595949525,4.121105194091797,689
swerve_left,True,False,False,False,False,True,True,False,True,swerve_left,0.0010049174896425016,4.094639301300049,689
swerve_left,True,False,False,False,False,True,True,False,True,swerve_right,0.001531496539198987,4.116753339767456,689
swerve_left,True,True,False,False,False,True,True,False,True,change_to_left,0.9088021463749014,4.072781324386597,690
swerve_left,True,True,False,False,False,True,True,False,True,change_to_right,0.9378235728983034,4.157110214233398,690
swerve_left,True,True,False,False,False,True,True,False,True,cruise,0.3269473288104066,4.099969148635864,690
swerve_left,True,True,False,False,False,True,True,False,True,keep,0.11328751150213201,4.102953195571899,690
swerve_left,True,True,False,False,False,True,True,False,True,swerve_left,0.0010352397014763348,4.0813024044036865,690
swerve_left,True,True,False,False,False,True,True,False,True,swerve_right,0.0015117298576505112,4.068062782287598,690
swerve_left,True,False,True,False,False,True,True,False,True,change_to_left,0.90341580357712,4.118438959121704,691
swerve_left,True,False,True,False,False,True,True,False,True,change_to_right,0.9057002760027184,4.191097259521484,691
swerve_left,True,False,True,False,False,True,True,False,True,cruise,0.39142783279515847,4.1859447956085205,691
swerve_left,True,False,True,False,False,True,True,False,True,keep,0.3438848600220239,4.124012470245361,691
swerve_left,True,False,True,False,False,True,True,False,True,swerve_left,0.0010049222155416124,4.128028631210327,691
swerve_left,True,False,True,False,False,True,True,False,True,swerve_right,0.0015561833871434747,4.210036277770996,691
swerve_left,True,True,True,False,False,True,True,False,True,change_to_left,0.9117444852268863,4.070662021636963,692
swerve_left,True,True,True,False,False,True,True,False,True,change_to_right,0.9097346189099462,4.071150064468384,692
swerve_left,True,True,True,False,False,True,True,False,True,cruise,0.4312581006092582,4.0823814868927,692
swerve_left,True,True,True,False,False,True,True,False,True,keep,0.19952421502113318,4.113120079040527,692
swerve_left,True,True,True,False,False,True,True,False,True,swerve_left,0.0009993833147856521,4.101861476898193,692
swerve_left,True,True,True,False,False,True,True,False,True,swerve_right,0.0012598660601091502,4.11691951751709,692
swerve_left,True,False,False,True,False,True,True,False,True,change_to_left,0.915989344539671,4.08407998085022,693
swerve_left,True,False,False,True,False,True,True,False,True,change_to_right,0.9176900665315957,4.114905595779419,693
swerve_left,True,False,False,True,False,True,True,False,True,cruise,0.4651188462233358,4.062987327575684,693
swerve_left,True,False,False,True,False,True,True,False,True,keep,0.05159411052266318,4.216994524002075,693
swerve_left,True,False,False,True,False,True,True,False,True,swerve_left,0.0010047554075157871,4.104793548583984,693
swerve_left,True,False,False,True,False,True,True,False,True,swerve_right,0.0017374111157782773,4.124362230300903,693
swerve_left,True,True,False,True,False,True,True,False,True,change_to_left,0.9051218825063041,4.0875279903411865,694
swerve_left,True,True,False,True,False,True,True,False,True,change_to_right,0.9559813680553577,4.1389241218566895,694
swerve_left,True,True,False,True,False,True,True,False,True,cruise,0.3074458764137811,4.051446914672852,694
swerve_left,True,True,False,True,False,True,True,False,True,keep,0.03197749029930281,4.072057008743286,694
swerve_left,True,True,False,True,False,True,True,False,True,swerve_left,0.0010054601660829695,4.062981605529785,694
swerve_left,True,True,False,True,False,True,True,False,True,swerve_right,0.0016064857844696313,4.069851398468018,694
swerve_left,True,False,True,True,False,True,True,False,True,change_to_left,0.9163667998136911,4.122505187988281,695
swerve_left,True,False,True,True,False,True,True,False,True,change_to_right,0.9175594608897881,4.115038871765137,695
swerve_left,True,False,True,True,False,True,True,False,True,cruise,0.4674926928272124,4.0781354904174805,695
swerve_left,True,False,True,True,False,True,True,False,True,keep,0.05214612391362703,4.188160419464111,695
swerve_left,True,False,True,True,False,True,True,False,True,swerve_left,0.0010045400780270867,4.089049339294434,695
swerve_left,True,False,True,True,False,True,True,False,True,swerve_right,0.0017793873318959514,4.202975511550903,695
swerve_left,True,True,True,True,False,True,True,False,True,change_to_left,0.8777848407473043,3.4421355724334717,696
swerve_left,True,True,True,True,False,True,True,False,True,change_to_right,0.9991912822223458,3.3888165950775146,696
swerve_left,True,True,True,True,False,True,True,False,True,cruise,0.2294053672742888,3.5126657485961914,696
swerve_left,True,True,True,True,False,True,True,False,True,keep,0.0014694858454754817,3.4013912677764893,696
swerve_left,True,True,True,True,False,True,True,False,True,swerve_left,0.0010070184453375975,3.468177318572998,696
swerve_left,True,True,True,True,False,True,True,False,True,swerve_right,0.0015603942681509254,3.4403076171875,696
swerve_left,True,False,False,False,True,True,True,False,True,change_to_left,0.8905564150948311,4.094483137130737,697
swerve_left,True,False,False,False,True,True,True,False,True,change_to_right,0.8930483506301826,4.098612308502197,697
swerve_left,True,False,False,False,True,True,True,False,True,cruise,0.3081093441710297,4.075135707855225,697
swerve_left,True,False,False,False,True,True,True,False,True,keep,0.6548355432783538,4.12186598777771,697
swerve_left,True,False,False,False,True,True,True,False,True,swerve_left,0.001003963070749041,4.040049314498901,697
swerve_left,True,False,False,False,True,True,True,False,True,swerve_right,0.0024897730184757793,4.135915994644165,697
swerve_left,True,True,False,False,True,True,True,False,True,change_to_left,0.9103950792721495,4.14829158782959,698
swerve_left,True,True,False,False,True,True,True,False,True,change_to_right,0.9186279233246003,4.039456129074097,698
swerve_left,True,True,False,False,True,True,True,False,True,cruise,0.32755881053016195,4.022447109222412,698
swerve_left,True,True,False,False,True,True,True,False,True,keep,0.2518550394489402,4.02461838722229,698
swerve_left,True,True,False,False,True,True,True,False,True,swerve_left,0.000999,4.03842830657959,698
swerve_left,True,True,False,False,True,True,True,False,True,swerve_right,0.001958957395542845,4.03070330619812,698
swerve_left,True,False,True,False,True,True,True,False,True,change_to_left,0.8895448726524949,4.093974351882935,699
swerve_left,True,False,True,False,True,True,True,False,True,change_to_right,0.8922813999277089,4.089671850204468,699
swerve_left,True,False,True,False,True,True,True,False,True,cruise,0.3043170965763286,4.088227033615112,699
swerve_left,True,False,True,False,True,True,True,False,True,keep,0.6824057777976444,4.116844654083252,699
swerve_left,True,False,True,False,True,True,True,False,True,swerve_left,0.0010044028475489188,4.0878753662109375,699
swerve_left,True,False,True,False,True,True,True,False,True,swerve_right,0.002337261369743412,4.115555763244629,699
swerve_left,True,True,True,False,True,True,True,False,True,change_to_left,0.9379120971711452,3.3854074478149414,700
swerve_left,True,True,True,False,True,True,True,False,True,change_to_right,0.9392742552594292,3.4521372318267822,700
swerve_left,True,True,True,False,True,True,True,False,True,cruise,0.23796286386503884,3.484220504760742,700
swerve_left,True,True,True,False,True,True,True,False,True,keep,0.004371815499626368,3.4365057945251465,700
swerve_left,True,True,True,False,True,True,True,False,True,swerve_left,0.000999385987676831,3.4010963439941406,700
swerve_left,True,True,True,False,True,True,True,False,True,swerve_right,0.0010888202458143117,3.3988704681396484,700
swerve_left,True,False,False,True,True,True,True,False,True,change_to_left,0.9254749485860465,4.203559875488281,701
swerve_left,True,False,False,True,True,True,True,False,True,change_to_right,0.9148175528090478,4.142838716506958,701
swerve_left,True,False,False,True,True,True,True,False,True,cruise,0.45205710994010684,4.107393264770508,701
swerve_left,True,False,False,True,True,True,True,False,True,keep,0.09264673205907062,4.122206926345825,701
swerve_left,True,False,False,True,True,True,True,False,True,swerve_left,0.001004674936337983,4.100653171539307,701
swerve_left,True,False,False,True,True,True,True,False,True,swerve_right,0.019139442473144575,4.104974269866943,701
swerve_left,True,True,False,True,True,True,True,False,True,change_to_left,0.9168938457608748,4.114100217819214,702
swerve_left,True,True,False,True,True,True,True,False,True,change_to_right,0.9409410656084441,4.069030046463013,702
swerve_left,True,True,False,True,True,True,True,False,True,cruise,0.3465235878066944,4.101351261138916,702
swerve_left,True,True,False,True,True,True,True,False,True,keep,0.061089028814020736,4.0907440185546875,702
swerve_left,True,True,False,True,True,True,True,False,True,swerve_left,0.0010047196597030377,4.068885564804077,702
swerve_left,True,True,False,True,True,True,True,False,True,swerve_right,0.014642117673456214,4.117663145065308,702
swerve_left,True,False,True,True,True,True,True,False,True,change_to_left,0.9229371965598012,4.1486828327178955,703
swerve_left,True,False,True,True,True,True,True,False,True,change_to_right,0.9152987799495323,4.256143093109131,703
swerve_left,True,False,True,True,True,True,True,False,True,cruise,0.4518392979658577,4.223787784576416,703
swerve_left,True,False,True,True,True,True,True,False,True,keep,0.0952155423657992,4.26616644859314,703
swerve_left,True,False,True,True,True,True,True,False,True,swerve_left,0.0010045377698496534,4.133303880691528,703
swerve_left,True,False,True,True,True,True,True,False,True,swerve_right,0.019255088230282966,4.145071506500244,703
swerve_left,True,True,True,True,True,True,True,False,True,change_to_left,0.8967591363262505,3.430889129638672,704
swerve_left,True,True,True,True,True,True,True,False,True,change_to_right,0.9990243383784183,3.4126102924346924,704
swerve_left,True,True,True,True,True,True,True,False,True,cruise,0.236421203077451,3.540379524230957,704
swerve_left,True,True,True,True,True,True,True,False,True,keep,0.0018693857435161474,3.377819538116455,704
swerve_left,True,True,True,True,True,True,True,False,True,swerve_left,0.0010203882698091046,3.45991587638855,704
swerve_left,True,True,True,True,True,True,True,False,True,swerve_right,0.0014027009857887724,3.452075958251953,704
swerve_right,False,False,False,False,False,False,False,False,True,change_to_left,0.9167490312702785,4.041485071182251,705
swerve_right,False,False,False,False,False,False,False,False,True,change_to_right,0.9193949445492752,4.0059404373168945,705
swerve_right,False,False,False,False,False,False,False,False,True,cruise,0.47902231843031357,4.014808177947998,705
swerve_right,False,False,False,False,False,False,False,False,True,keep,0.010942500756497232,4.061056613922119,705
swerve_right,False,False,False,False,False,False,False,False,True,swerve_left,0.0010276003800048581,4.063087224960327,705
swerve_right,False,False,False,False,False,False,False,False,True,swerve_right,0.0011331827702084883,4.028556823730469,705
swerve_right,False,True,False,False,False,False,False,False,True,change_to_left,0.9166967213561305,4.055444002151489,706
swerve_right,False,True,False,False,False,False,False,False,True,change_to_right,0.9192709538903969,4.01718544960022,706
swerve_right,False,True,False,False,False,False,False,False,True,cruise,0.4781540234326715,4.045369863510132,706
swerve_right,False,True,False,False,False,False,False,False,True,keep,0.010985334452469223,4.083110332489014,706
swerve_right,False,True,False,False,False,False,False,False,True,swerve_left,0.0010276704082101836,4.059013366699219,706
swerve_right,False,True,False,False,False,False,False,False,True,swerve_right,0.0011331068521742837,4.053217172622681,706
swerve_right,False,False,True,False,False,False,False,False,True,change_to_left,0.9170017662379282,4.029678583145142,707
swerve_right,False,False,True,False,False,False,False,False,True,change_to_right,0.9195200003974474,4.073721885681152,707
swerve_right,False,False,True,False,False,False,False,False,True,cruise,0.47628332463871065,4.048588275909424,707
swerve_right,False,False,True,False,False,False,False,False,True,keep,0.010968641044987931,4.0860817432403564,707
swerve_right,False,False,True,False,False,False,False,False,True,swerve_left,0.0010326065001659494,4.147405385971069,707
swerve_right,False,False,True,False,False,False,False,False,True,swerve_right,0.0011327881482417874,4.082001447677612,707
swerve_right,False,True,True,False,False,False,False,False,True,change_to_left,0.9164242524427764,4.098430395126343,708
swerve_right,False,True,True,False,False,False,False,False,True,change_to_right,0.9200642053364045,4.12410569190979,708
swerve_right,False,True,True,False,False,False,False,False,True,cruise,0.478910289988405,4.098618268966675,708
swerve_right,False,True,True,False,False,False,False,False,True,keep,0.010772298490413047,4.064105987548828,708
swerve_right,False,True,True,False,False,False,False,False,True,swerve_left,0.001026989688429181,4.094900846481323,708
swerve_right,False,True,True,False,False,False,False,False,True,swerve_right,0.0011329552460283318,4.05378794670105,708
swerve_right,False,False,False,True,False,False,False,False,True,change_to_left,0.9302558266266346,4.003872871398926,709
swerve_right,False,False,False,True,False,False,False,False,True,change_to_right,0.9323223852427877,4.156888008117676,709
swerve_right,False,False,False,True,False,False,False,False,True,cruise,0.3196011828202666,4.075531959533691,709
swerve_right,False,False,False,True,False,False,False,False,True,keep,0.0010968231234648144,4.09771203994751,709
swerve_right,False,False,False,True,False,False,False,False,True,swerve_left,0.0011516123102479291,4.10396409034729,709
swerve_right,False,False,False,True,False,False,False,False,True,swerve_right,0.0011310498843674595,4.03609037399292,709
swerve_right,False,True,False,True,False,False,False,False,True,change_to_left,0.9298610905114436,4.049452543258667,710
swerve_right,False,True,False,True,False,False,False,False,True,change_to_right,0.9324452801798286,4.070865631103516,710
swerve_right,False,True,False,True,False,False,False,False,True,cruise,0.31916084876465156,4.056124448776245,710
swerve_right,False,True,False,True,False,False,False,False,True,keep,0.0010962731085851765,4.068629741668701,710
swerve_right,False,True,False,True,False,False,False,False,True,swerve_left,0.0011262630357354833,4.111055135726929,710
swerve_right,False,True,False,True,False,False,False,False,True,swerve_right,0.0011303020101336575,4.052498817443848,710
swerve_right,False,False,True,True,False,False,False,False,True,change_to_left,0.9306051247553058,4.03868842124939,711
swerve_right,False,False,True,True,False,False,False,False,True,change_to_right,0.9318796286775917,4.088170289993286,711
swerve_right,False,False,True,True,False,False,False,False,True,cruise,0.3188653131886058,4.075164794921875,711
swerve_right,False,False,True,True,False,False,False,False,True,keep,0.0010720081824282413,4.083745956420898,711
swerve_right,False,False,True,True,False,False,False,False,True,swerve_left,0.0011011722439075839,4.10705828666687,711
swerve_right,False,False,True,True,False,False,False,False,True,swerve_right,0.0011309232197059358,4.058245658874512,711
swerve_right,False,True,True,True,False,False,False,False,True,change_to_left,0.9299975007330805,4.105536222457886,712
swerve_right,False,True,True,True,False,False,False,False,True,change_to_right,0.9328710849626678,4.082986354827881,712
swerve_right,False,True,True,True,False,False,False,False,True,cruise,0.3196522734132873,4.131460428237915,712
swerve_right,False,True,True,True,False,False,False,False,True,keep,0.0010962634710937357,4.092127084732056,712
swerve_right,False,True,True,True,False,False,False,False,True,swerve_left,0.001125762958294668,4.099543333053589,712
swerve_right,False,True,True,True,False,False,False,False,True,swerve_right,0.0011337256630984689,4.108957767486572,712
swerve_right,False,False,False,False,True,False,False,False,True,change_to_left,0.917232808417317,4.051293611526489,713
swerve_right,False,False,False,False,True,False,False,False,True,change_to_right,0.9190835692394819,4.029372930526733,713
swerve_right,False,False,False,False,True,False,False,False,True,cruise,0.47764804684426065,4.066433906555176,713
swerve_right,False,False,False,False,True,False,False,False,True,keep,0.008881506280761373,4.027205467224121,713
swerve_right,False,False,False,False,True,False,False,False,True,swerve_left,0.0011700864647773723,4.013761043548584,713
swerve_right,False,False,False,False,True,False,False,False,True,swerve_right,0.0011342558952184276,4.067504405975342,713
swerve_right,False,True,False,False,True,False,False,False,True,change_to_left,0.9171586484741611,4.050830125808716,714
swerve_right,False,True,False,False,True,False,False,False,True,change_to_right,0.9193146080852137,4.133152008056641,714
swerve_right,False,True,False,False,True,False,False,False,True,cruise,0.4778210793674061,4.096363306045532,714
swerve_right,False,True,False,False,True,False,False,False,True,keep,0.0087128376064314,4.046553611755371,714
swerve_right,False,True,False,False,True,False,False,False,True,swerve_left,0.0011755500586830207,4.0460851192474365,714
swerve_right,False,True,False,False,True,False,False,False,True,swerve_right,0.0011317528650511344,4.092057228088379,714
swerve_right,False,False,True,False,True,False,False,False,True,change_to_left,0.9167859799803818,4.101204872131348,715
swerve_right,False,False,True,False,True,False,False,False,True,change_to_right,0.9192322782726849,4.044137477874756,715
swerve_right,False,False,True,False,True,False,False,False,True,cruise,0.47807253663967464,4.089998245239258,715
swerve_right,False,False,True,False,True,False,False,False,True,keep,0.009058999006401051,4.111400365829468,715
swerve_right,False,False,True,False,True,False,False,False,True,swerve_left,0.0011704321536085188,4.042755603790283,715
swerve_right,False,False,True,False,True,False,False,False,True,swerve_right,0.0011320174371666969,4.119628190994263,715
swerve_right,False,True,True,False,True,False,False,False,True,change_to_left,0.9171173540960443,4.086217880249023,716
swerve_right,False,True,True,False,True,False,False,False,True,change_to_right,0.919914464831727,4.090691089630127,716
swerve_right,False,True,True,False,True,False,False,False,True,cruise,0.47821057110317866,4.125866889953613,716
swerve_right,False,True,True,False,True,False,False,False,True,keep,0.009202402022718575,4.094898700714111,716
swerve_right,False,True,True,False,True,False,False,False,True,swerve_left,0.0011697289364712559,4.100617170333862,716
swerve_right,False,True,True,False,True,False,False,False,True,swerve_right,0.0011306688397736938,4.139007091522217,716
swerve_right,False,False,False,True,True,False,False,False,True,change_to_left,0.9162726791621926,4.067302227020264,717
swerve_right,False,False,False,True,True,False,False,False,True,change_to_right,0.9190590235931467,4.086898326873779,717
swerve_right,False,False,False,True,True,False,False,False,True,cruise,0.49421183893765436,4.076116323471069,717
swerve_right,False,False,False,True,True,False,False,False,True,keep,0.0011969254415675758,4.040857315063477,717
swerve_right,False,False,False,True,True,False,False,False,True,swerve_left,0.0010407051414914918,4.040981769561768,717
swerve_right,False,False,False,True,True,False,False,False,True,swerve_right,0.0011333085134528642,4.099050760269165,717
swerve_right,False,True,False,True,True,False,False,False,True,change_to_left,0.9288975150788341,4.052301406860352,718
swerve_right,False,True,False,True,True,False,False,False,True,change_to_right,0.9126352083447049,4.071066617965698,718
swerve_right,False,True,False,True,True,False,False,False,True,cruise,0.4542114162808398,4.056496620178223,718
swerve_right,False,True,False,True,True,False,False,False,True,keep,0.0011832809557515399,4.120457649230957,718
swerve_right,False,True,False,True,True,False,False,False,True,swerve_left,0.0010354414040418503,4.097644567489624,718
swerve_right,False,True,False,True,True,False,False,False,True,swerve_right,0.0011299889374610937,4.073427200317383,718
swerve_right,False,False,True,True,True,False,False,False,True,change_to_left,0.9164786229455072,4.069446325302124,719
swerve_right,False,False,True,True,True,False,False,False,True,change_to_right,0.9185735445707522,4.096651554107666,719
swerve_right,False,False,True,True,True,False,False,False,True,cruise,0.49421159871732917,4.068613290786743,719
swerve_right,False,False,True,True,True,False,False,False,True,keep,0.001160822739621609,4.055758476257324,719
swerve_right,False,False,True,True,True,False,False,False,True,swerve_left,0.0010403071243090605,4.0489842891693115,719
swerve_right,False,False,True,True,True,False,False,False,True,swerve_right,0.001133841489075435,4.065189838409424,719
swerve_right,False,True,True,True,True,False,False,False,True,change_to_left,0.9991058607847986,3.349578619003296,720
swerve_right,False,True,True,True,True,False,False,False,True,change_to_right,0.8808285552999658,3.4045393466949463,720
swerve_right,False,True,True,True,True,False,False,False,True,cruise,0.2241649441375304,3.379255771636963,720
swerve_right,False,True,True,True,True,False,False,False,True,keep,0.0010011086170897254,3.4210703372955322,720
swerve_right,False,True,True,True,True,False,False,False,True,swerve_left,0.001005661073932222,3.343540906906128,720
swerve_right,False,True,True,True,True,False,False,False,True,swerve_right,0.0011312987395277808,3.3745696544647217,720
swerve_right,False,False,False,False,False,True,False,False,True,change_to_left,0.8851533608607496,4.0213751792907715,721
swerve_right,False,False,False,False,False,True,False,False,True,change_to_right,0.8884032162400227,4.1569318771362305,721
swerve_right,False,False,False,False,False,True,False,False,True,cruise,0.2753914703090252,4.111180305480957,721
swerve_right,False,False,False,False,False,True,False,False,True,keep,0.7836895474034627,4.092130899429321,721
swerve_right,False,False,False,False,False,True,False,False,True,swerve_left,0.0010089241528171982,4.064075231552124,721
swerve_right,False,False,False,False,False,True,False,False,True,swerve_right,0.0011344791609164638,4.094801187515259,721
swerve_right,False,True,False,False,False,True,False,False,True,change_to_left,0.8848398093681613,4.0819642543792725,722
swerve_right,False,True,False,False,False,True,False,False,True,change_to_right,0.8899472842805304,4.0754711627960205,722
swerve_right,False,True,False,False,False,True,False,False,True,cruise,0.29460539679786435,4.060628175735474,722
swerve_right,False,True,False,False,False,True,False,False,True,keep,0.7475061789746261,4.074418067932129,722
swerve_right,False,True,False,False,False,True,False,False,True,swerve_left,0.0010085783004543133,4.036027908325195,722
swerve_right,False,True,False,False,False,True,False,False,True,swerve_right,0.0011277261713342614,4.067897319793701,722
swerve_right,False,False,True,False,False,True,False,False,True,change_to_left,0.8846269347333572,4.068953275680542,723
swerve_right,False,False,True,False,False,True,False,False,True,change_to_right,0.8904775580028778,4.113974332809448,723
swerve_right,False,False,True,False,False,True,False,False,True,cruise,0.29921129708430755,4.091396331787109,723
swerve_right,False,False,True,False,False,True,False,False,True,keep,0.738998346076018,4.167921781539917,723
swerve_right,False,False,True,False,False,True,False,False,True,swerve_left,0.0010091100422414546,4.103542327880859,723
swerve_right,False,False,True,False,False,True,False,False,True,swerve_right,0.001128599432007683,4.076945543289185,723
swerve_right,False,True,True,False,False,True,False,False,True,change_to_left,0.8850597653707194,4.179669141769409,724
swerve_right,False,True,True,False,False,True,False,False,True,change_to_right,0.8890122410656626,4.108438730239868,724
swerve_right,False,True,True,False,False,True,False,False,True,cruise,0.2749294158403391,4.092982530593872,724
swerve_right,False,True,True,False,False,True,False,False,True,keep,0.7837895777355623,4.079006195068359,724
swerve_right,False,True,True,False,False,True,False,False,True,swerve_left,0.0010066168401609704,4.117366313934326,724
swerve_right,False,True,True,False,False,True,False,False,True,swerve_right,0.0011300232112208702,4.14811635017395,724
swerve_right,False,False,False,True,False,True,False,False,True,change_to_left,0.9013671401687245,4.047231435775757,725
swerve_right,False,False,False,True,False,True,False,False,True,change_to_right,0.9042347469073242,4.044893741607666,725
swerve_right,False,False,False,True,False,True,False,False,True,cruise,0.6783624729458768,4.0437257289886475,725
swerve_right,False,False,False,True,False,True,False,False,True,keep,0.0015865996691416765,4.0842978954315186,725
swerve_right,False,False,False,True,False,True,False,False,True,swerve_left,0.0022082800219594937,4.157262086868286,725
swerve_right,False,False,False,True,False,True,False,False,True,swerve_right,0.0011327558226061447,4.0948686599731445,725
swerve_right,False,True,False,True,False,True,False,False,True,change_to_left,0.9091038523459591,4.136954307556152,726
swerve_right,False,True,False,True,False,True,False,False,True,change_to_right,0.9030160327824998,4.085526704788208,726
swerve_right,False,True,False,True,False,True,False,False,True,cruise,0.6401173560764768,4.109809398651123,726
swerve_right,False,True,False,True,False,True,False,False,True,keep,0.001622413451302396,4.100881576538086,726
swerve_right,False,True,False,True,False,True,False,False,True,swerve_left,0.0020614000774945743,4.075076103210449,726
swerve_right,False,True,False,True,False,True,False,False,True,swerve_right,0.0011314504785680348,4.06425666809082,726
swerve_right,False,False,True,True,False,True,False,False,True,change_to_left,0.9004304526252911,4.108083486557007,727
swerve_right,False,False,True,True,False,True,False,False,True,change_to_right,0.9098898195307543,4.084233283996582,727
swerve_right,False,False,True,True,False,True,False,False,True,cruise,0.6485815586958029,4.1132824420928955,727
swerve_right,False,False,True,True,False,True,False,False,True,keep,0.0015702413333445538,4.0671327114105225,727
swerve_right,False,False,True,True,False,True,False,False,True,swerve_left,0.002093161470253734,4.0763537883758545,727
swerve_right,False,False,True,True,False,True,False,False,True,swerve_right,0.0011332581140866948,4.05202579498291,727
swerve_right,False,True,True,True,False,True,False,False,True,change_to_left,0.9984303329575992,3.3952033519744873,728
swerve_right,False,True,True,True,False,True,False,False,True,change_to_right,0.8811223183307119,3.371126413345337,728
swerve_right,False,True,True,True,False,True,False,False,True,cruise,0.2285169956260235,3.3808887004852295,728
swerve_right,False,True,True,True,False,True,False,False,True,keep,0.0010086934701808838,3.4051902294158936,728
swerve_right,False,True,True,True,False,True,False,False,True,swerve_left,0.00102378525413069,3.392185688018799,728
swerve_right,False,True,True,True,False,True,False,False,True,swerve_right,0.0011302502441471844,3.422367811203003,728
swerve_right,False,False,False,False,True,True,False,False,True,change_to_left,0.891817166007525,4.043708801269531,729
swerve_right,False,False,False,False,True,True,False,False,True,change_to_right,0.8951539728223402,4.123674154281616,729
swerve_right,False,False,False,False,True,True,False,False,True,cruise,0.3190688137625989,4.05589485168457,729
swerve_right,False,False,False,False,True,True,False,False,True,keep,0.6150185353370632,4.087776184082031,729
swerve_right,False,False,False,False,True,True,False,False,True,swerve_left,0.0011043487233157682,4.092043876647949,729
swerve_right,False,False,False,False,True,True,False,False,True,swerve_right,0.0011333974045079148,4.076603889465332,729
swerve_right,False,True,False,False,True,True,False,False,True,change_to_left,0.8910126054613349,4.068241119384766,730
swerve_right,False,True,False,False,True,True,False,False,True,change_to_right,0.8951881792095876,4.065928936004639,730
swerve_right,False,True,False,False,True,True,False,False,True,cruise,0.36891840129186015,4.114458322525024,730
swerve_right,False,True,False,False,True,True,False,False,True,keep,0.5572676684211664,4.107231140136719,730
swerve_right,False,True,False,False,True,True,False,False,True,swerve_left,0.001107998885717692,4.074697971343994,730
swerve_right,False,True,False,False,True,True,False,False,True,swerve_right,0.001129750369981867,4.085250377655029,730
swerve_right,False,False,True,False,True,True,False,False,True,change_to_left,0.8921004995994549,4.146245241165161,731
swerve_right,False,False,True,False,True,True,False,False,True,change_to_right,0.8947885777466796,4.116097450256348,731
swerve_right,False,False,True,False,True,True,False,False,True,cruise,0.31790969657966395,4.088338851928711,731
swerve_right,False,False,True,False,True,True,False,False,True,keep,0.6165956543158718,4.080522775650024,731
swerve_right,False,False,True,False,True,True,False,False,True,swerve_left,0.001104246037443765,4.101025581359863,731
swerve_right,False,False,True,False,True,True,False,False,True,swerve_right,0.0011333219145348056,4.068529367446899,731
swerve_right,False,True,True,False,True,True,False,False,True,change_to_left,0.8923401170809946,4.134660243988037,732
swerve_right,False,True,True,False,True,True,False,False,True,change_to_right,0.8961199920646358,4.0881054401397705,732
swerve_right,False,True,True,False,True,True,False,False,True,cruise,0.31794098369742785,4.130945920944214,732
swerve_right,False,True,True,False,True,True,False,False,True,keep,0.6154281743636242,4.173247814178467,732
swerve_right,False,True,True,False,True,True,False,False,True,swerve_left,0.001118238305328421,4.143392562866211,732
swerve_right,False,True,True,False,True,True,False,False,True,swerve_right,0.0011316185549427537,4.1590235233306885,732
swerve_right,False,False,False,True,True,True,False,False,True,change_to_left,0.8936492636165124,4.059984445571899,733
swerve_right,False,False,False,True,True,True,False,False,True,change_to_right,0.8963008808116458,4.081321477890015,733
swerve_right,False,False,False,True,True,True,False,False,True,cruise,0.7730546764737581,4.059834003448486,733
swerve_right,False,False,False,True,True,True,False,False,True,keep,0.0075668780850872775,4.0631325244903564,733
swerve_right,False,False,False,True,True,True,False,False,True,swerve_left,0.0036565683146477365,4.053927183151245,733
swerve_right,False,False,False,True,True,True,False,False,True,swerve_right,0.0011310771565040203,4.058706283569336,733
swerve_right,False,True,False,True,True,True,False,False,True,change_to_left,0.9068868250461156,4.0963358879089355,734
swerve_right,False,True,False,True,True,True,False,False,True,change_to_right,0.8949767681090033,4.0700623989105225,734
swerve_right,False,True,False,True,True,True,False,False,True,cruise,0.7014863521982849,4.108117341995239,734
swerve_right,False,True,False,True,True,True,False,False,True,keep,0.006698652433153666,4.062839031219482,734
swerve_right,False,True,False,True,True,True,False,False,True,swerve_left,0.003395385801692286,4.137110471725464,734
swerve_right,False,True,False,True,True,True,False,False,True,swerve_right,0.0011330297052858022,4.073034763336182,734
swerve_right,False,False,True,True,True,True,False,False,True,change_to_left,0.8944398910323593,4.137809991836548,735
swerve_right,False,False,True,True,True,True,False,False,True,change_to_right,0.8969070224837478,4.113602876663208,735
swerve_right,False,False,True,True,True,True,False,False,True,cruise,0.7657727314522319,4.118382453918457,735
swerve_right,False,False,True,True,True,True,False,False,True,keep,0.007378982121785342,4.075869083404541,735
swerve_right,False,False,True,True,True,True,False,False,True,swerve_left,0.003783134354092856,4.100116968154907,735
swerve_right,False,False,True,True,True,True,False,False,True,swerve_right,0.0011318191903061895,4.0657734870910645,735
swerve_right,False,True,True,True,True,True,False,False,True,change_to_left,0.9974542490712567,3.3621668815612793,736
swerve_right,False,True,True,True,True,True,False,False,True,change_to_right,0.8804751934648287,3.423443078994751,736
swerve_right,False,True,True,True,True,True,False,False,True,cruise,0.23438078277653143,3.398940086364746,736
swerve_right,False,True,True,True,True,True,False,False,True,keep,0.0011561174707692048,3.3793692588806152,736
swerve_right,False,True,True,True,True,True,False,False,True,swerve_left,0.0010686480769940673,3.4018986225128174,736
swerve_right,False,True,True,True,True,True,False,False,True,swerve_right,0.0011351602930556252,3.41725492477417,736
swerve_right,False,False,False,False,False,False,True,False,True,change_to_left,0.8912131441315229,4.019845247268677,737
swerve_right,False,False,False,False,False,False,True,False,True,change_to_right,0.893363916864352,4.150257587432861,737
swerve_right,False,False,False,False,False,False,True,False,True,cruise,0.3114979412952257,4.100418329238892,737
swerve_right,False,False,False,False,False,False,True,False,True,keep,0.6438501573271319,4.04429030418396,737
swerve_right,False,False,False,False,False,False,True,False,True,swerve_left,0.0010026770651518073,4.085789442062378,737
swerve_right,False,False,False,False,False,False,True,False,True,swerve_right,0.0011120691651056117,4.06203293800354,737
swerve_right,False,True,False,False,False,False,True,False,True,change_to_left,0.9174638816167143,4.133913516998291,738
swerve_right,False,True,False,False,False,False,True,False,True,change_to_right,0.9190446463010362,4.142981052398682,738
swerve_right,False,True,False,False,False,False,True,False,True,cruise,0.4771211294425806,4.128169059753418,738
swerve_right,False,True,False,False,False,False,True,False,True,keep,0.01085157072674188,4.1735546588897705,738
swerve_right,False,True,False,False,False,False,True,False,True,swerve_left,0.001032815799487709,4.0657432079315186,738
swerve_right,False,True,False,False,False,False,True,False,True,swerve_right,0.0011314203293012236,4.092622995376587,738
swerve_right,False,False,True,False,False,False,True,False,True,change_to_left,0.9171021749691202,4.133667230606079,739
swerve_right,False,False,True,False,False,False,True,False,True,change_to_right,0.9194328279701706,4.1441733837127686,739
swerve_right,False,False,True,False,False,False,True,False,True,cruise,0.47681658005420513,4.1421473026275635,739
swerve_right,False,False,True,False,False,False,True,False,True,keep,0.009443749526444813,4.1624109745025635,739
swerve_right,False,False,True,False,False,False,True,False,True,swerve_left,0.001027888646121186,4.186509847640991,739
swerve_right,False,False,True,False,False,False,True,False,True,swerve_right,0.001134137111652116,4.173282146453857,739
swerve_right,False,True,True,False,False,False,True,False,True,change_to_left,0.9168476753764783,4.159434080123901,740
swerve_right,False,True,True,False,False,False,True,False,True,change_to_right,0.9198715011226455,4.17453670501709,740
swerve_right,False,True,True,False,False,False,True,False,True,cruise,0.4780568363706002,4.130458831787109,740
swerve_right,False,True,True,False,False,False,True,False,True,keep,0.010859071741618254,4.183922052383423,740
swerve_right,False,True,True,False,False,False,True,False,True,swerve_left,0.0010327326472834113,4.137228488922119,740
swerve_right,False,True,True,False,False,False,True,False,True,swerve_right,0.001132462771244337,4.13054895401001,740
swerve_right,False,False,False,True,False,False,True,False,True,change_to_left,0.9322946836241126,4.053720712661743,741
swerve_right,False,False,False,True,False,False,True,False,True,change_to_right,0.9344227267751574,4.059658527374268,741
swerve_right,False,False,False,True,False,False,True,False,True,cruise,0.29304365245039604,4.0931196212768555,741
swerve_right,False,False,False,True,False,False,True,False,True,keep,0.0010749378927778252,4.063438177108765,741
swerve_right,False,False,False,True,False,False,True,False,True,swerve_left,0.0010795927470622134,4.098012924194336,741
swerve_right,False,False,False,True,False,False,True,False,True,swerve_right,0.001131144600159252,4.137762784957886,741
swerve_right,False,True,False,True,False,False,True,False,True,change_to_left,0.9324744178980388,4.102413177490234,742
swerve_right,False,True,False,True,False,False,True,False,True,change_to_right,0.9342636034254814,4.163654088973999,742
swerve_right,False,True,False,True,False,False,True,False,True,cruise,0.2906512974614545,4.210311651229858,742
swerve_right,False,True,False,True,False,False,True,False,True,keep,0.0010495180878644355,4.108684778213501,742
swerve_right,False,True,False,True,False,False,True,False,True,swerve_left,0.0011562373374088858,4.0844361782073975,742
swerve_right,False,True,False,True,False,False,True,False,True,swerve_right,0.0011282496935827375,4.076540231704712,742
swerve_right,False,False,True,True,False,False,True,False,True,change_to_left,0.933017979389447,4.066482782363892,743
swerve_right,False,False,True,True,False,False,True,False,True,change_to_right,0.9348170145576001,4.154288291931152,743
swerve_right,False,False,True,True,False,False,True,False,True,cruise,0.2852670848547717,4.138760805130005,743
swerve_right,False,False,True,True,False,False,True,False,True,keep,0.0010244142855099618,4.089009761810303,743
swerve_right,False,False,True,True,False,False,True,False,True,swerve_left,0.0011575132281496554,4.110095262527466,743
swerve_right,False,False,True,True,False,False,True,False,True,swerve_right,0.0011344399212153862,4.1339499950408936,743
swerve_right,False,True,True,True,False,False,True,False,True,change_to_left,0.9308384586670257,4.249028444290161,744
swerve_right,False,True,True,True,False,False,True,False,True,change_to_right,0.9323563930997394,4.193467378616333,744
swerve_right,False,True,True,True,False,False,True,False,True,cruise,0.3183563501341869,4.242352724075317,744
swerve_right,False,True,True,True,False,False,True,False,True,keep,0.0010962353286795212,4.164811849594116,744
swerve_right,False,True,True,True,False,False,True,False,True,swerve_left,0.0010275078598475764,4.140262126922607,744
swerve_right,False,True,True,True,False,False,True,False,True,swerve_right,0.0011322550997450434,4.197469234466553,744
swerve_right,False,False,False,False,True,False,True,False,True,change_to_left,0.9169579852277945,4.0539233684539795,745
swerve_right,False,False,False,False,True,False,True,False,True,change_to_right,0.9196785027682834,4.09762167930603,745
swerve_right,False,False,False,False,True,False,True,False,True,cruise,0.4811449613801938,4.082841396331787,745
swerve_right,False,False,False,False,True,False,True,False,True,keep,0.0035843842588544183,4.099825620651245,745
swerve_right,False,False,False,False,True,False,True,False,True,swerve_left,0.001161863923096014,4.079935550689697,745
swerve_right,False,False,False,False,True,False,True,False,True,swerve_right,0.0011306692087920814,4.048299312591553,745
swerve_right,False,True,False,False,True,False,True,False,True,change_to_left,0.9171752305302577,4.113915205001831,746
swerve_right,False,True,False,False,True,False,True,False,True,change_to_right,0.9190800813524386,4.155503988265991,746
swerve_right,False,True,False,False,True,False,True,False,True,cruise,0.47786464542595597,4.169266223907471,746
swerve_right,False,True,False,False,True,False,True,False,True,keep,0.006838138593384373,4.193447828292847,746
swerve_right,False,True,False,False,True,False,True,False,True,swerve_left,0.0011512212368845046,4.144326448440552,746
swerve_right,False,True,False,False,True,False,True,False,True,swerve_right,0.0011329170546366387,4.099970817565918,746
swerve_right,False,False,True,False,True,False,True,False,True,change_to_left,0.9182002403090848,4.118022680282593,747
swerve_right,False,False,True,False,True,False,True,False,True,change_to_right,0.9186185394713412,4.101999044418335,747
swerve_right,False,False,True,False,True,False,True,False,True,cruise,0.4744275032468484,4.141323089599609,747
swerve_right,False,False,True,False,True,False,True,False,True,keep,0.00904573731513911,4.118646144866943,747
swerve_right,False,False,True,False,True,False,True,False,True,swerve_left,0.001177934255709619,4.118999719619751,747
swerve_right,False,False,True,False,True,False,True,False,True,swerve_right,0.0011332454182478343,4.146756410598755,747
swerve_right,False,True,True,False,True,False,True,False,True,change_to_left,0.9172371868569891,4.146989345550537,748
swerve_right,False,True,True,False,True,False,True,False,True,change_to_right,0.921630363452554,4.126735687255859,748
swerve_right,False,True,True,False,True,False,True,False,True,cruise,0.47632055103761745,4.1115193367004395,748
swerve_right,False,True,True,False,True,False,True,False,True,keep,0.008795960654091554,4.1754186153411865,748
swerve_right,False,True,True,False,True,False,True,False,True,swerve_left,0.0011658864794422854,4.164262533187866,748
swerve_right,False,True,True,False,True,False,True,False,True,swerve_right,0.001131471669604148,4.204660415649414,748
swerve_right,False,False,False,True,True,False,True,False,True,change_to_left,0.9451364964402938,3.3920140266418457,749
swerve_right,False,False,False,True,True,False,True,False,True,change_to_right,0.9325831752909829,3.3346192836761475,749
swerve_right,False,False,False,True,True,False,True,False,True,cruise,0.22515992902609214,3.379883050918579,749
swerve_right,False,False,False,True,True,False,True,False,True,keep,0.0010192038195757308,3.3412625789642334,749
swerve_right,False,False,False,True,True,False,True,False,True,swerve_left,0.0010079913430578247,3.382161855697632,749
swerve_right,False,False,False,True,True,False,True,False,True,swerve_right,0.0011117446870577432,3.350412368774414,749
swerve_right,False,True,False,True,True,False,True,False,True,change_to_left,0.9580902651613736,3.047924518585205,750
swerve_right,False,True,False,True,True,False,True,False,True,change_to_right,0.9199675113309544,3.092653274536133,750
swerve_right,False,True,False,True,True,False,True,False,True,cruise,0.22624097602424695,3.093648910522461,750
swerve_right,False,True,False,True,True,False,True,False,True,keep,0.0010141280922246415,3.11598539352417,750
swerve_right,False,True,False,True,True,False,True,False,True,swerve_left,0.0010054428968595559,3.075315475463867,750
swerve_right,False,True,False,True,True,False,True,False,True,swerve_right,0.0011176593611846226,3.0695369243621826,750
swerve_right,False,False,True,True,True,False,True,False,True,change_to_left,0.9180632152830608,4.173776626586914,751
swerve_right,False,False,True,True,True,False,True,False,True,change_to_right,0.9198527548289069,4.157062768936157,751
swerve_right,False,False,True,True,True,False,True,False,True,cruise,0.4767471742602698,4.220283508300781,751
swerve_right,False,False,True,True,True,False,True,False,True,keep,0.0012044481286476215,4.169163227081299,751
swerve_right,False,False,True,True,True,False,True,False,True,swerve_left,0.0010422629282777355,4.180563688278198,751
swerve_right,False,False,True,True,True,False,True,False,True,swerve_right,0.001132387807334998,4.123342275619507,751
swerve_right,False,True,True,True,True,False,True,False,True,change_to_left,0.9271386238640572,4.149071216583252,752
swerve_right,False,True,True,True,True,False,True,False,True,change_to_right,0.9122752430107868,4.116773366928101,752
swerve_right,False,True,True,True,True,False,True,False,True,cruise,0.4449146427364516,4.184298276901245,752
swerve_right,False,True,True,True,True,False,True,False,True,keep,0.034736807479482705,4.114109039306641,752
swerve_right,False,True,True,True,True,False,True,False,True,swerve_left,0.0013929382430479676,4.160617351531982,752
swerve_right,False,True,True,True,True,False,True,False,True,swerve_right,0.0011318419034952243,4.162160634994507,752
swerve_right,False,False,False,False,False,True,True,False,True,change_to_left,0.8974977479787841,4.057772874832153,753
swerve_right,False,False,False,False,False,True,True,False,True,change_to_right,0.8980929271399747,4.100785255432129,753
swerve_right,False,False,False,False,False,True,True,False,True,cruise,0.3027277463246885,4.049384832382202,753
swerve_right,False,False,False,False,False,True,True,False,True,keep,0.565550818189032,4.038254261016846,753
swerve_right,False,False,False,False,False,True,True,False,True,swerve_left,0.001457636324566323,4.050414323806763,753
swerve_right,False,False,False,False,False,True,True,False,True,swerve_right,0.0010311826141241763,4.111430883407593,753
swerve_right,False,True,False,False,False,True,True,False,True,change_to_left,0.8970156619818449,4.062418222427368,754
swerve_right,False,True,False,False,False,True,True,False,True,change_to_right,0.9030774649901917,4.0557029247283936,754
swerve_right,False,True,False,False,False,True,True,False,True,cruise,0.39390050940489796,4.028131723403931,754
swerve_right,False,True,False,False,False,True,True,False,True,keep,0.4077947959887543,4.044027328491211,754
swerve_right,False,True,False,False,False,True,True,False,True,swerve_left,0.0010271171329556171,4.032342433929443,754
swerve_right,False,True,False,False,False,True,True,False,True,swerve_right,0.0010022904621447993,4.053424835205078,754
swerve_right,False,False,True,False,False,True,True,False,True,change_to_left,0.8854195910724807,4.159560203552246,755
swerve_right,False,False,True,False,False,True,True,False,True,change_to_right,0.8890746057902509,4.081296920776367,755
swerve_right,False,False,True,False,False,True,True,False,True,cruise,0.3107923666082792,4.224440574645996,755
swerve_right,False,False,True,False,False,True,True,False,True,keep,0.726241940758863,4.134357929229736,755
swerve_right,False,False,True,False,False,True,True,False,True,swerve_left,0.001011391186179692,4.184633731842041,755
swerve_right,False,False,True,False,False,True,True,False,True,swerve_right,0.0011465898777759257,4.240213632583618,755
swerve_right,False,True,True,False,False,True,True,False,True,change_to_left,0.8849234789139507,4.229395627975464,756
swerve_right,False,True,True,False,False,True,True,False,True,change_to_right,0.9017619470185585,4.127918481826782,756
swerve_right,False,True,True,False,False,True,True,False,True,cruise,0.29413320928109526,4.2192909717559814,756
swerve_right,False,True,True,False,False,True,True,False,True,keep,0.7463689386065926,4.199667930603027,756
swerve_right,False,True,True,False,False,True,True,False,True,swerve_left,0.0010059772811535867,4.192813158035278,756
swerve_right,False,True,True,False,False,True,True,False,True,swerve_right,0.001131069245817972,4.192245244979858,756
swerve_right,False,False,False,True,False,True,True,False,True,change_to_left,0.9036929234256365,4.057115077972412,757
swerve_right,False,False,False,True,False,True,True,False,True,change_to_right,0.9146563097023228,4.054841041564941,757
swerve_right,False,False,False,True,False,True,True,False,True,cruise,0.5972506000426981,4.082310914993286,757
swerve_right,False,False,False,True,False,True,True,False,True,keep,0.00149248950731667,4.093147277832031,757
swerve_right,False,False,False,True,False,True,True,False,True,swerve_left,0.00197953287571403,4.103823900222778,757
swerve_right,False,False,False,True,False,True,True,False,True,swerve_right,0.0011300927544425998,4.058159351348877,757
swerve_right,False,True,False,True,False,True,True,False,True,change_to_left,0.9047544395794457,4.156288146972656,758
swerve_right,False,True,False,True,False,True,True,False,True,change_to_right,0.9075774647290887,4.153510093688965,758
swerve_right,False,True,False,True,False,True,True,False,True,cruise,0.6374310691144666,4.156055212020874,758
swerve_right,False,True,False,True,False,True,True,False,True,keep,0.001427597165351599,4.154957294464111,758
swerve_right,False,True,False,True,False,True,True,False,True,swerve_left,0.0020957935071499885,4.104723930358887,758
swerve_right,False,True,False,True,False,True,True,False,True,swerve_right,0.001132827696571193,4.080308198928833,758
swerve_right,False,False,True,True,False,True,True,False,True,change_to_left,0.9101870005093108,4.111087322235107,759
swerve_right,False,False,True,True,False,True,True,False,True,change_to_right,0.9130443707538594,4.12554407119751,759
swerve_right,False,False,True,True,False,True,True,False,True,cruise,0.5705207487062514,4.147878170013428,759
swerve_right,False,False,True,True,False,True,True,False,True,keep,0.001816222047401377,4.212761640548706,759
swerve_right,False,False,True,True,False,True,True,False,True,swerve_left,0.0020097972841982476,4.145002603530884,759
swerve_right,False,False,True,True,False,True,True,False,True,swerve_right,0.0011465526528252753,4.1367878913879395,759
swerve_right,False,True,True,True,False,True,True,False,True,change_to_left,0.9114960540954854,4.211866617202759,760
swerve_right,False,True,True,True,False,True,True,False,True,change_to_right,0.9719839600065595,4.127716779708862,760
swerve_right,False,True,True,True,False,True,True,False,True,cruise,0.6132925364753851,4.19866681098938,760
swerve_right,False,True,True,True,False,True,True,False,True,keep,0.0013964125522086313,4.144274950027466,760
swerve_right,False,True,True,True,False,True,True,False,True,swerve_left,0.0018908153764249514,4.172926664352417,760
swerve_right,False,True,True,True,False,True,True,False,True,swerve_right,0.0011336467304461685,4.20367431640625,760
swerve_right,False,False,False,False,True,True,True,False,True,change_to_left,0.8938429703996993,4.071357250213623,761
swerve_right,False,False,False,False,True,True,True,False,True,change_to_right,0.8979546569301431,4.0759429931640625,761
swerve_right,False,False,False,False,True,True,True,False,True,cruise,0.37000189895162466,4.079835653305054,761
swerve_right,False,False,False,False,True,True,True,False,True,keep,0.5083816666236294,4.054569721221924,761
swerve_right,False,False,False,False,True,True,True,False,True,swerve_left,0.0010836342548400048,4.080411195755005,761
swerve_right,False,False,False,False,True,True,True,False,True,swerve_right,0.0011289244190923582,4.0597991943359375,761
swerve_right,False,True,False,False,True,True,True,False,True,change_to_left,0.9028788878517786,4.111541509628296,762
swerve_right,False,True,False,False,True,True,True,False,True,change_to_right,0.9059023132313667,4.113284349441528,762
swerve_right,False,True,False,False,True,True,True,False,True,cruise,0.38576849218378007,4.179666757583618,762
swerve_right,False,True,False,False,True,True,True,False,True,keep,0.3539731424195977,4.164305210113525,762
swerve_right,False,True,False,False,True,True,True,False,True,swerve_left,0.0010638815978339339,4.11729621887207,762
swerve_right,False,True,False,False,True,True,True,False,True,swerve_right,0.0011296577777926708,4.161391019821167,762
swerve_right,False,False,True,False,True,True,True,False,True,change_to_left,0.8924645592576478,4.152048110961914,763
swerve_right,False,False,True,False,True,True,True,False,True,change_to_right,0.8947890635742858,4.094875335693359,763
swerve_right,False,False,True,False,True,True,True,False,True,cruise,0.36235038576160844,4.156403303146362,763
swerve_right,False,False,True,False,True,True,True,False,True,keep,0.5558800067125622,4.149734020233154,763
swerve_right,False,False,True,False,True,True,True,False,True,swerve_left,0.0011112175858300532,4.125194549560547,763
swerve_right,False,False,True,False,True,True,True,False,True,swerve_right,0.001134860642817979,4.111098766326904,763
swerve_right,False,True,True,False,True,True,True,False,True,change_to_left,0.8911176691979428,4.1273956298828125,764
swerve_right,False,True,True,False,True,True,True,False,True,change_to_right,0.8994683859930852,4.108102321624756,764
swerve_right,False,True,True,False,True,True,True,False,True,cruise,0.3684962786612462,4.183339834213257,764
swerve_right,False,True,True,False,True,True,True,False,True,keep,0.5558200775081201,4.120584487915039,764
swerve_right,False,True,True,False,True,True,True,False,True,swerve_left,0.0010944155231584123,4.168517112731934,764
swerve_right,False,True,True,False,True,True,True,False,True,swerve_right,0.0011321284733904848,4.248777389526367,764
swerve_right,False,False,False,True,True,True,True,False,True,change_to_left,0.8961768405416917,4.096228122711182,765
swerve_right,False,False,False,True,True,True,True,False,True,change_to_right,0.8992589832947503,4.101386308670044,765
swerve_right,False,False,False,True,True,True,True,False,True,cruise,0.7393824708662876,4.117784261703491,765
swerve_right,False,False,False,True,True,True,True,False,True,keep,0.007807301588406548,4.074751853942871,765
swerve_right,False,False,False,True,True,True,True,False,True,swerve_left,0.0037664188025755304,4.124955177307129,765
swerve_right,False,False,False,True,True,True,True,False,True,swerve_right,0.0011324992130844593,4.05332350730896,765
swerve_right,False,True,False,True,True,True,True,False,True,change_to_left,0.8982855302607053,4.1154625415802,766
swerve_right,False,True,False,True,True,True,True,False,True,change_to_right,0.9022293869940241,4.187241792678833,766
swerve_right,False,True,False,True,True,True,True,False,True,cruise,0.7091312112300869,4.093168258666992,766
swerve_right,False,True,False,True,True,True,True,False,True,keep,0.005255191394882665,4.112064361572266,766
swerve_right,False,True,False,True,True,True,True,False,True,swerve_left,0.004096233647618827,4.100491046905518,766
swerve_right,False,True,False,True,True,True,True,False,True,swerve_right,0.001131164405552433,4.14052677154541,766
swerve_right,False,False,True,True,True,True,True,False,True,change_to_left,0.895923058229239,4.220438718795776,767
swerve_right,False,False,True,True,True,True,True,False,True,change_to_right,0.8986364091835791,4.175475835800171,767
swerve_right,False,False,True,True,True,True,True,False,True,cruise,0.7452262637728507,4.157576322555542,767
swerve_right,False,False,True,True,True,True,True,False,True,keep,0.008118825814220298,4.172923803329468,767
swerve_right,False,False,True,True,True,True,True,False,True,swerve_left,0.004149253791478324,4.11992073059082,767
swerve_right,False,False,True,True,True,True,True,False,True,swerve_right,0.0011342940152508285,4.135806560516357,767
swerve_right,False,True,True,True,True,True,True,False,True,change_to_left,0.9154191818895732,4.274474143981934,768
swerve_right,False,True,True,True,True,True,True,False,True,change_to_right,0.9092460787692509,4.158127069473267,768
swerve_right,False,True,True,True,True,True,True,False,True,cruise,0.6252758247524436,4.160824775695801,768
swerve_right,False,True,True,True,True,True,True,False,True,keep,0.005338752722488159,4.218383312225342,768
swerve_right,False,True,True,True,True,True,True,False,True,swerve_left,0.0016417675227577073,4.1412787437438965,768
swerve_right,False,True,True,True,True,True,True,False,True,swerve_right,0.00150078049513606,4.283982753753662,768
